"","ABIE AMA","ABIE BAL","ABIE LAS","ACER MAC","ALNU INC","ALNU RUB","AMEL ALN","BETU OCC","BETU PAP","BETU PAP NEO","BETU PAP PAP","CHAM NOO","CORN STO","JUNI SCO","LARI LYA","LARI OCC","PICE ENG","PICE ENG GLA","PICE GLA","PICE MAR","PICE SIT","PINU ALB","PINU BAN","PINU CON","PINU CON CON","PINU CON LAT","PINU PON","POPU BAL","POPU TRE","PRUN VIR","PSEU MEN","PSEU MEN GLA","PSEU MEN MEN","QUER MAC","SALI SCO","TAXU BRE","THUJ PLI","TSUG HET","TSUG MER"
"1",0,0,0,0,0,0,0,0,0,0,0,0,0,0,0,0,0,0,0,542.99093,0,0,0,0,0,0,0,0,0,0,0,0,0,0,0,0,0,0,0
"2",0,0,0,0,0,0,0,0,0,0,0,0,0,0,0,0,0,0,0,487.516,0,0,0,0,0,0,0,0,0,0,0,0,0,0,0,0,0,0,0
"3",0,0,0,0,0,0,0,0,0,0,0,0,0,0,0,0,0,0,18.955968,123.213792,0,0,0,0,0,0,0,0,15.79664,0,0,0,0,0,0,0,0,0,0
"4",0,0,0,0,0,0,0,0,0,0,0,0,0,0,0,0,0,0,0,0,0,0,0,0,0,0,0,19.21451,0,0,0,0,0,0,0,0,0,0,0
"5",0,0,0,0,0,0,0,0,43.38763,0,0,0,0,0,0,0,0,0,0,69.54081,0,0,0,0,0,0,0,0,0,0,0,0,0,0,0,0,0,0,0
"6",0,0,0,0,0,0,0,0,0,0,0,0,0,0,0,0,0,0,506.150366,924.59049,0,0,0,0,0,0,0,0,0,0,0,0,0,0,0,0,0,0,0
"7",0,0,0,0,0,0,0,0,0,0,0,0,0,0,0,0,0,0,123.4134,1277.87515,0,0,0,0,0,0,0,22.80465,0,0,0,0,0,0,0,0,0,0,0
"8",0,0,0,0,0,0,0,0,0,0,0,0,0,0,0,0,0,0,0,0,0,0,197.5792,0,0,0,0,0,0,0,0,0,0,0,0,0,0,0,0
"9",0,0,0,0,0,0,0,0,0,0,0,0,0,0,0,0,0,0,0,95.949,0,0,0,0,0,0,0,0,0,0,0,0,0,0,0,0,0,0,0
"10",0,0,0,0,0,0,0,0,0,0,0,0,0,0,0,0,0,0,0,1170.969,0,0,0,0,0,0,0,0,0,0,0,0,0,0,0,0,0,0,0
"11",0,0,0,0,0,0,0,0,0,0,0,0,0,0,0,0,0,0,0,63.223145,0,0,0,0,0,0,0,1.955355,0,0,0,0,0,0,0,0,0,0,0
"12",0,0,0,0,0,0,0,0,0,0,0,0,0,0,0,0,0,0,0,0,0,0,0,0,0,0,0,0,112.483006,0,0,0,0,0,0,0,0,0,0
"13",0,0,0,0,0,0,0,0,0,0,0,0,0,0,0,0,0,0,660.75136,0,0,0,0,0,0,0,0,21.21944,0,0,0,0,0,0,0,0,0,0,0
"14",0,0,0,0,0,0,0,0,0,0,0,0,0,0,0,0,0,0,6876.79617,0,0,0,0,0,0,0,0,161.00253,0,0,0,0,0,0,0,0,0,0,0
"15",0,0,0,0,0,0,0,0,0,0,0,0,0,0,0,0,0,0,0,0,0,0,0,0,0,0,0,46.13869,3502.99131,0,0,0,0,0,0,0,0,0,0
"16",0,0,0,0,0,0,0,0,0,0,0,0,0,0,0,0,0,0,0,0,0,0,0,0,0,0,0,180.09,0,0,0,0,0,0,0,0,0,0,0
"17",0,0,0,0,0,0,0,0,0,0,0,0,0,0,0,0,0,0,1227.9024,0,0,0,0,0,0,0,0,149.239575,65.119325,0,0,0,0,0,0,0,0,0,0
"18",0,0,0,0,0,0,0,0,0,0,0,0,0,0,0,0,0,0,0,0,0,0,104.714496,0,0,0,0,0,1.090776,0,0,0,0,0,3.272328,0,0,0,0
"19",0,0,0,0,0,0,0,0,0,0,0,0,0,0,0,0,0,0,0,372.0468,0,0,0,0,0,0,0,0,0,0,0,0,0,0,0,0,0,0,0
"20",0,0,0,0,0,0,0,0,0,0,0,0,0,0,0,0,0,0,740.242608,278.461288,0,0,0,0,0,0,0,0,0,0,0,0,0,0,0,0,0,0,0
"21",0,0,0,0,0,0,0,0,50.41824,0,0,0,0,0,0,0,0,0,46.422826,96.984814,0,0,0,0,0,0,0,0,0,0,0,0,0,0,0,0,0,0,0
"22",0,0,0,0,0,0,0,0,0,0,0,0,0,0,0,0,0,0,3284.94587,0,0,0,0,0,0,0,0,0,0,0,0,0,0,0,0,0,0,0,0
"23",0,0,0,0,0,0,0,0,0,0,0,0,0,0,0,0,0,0,0,41.7236,0,0,0,0,0,0,0,0,0,0,0,0,0,0,0,0,0,0,0
"24",0,0,0,0,0,0,0,0,0,0,0,0,0,0,0,0,0,0,88.363844,0,0,0,590.4786,0,0,0,0,0,0,0,0,0,0,0,0,0,0,0,0
"25",0,0,0,0,0,0,0,0,0,0,0,0,0,0,0,0,0,0,1038.44142,503.04561,0,0,0,0,0,0,0,0,0,0,0,0,0,0,0,0,0,0,0
"26",0,0,0,0,0,0,0,0,0,0,0,0,0,0,0,0,0,0,0,709.41,0,0,0,0,0,0,0,0,0,0,0,0,0,0,0,0,0,0,0
"27",0,0,0,0,0,0,0,0,0,0,0,0,0,0,0,0,0,0,3953.2383,0,0,0,0,0,0,0,0,0,0,0,0,0,0,0,0,0,0,0,0
"28",0,0,0,0,0,0,0,0,0,0,0,0,0,0,0,0,0,0,0,18.87728,0,0,0,0,0,0,0,0,0,0,0,0,0,0,0,0,0,0,0
"29",0,0,0,0,0,0,0,0,0,0,0,0,0,0,0,0,0,0,0,515.369769,0,0,0,0,0,0,0,0,0,0,0,0,0,0,0,0,0,0,0
"30",0,0,0,0,0,0,0,0,0,0,0,0,0,0,0,0,0,0,0,62.09,0,0,0,0,0,0,0,0,0,0,0,0,0,0,0,0,0,0,0
"31",0,0,0,0,0,0,0,0,0,0,0,0,0,0,0,0,0,0,45.492544,0,0,0,0,0,0,0,0,610.68088,0,0,0,0,0,0,0,0,0,0,0
"32",0,0,0,0,0,0,0,0,0,0,0,0,0,0,0,0,0,0,7.282424,0,0,0,0,0,0,0,0,28.33222,3503.377561,0,0,0,0,0,329.228578,0,0,0,0
"33",0,0,0,0,0,0,0,0,0,0,0,0,0,0,0,0,0,0,0,48.4633,0,0,0,0,0,0,0,0,0,0,0,0,0,0,0,0,0,0,0
"34",0,0,0,0,0,0,0,0,0,0,0,0,0,0,0,0,0,0,0,1267.45953,0,0,404.20377,0,0,0,0,0,0,0,0,0,0,0,0,0,0,0,0
"35",0,0,0,0,0,0,0,0,0,0,0,0,0,0,0,0,0,0,0,62.1957,0,0,587.5387,0,0,0,0,0,0,0,0,0,0,0,0,0,0,0,0
"36",0,0,0,0,0,0,0,0,426.562666,0,0,0,0,0,0,0,0,0,5066.697074,0,0,0,0,0,0,0,0,2073.52776,1555.14582,0,0,0,0,0,0,0,0,0,0
"37",0,0,0,0,0,0,0,0,0,0,0,0,0,0,0,0,0,0,0,187.340372,0,0,0,0,0,0,0,0,0,0,0,0,0,0,0,0,0,0,0
"38",0,0,0,0,0,0,0,0,0,0,0,0,0,0,0,0,0,0,0,127.12168,0,0,0,0,0,0,0,0,0,0,0,0,0,0,0,0,0,0,0
"39",0,0,0,0,0,0,0,0,0,0,0,0,0,0,0,0,0,0,0,345.5653,0,0,0,0,0,0,0,0,1333.36045,0,0,0,0,0,35.900046,0,0,0,0
"40",0,0,0,0,0,0,0,0,0,0,0,0,0,0,0,0,0,0,0,66.8061,0,0,0,0,0,0,0,0,0,0,0,0,0,0,0,0,0,0,0
"41",0,0,0,0,0,0,0,0,0,0,0,0,0,0,0,0,0,0,0,484.0637,0,0,0,0,0,0,0,0,0,0,0,0,0,0,0,0,0,0,0
"42",0,0,0,0,0,0,0,0,0,0,0,0,0,0,0,0,0,0,6665.77131,0,0,0,0,0,0,0,0,0,4767.79869,0,0,0,0,0,0,0,0,0,0
"43",0,0,0,0,0,0,0,0,0,0,0,0,0,0,0,0,0,0,0,753.716,0,0,0,0,0,0,0,0,0,0,0,0,0,0,0,0,0,0,0
"44",0,0,0,0,0,0,0,0,0,0,0,0,0,0,0,0,0,0,0,38.952837,0,0,0.393463,0,0,0,0,0,0,0,0,0,0,0,0,0,0,0,0
"45",0,0,0,0,0,0,0,0,0,0,0,0,0,0,0,0,0,0,1029.61824,0,0,0,0,0,0,0,0,2296.0128,261.88896,0,0,0,0,0,0,0,0,0,0
"46",0,0,0,0,0,0,0,0,0,0,0,0,0,0,0,0,0,0,4303.94356,0,0,0,0,0,0,0,0,0,3011.85184,0,0,0,0,0,0,0,0,0,0
"47",0,0,0,0,0,0,0,0,0,0,0,0,0,0,0,0,0,0,0,98.1369,0,0,0,0,0,0,0,0,0,0,0,0,0,0,0,0,0,0,0
"48",0,0,668.66505,0,0,0,0,0,0,0,0,0,0,0,0,0,0,0,0,0,0,0,0,0,0,0,0,0,0,0,0,0,0,0,0,0,0,0,0
"49",0,0,0,0,0,0,0,0,0,0,0,0,0,0,0,0,0,0,2808.06836,0,0,0,0,0,0,0,0,0,176.26584,0,0,0,0,0,0,0,0,0,0
"50",0,0,0,0,0,0,0,0,0,0,0,0,0,0,0,0,0,0,0,132.75009,0,0,0,3379.0932,0,0,0,0,0,0,0,0,0,0,0,0,0,0,0
"51",0,0,167.2778,0,0,0,0,0,0,0,0,0,0,0,0,0,0,0,0,0,0,0,0,0,0,0,0,0,0,0,0,0,0,0,0,0,0,0,0
"52",0,0,0,0,0,0,0,0,0,0,0,0,0,0,0,0,0,0,5599.308,0,0,0,0,0,0,0,0,0,0,0,0,0,0,0,0,0,0,0,0
"53",0,0,0,0,0,0,0,0,0,0,0,0,0,0,0,0,0,0,0,0,0,0,0,692.4525,0,0,0,0,0,0,0,0,0,0,0,0,0,0,0
"54",0,0,0,0,0,0,0,0,0,0,0,0,0,0,0,0,0,0,37.168752,100.69003,0,0,0,1003.330418,0,0,0,0,0,0,0,0,0,0,0,0,0,0,0
"55",0,0,346.862692,0,0,0,0,0,0,0,0,0,0,0,0,0,0,970.51074,0,0,0,0,0,0,0,0,0,3.794968,0,0,0,0,0,0,0,0,0,0,0
"56",0,0,2.982,0,0,0,0,0,2272.89992,0,0,0,0,0,0,0,0,0,0,4611.81768,0,0,0,2546.4024,0,0,0,0,0,0,0,0,0,0,0,0,0,0,0
"57",0,0,0,0,0,0,0,0,0,0,0,0,0,0,0,0,0,0,0,258.624794,0,0,0,0,0,0,0,0,0,0,0,0,0,0,0,0,0,0,0
"58",0,0,0,0,0,0,0,0,0,0,0,0,0,0,0,0,0,0,0,450.4658,0,0,0,0,0,0,0,0,0,0,0,0,0,0,0,0,0,0,0
"59",0,0,0,0,0,0,0,0,0,0,0,0,0,0,0,0,0,0,0,122.363948,0,0,0,0,0,0,0,0,1.261484,0,0,0,0,0,2.522968,0,0,0,0
"60",0,0,0,0,0,0,0,0,0,0,0,0,0,0,0,0,0,0,0,0,0,0,0,1421.798333,0,0,0,0,0,0,0,0,0,0,0,0,0,0,0
"61",0,0,0,0,0,0,0,0,0,0,0,0,0,0,0,0,0,0,24.006861,3743.244113,0,0,0,0,0,128.97536,0,261.869085,0,0,0,0,0,0,0,0,0,0,0
"62",0,0,0,0,0,0,0,0,1139.076424,0,0,0,0,0,0,0,0,0,4018.459816,633.96706,0,0,0,0,0,0,0,0,0,0,0,0,0,0,0,0,0,0,0
"63",0,0,0,0,0,0,0,0,0,0,0,0,0,0,0,0,0,0,0,0,0,0,0,0,0,64.7252,0,0,0,0,0,0,0,0,0,0,0,0,0
"64",0,0,0,0,0,0,0,0,0,0,0,0,0,0,0,0,0,0,816.6128,0,0,0,0,0,0,0,0,0,3439.988175,0,0,0,0,0,0,0,0,0,0
"65",0,0,0,0,0,0,0,0,0,0,0,0,0,0,0,0,0,0,0,680.8512,0,0,0,0,0,0,0,0,0,0,0,0,0,0,0,0,0,0,0
"66",0,0,3784.8001,0,0,0,0,0,0,0,0,0,0,0,0,0,0,0,0,0,0,0,0,0,0,0,0,0,0,0,0,0,0,0,0,0,0,0,0
"67",0,0,0,0,0,0,0,0,0,0,0,0,0,0,0,0,0,0,4234.53399,0,0,0,0,1554.36001,0,0,0,0,0,0,0,0,0,0,0,0,0,0,0
"68",0,0,0,0,0,0,0,0,0,0,0,0,0,0,0,0,0,0,0,331.2491,0,0,0,0,0,0,0,0,0,0,0,0,0,0,0,0,0,0,0
"69",0,0,0,0,0,0,0,0,0,0,0,0,0,0,0,0,0,0,0,0,0,0,0,0,0,0,0,0,2774.96973,0,0,0,0,0,0,0,0,0,0
"70",0,0,0,0,0,0,0,0,0,0,0,0,0,0,0,0,0,0,0,155.6367,0,0,0,0,0,0,0,0,0,0,0,0,0,0,0,0,0,0,0
"71",0,0,0,0,0,0,0,0,0,0,0,0,0,0,0,0,0,0,0,7300.332,0,0,187.188,0,0,0,0,0,0,0,0,0,0,0,0,0,0,0,0
"72",0,0,0,0,0,0,0,0,0,0,0,0,0,0,0,0,0,0,0,7.765623,0,0,2.316063,0,0,0,0,0,0.681195,0,0,0,0,0,0,0,0,0,0
"73",0,0,12267.14,0,0,0,0,0,0,0,0,0,0,0,0,0,0,0,0,0,0,0,0,0,0,0,0,0,0,0,0,0,0,0,0,0,0,0,0
"74",0,0,6969.8963,0,0,0,0,0,0,0,0,0,0,0,0,0,0,0,0,0,0,0,0,0,0,0,0,0,0,0,0,0,0,0,0,0,0,0,0
"75",0,0,0,0,0,0,0,0,0,0,0,0,0,0,0,0,0,0,0,2654.6962,0,0,0,440.9184,0,0,0,0,0,0,0,0,0,0,0,0,0,0,0
"76",0,0,0,0,0,0,0,0,0,0,0,0,0,0,0,0,0,0,0,1238.4045,0,0,0,0,0,0,0,0,0,0,0,0,0,0,0,0,0,0,0
"77",0,0,0,0,0,0,0,0,0,0,0,0,0,0,0,0,0,0,121.450384,3648.508272,0,0,0,0,0,0,0,0,0,0,0,0,0,0,0,0,0,0,0
"78",0,0,0,0,0,0,0,0,0,0,0,0,0,0,0,0,0,0,3065.36468,251.2594,0,0,0,0,0,0,0,0,0,0,0,0,0,0,0,0,0,0,0
"79",0,0,0,0,0,0,0,0,0,0,0,0,0,0,0,0,0,0,0,245.196972,0,0,0,0,0,0,0,0,0,0,0,0,0,0,0,0,0,0,0
"80",0,0,0,0,0,0,0,0,0,0,0,0,0,0,0,0,0,0,0,129.701856,0,0,0,0,0,0,0,0,0,0,0,0,0,0,0,0,0,0,0
"81",0,0,0,0,0,0,0,0,0,0,0,0,0,0,0,0,0,0,0,3617.39218,0,0,173.22604,0,0,0,0,100.28876,702.02132,0,0,0,0,0,0,0,0,0,0
"82",0,0,0,0,0,0,0,0,1.925856,0,0,0,0,0,0,0,0,0,0,14.122944,0,0,0,0,0,0,0,0,0,0,0,0,0,0,0,0,0,0,0
"83",0,0,0,0,0,0,0,0,0,0,0,0,0,0,0,0,0,0,0,0,0,0,0,28.532,0,0,0,0,0,0,0,0,0,0,0,0,0,0,0
"84",0,0,0,0,0,0,0,0,0,0,0,0,0,0,0,0,0,0,0,37.34376,0,0,0,0,0,40.06594,0,0,0,0,0,0,0,0,0,0,0,0,0
"85",0,0,0,0,0,0,0,0,0,0,0,0,0,0,0,0,0,0,0,582.2706,0,0,0,0,0,0,0,0,0,0,0,0,0,0,0,0,0,0,0
"86",0,0,0,0,0,0,0,0,1700.07409,0,0,0,0,0,0,0,0,0,328.27491,0,0,0,0,0,0,0,0,0,0,0,0,0,0,0,0,0,0,0,0
"87",0,0,0,0,0,0,0,0,0,0,0,0,0,0,0,0,0,0,0,2001.45035,0,0,725.41425,0,0,0,0,0,0,0,0,0,0,0,0,0,0,0,0
"88",0,0,201.8734,0,0,0,0,0,0,0,0,0,0,0,0,0,0,0,0,0,0,0,0,0,0,0,0,0,0,0,0,0,0,0,0,0,0,0,0
"89",0,0,183.43872,0,0,0,0,0,0,0,0,0,0,0,0,0,0,0,0,0,0,0,0,0,0,0,0,0,0,0,0,0,0,0,0,0,0,0,0
"90",0,0,6359.56838,0,0,0,0,0,0,0,0,0,0,0,0,0,0,0,0,0,0,0,0,0,0,0,0,0,0,0,0,0,0,0,0,0,0,0,0
"91",0,0,0,0,0,0,0,65.568072,0,0,0,0,0,0,0,0,0,0,0,0,0,0,0,0,0,0,0,0,0,0,0,0,0,0,0,0,0,0,0
"92",0,0,0,0,0,0,0,0,0,0,0,0,0,0,0,0,0,0,0,4139.16235,0,0,62.20965,0,0,0,0,0,0,0,0,0,0,0,0,0,0,0,0
"93",0,0,0,0,0,0,0,0,0,0,0,0,0,0,0,0,0,0,0,172.368,0,0,0,0,0,0,0,0,0,0,0,0,0,0,0,0,0,0,0
"94",0,0,0,0,0,0,0,0,0,0,0,0,0,0,0,0,0,0,0,818.472854,0,0,596.88186,0,0,0,0,0,0,0,0,0,0,0,0,0,0,0,0
"95",0,0,0,0,0,0,0,0,0,0,0,0,0,0,0,0,0,0,0,24.9978,0,0,0,0,0,0,0,0,0,0,0,0,0,0,0,0,0,0,0
"96",0,0,0,0,0,0,0,0,0,0,0,0,0,0,0,0,0,0,621.25072,2422.03828,0,0,0,0,0,0,0,0,0,0,0,0,0,0,0,0,0,0,0
"97",0,0,0,0,0,0,0,0,0,0,0,0,0,0,0,0,0,0,0,0,0,0,38.2621,0,0,0,0,0,0,0,0,0,0,0,0,0,0,0,0
"98",0,0,0,0,0,0,0,0,0,0,0,0,0,0,0,0,0,0,0,53.553654,0,0,413.36,0,0,0,0,0,0,0,0,0,0,0,0,0,0,0,0
"99",0,0,0,0,0,0,0,0,38.91132,0,0,0,0,0,0,0,0,0,0,1129.285236,0,0,0,0,0,0,0,260.803296,1968.180348,0,0,0,0,0,0,0,0,0,0
"100",0,0,0,0,0,0,0,0,0,0,0,0,0,0,0,0,0,0,0,3566.273,0,0,654.6581,0,0,0,0,0,0,0,0,0,0,0,0,0,0,0,0
"101",0,0,1094.27298,0,0,0,0,0,0,0,0,0,0,0,0,0,0,0,360.002316,2002.72602,0,0,0,0,0,0,0,0,0,0,0,0,0,0,0,0,0,0,0
"102",0,0,0,0,0,0,0,0,0,0,0,0,0,0,0,0,0,0,11.3483,0,0,0,0,0,0,0,0,0,0,0,0,0,0,0,0,0,0,0,0
"103",0,0,0,0,0,0,0,0,0,0,0,0,0,0,0,0,0,0,0,168.965766,0,0,0,0,0,0,0,0,0,0,0,0,0,0,0,0,0,0,0
"104",0,0,2806.16545,0,0,0,0,0,0,0,0,0,0,0,0,0,0,1192.04053,0,0,0,0,0,0,0,644.72231,0,0,0,0,0,0,0,0,0,0,0,0,0
"105",0,0,0,0,0,0,0,0,0,0,0,0,0,0,0,0,0,0,0,2394.75,0,0,0,0,0,0,0,0,0,0,0,0,0,0,0,0,0,0,0
"106",0,0,0,0,0,0,0,0,0,0,0,0,0,0,0,0,0,0,0,25.3568,0,0,278.9293,0,0,0,0,0,0,0,0,0,0,0,0,0,0,0,0
"107",0,0,0,0,0,0,0,0,0,0,56.4214,0,0,0,0,0,0,0,1491.137,6512.6416,0,0,0,0,0,0,0,0,0,0,0,0,0,0,0,0,0,0,0
"108",0,0,0,0,0,0,0,0,0,0,0,0,0,0,0,0,0,0,0,0,0,0,0,0,0,0,0,0,2892.82776,0,0,0,0,0,0,0,0,0,0
"109",0,0,0,0,0,0,0,0,0,0,0,0,0,0,0,0,0,0,0,1501.9754,0,0,0,0,0,0,0,0,0,0,0,0,0,0,0,0,0,0,0
"110",0,0,2123.534,0,0,0,0,0,0,0,0,0,0,0,0,0,0,0,0,0,0,0,0,0,0,0,0,0,0,0,0,0,0,0,0,0,0,0,0
"111",0,0,0,0,0,0,0,0,0,0,0,0,0,0,0,0,0,0,0,47.7416,0,0,0,0,0,0,0,0,0,0,0,0,0,0,0,0,0,0,0
"112",0,0,0,0,0,0,0,0,17.316338,0,0,0,0,0,0,0,0,0,0,0,0,0,0.666013,0,0,0,0,0,1352.538884,0,0,0,0,0,0,0,0,0,0
"113",0,0,0,0,0,0,0,0,0,0,0,0,0,0,0,0,0,0,0,0,0,0,13.69248,0,0,0,0,0,0,0,0,0,0,0,0,0,0,0,0
"114",0,0,0,0,0,0,0,0,0,0,0,0,0,0,0,0,0,0,0,3435.156055,0,0,1637.608285,0,0,0,0,0,120.429,0,0,0,0,0,0,0,0,0,0
"115",0,0,0,0,0,0,0,0,0,0,0,0,0,0,0,0,0,0,0,0,0,0,0,0,0,0,0,0,114.6223,0,0,0,0,0,0,0,0,0,0
"116",0,0,380.486304,0,0,0,0,0,0,0,0,0,0,0,0,0,0,3129.869946,0,0,0,0,0,0,0,0,0,0,1753.65465,0,0,0,0,0,0,0,0,0,0
"117",0,0,0,0,0,0,0,0,0,0,0,0,0,0,0,0,0,0,4032.79717,0,0,0,0,0,0,0,0,753.75853,0,0,0,0,0,0,0,0,0,0,0
"118",0,0,0,0,0,0,0,0,45.17604,0,0,0,0,0,0,0,0,0,0,0,0,0,0,0,0,0,0,0,1209.71396,0,0,0,0,0,0,0,0,0,0
"119",0,0,0,0,0,0,0,0,0,0,0,0,0,0,0,0,0,0,0,3.0994,0,0,0,0,0,0,0,0,0,0,0,0,0,0,0,0,0,0,0
"120",0,0,0,0,0,0,0,0,0,0,0,0,0,0,0,0,0,0,0,842.480754,0,0,0,0,0,0,0,0,28.11173,0,0,0,0,0,0,0,0,0,0
"121",0,0,0,0,0,0,0,0,0,0,0,0,0,0,0,0,0,0,0,0,0,0,0,0,0,0,0,283.37536,0,0,0,0,0,0,0,0,0,0,0
"122",0,0,1706.13426,0,0,0,0,0,0,0,0,0,0,0,0,0,0,12885.80349,0,0,0,0,0,0,0,374.15225,0,0,0,0,0,0,0,0,0,0,0,0,0
"123",0,0,0,0,0,0,0,0,0,0,0,0,0,0,0,0,0,0,0,245.814884,0,0,96.03531,0,0,0,0,0,0,0,0,0,0,0,0,0,0,0,0
"124",0,0,0,0,0,0,0,0,0,0,0,0,0,0,0,0,0,0,0,103.32,0,0,0,0,0,0,0,0,0,0,0,0,0,0,0,0,0,0,0
"125",0,0,0,0,0,0,0,0,0,0,0,0,0,0,0,0,0,0,0,824.79372,0,0,0,0,0,0,0,0,0,0,0,0,0,0,0,0,0,0,0
"126",0,0,0,0,0,0,0,0,0,0,0,0,0,0,0,0,0,0,0,53.1319,0,0,0,0,0,0,0,0,0,0,0,0,0,0,0,0,0,0,0
"127",0,0,0,0,0,0,0,0,0,0,0,0,0,0,0,0,0,0,0,4111.2707,0,0,0,0,0,0,0,0,0,0,0,0,0,0,0,0,0,0,0
"128",0,0,0,0,0,0,0,0,15.648048,0,351.95355,0,0,0,0,0,0,0,0,1716.387894,0,0,0,0,0,0,0,0,0,0,0,0,0,0,0,0,0,0,0
"129",0,0,0,0,0,0,0,0,0,0,0,0,0,0,0,0,0,0,10.87828,1751.48572,0,0,0,0,0,0,0,0,0,0,0,0,0,0,0,0,0,0,0
"130",0,0,0,0,0,0,0,0,0,0,0,0,0,0,0,0,0,0,144.653552,96.863196,0,0,0,0,0,3233.337352,0,0,0,0,0,0,0,0,0,0,0,0,0
"131",0,0,0,0,0,0,0,0,0,0,0,0,0,0,0,0,0,0,992.865802,0,0,0,0,281.05285,0,0,0,0,3330.452248,0,0,0,0,0,0,0,0,0,0
"132",0,0,0,0,0,0,0,0,11.1923,0,0,0,0,0,0,0,0,0,0,818.155,0,0,440.545,0,0,0,0,0,0,0,0,0,0,0,0,0,0,0,0
"133",0,0,4477.53,0,0,0,0,0,0,0,0,0,0,0,0,0,0,0,0,0,0,0,0,0,0,0,0,0,0,0,0,0,0,0,0,0,0,0,0
"134",0,0,6948.118,0,0,0,0,0,0,0,0,0,0,0,0,0,111.7056,0,0,0,0,0,0,0,0,0,0,0,0,0,0,0,0,0,0,0,0,0,0
"135",0,0,2428.66114,0,0,0,0,0,0,0,0,0,0,0,0,0,4325.76286,0,0,0,0,0,0,0,0,0,0,0,0,0,0,0,0,0,0,0,0,0,0
"136",0,0,0,0,0,0,0,0,0,0,0,0,0,0,0,0,0,0,0,1863.56,0,0,0,0,0,0,0,0,0,0,0,0,0,0,0,0,0,0,0
"137",0,0,0,0,0,0,0,0,0,0,0,0,0,0,0,0,0,0,0,327.76663,0,0,0,0,0,0,0,12.10877,0,0,0,0,0,0,0,0,0,0,0
"138",0,0,0,0,0,0,0,0,0,0,0,0,0,0,0,0,0,0,0,24.3,0,0,0,0,0,0,0,0,0,0,0,0,0,0,0,0,0,0,0
"139",0,0,6717.08806,0,0,0,0,0,0,0,0,0,0,0,0,0,0,59.08592,0,0,0,0,0,0,0,723.80252,0,0,0,0,0,0,0,0,0,0,0,0,0
"140",0,0,11721.27775,0,0,0,0,0,0,0,0,0,0,0,0,0,0,1672.4435,0,0,0,0,0,0,0,765.3555,0,0,0,0,0,0,0,0,0,0,0,0,0
"141",0,0,55.007273,0,0,0,0,0,0,0,0,0,0,0,0,0,0,0,3321.391027,0,0,0,0,0,0,0,0,0,0,0,0,0,0,0,0,0,0,0,0
"142",0,0,0,0,0,0,0,0,0,0,0,0,0,0,0,0,0,0,0,2264.17623,0,0,0,0,0,0,0,0,0,0,0,0,0,0,0,0,0,0,0
"143",92.35785,0,2441.26365,0,0,0,0,0,0,0,0,0,0,0,0,0,0,0,0,0,0,0,0,0,0,0,0,0,0,0,0,0,0,0,0,0,0,0,0
"144",0,0,231.55977,0,0,0,0,0,0,0,0,0,0,0,0,0,0,5828.26883,0,0,0,0,0,0,0,0,0,0,0,0,0,0,0,0,0,0,0,0,0
"145",0,0,0,0,0,0,0,0,0,0,0,0,0,0,0,0,0,0,0,0,0,0,0,0,0,1302.18972,0,283.54131,0,0,0,0,0,0,0,0,0,0,0
"146",0,0,0,0,0,0,0,0,0,0,0,0,0,0,0,0,0,9316.3486,0,0,0,0,0,0,0,0,0,0,2005.68524,0,0,0,0,0,0,0,0,0,0
"147",0,0,0,0,0,0,0,0,0,0,0,0,0,0,0,0,0,0,0,529.66896,0,0,0,0,0,0,0,0,0,0,0,0,0,0,0,0,0,0,0
"148",0,0,0,0,0,0,0,0,0,0,0,0,0,0,0,0,0,0,0,0,0,0,8.593936,0,0,0,0,0,0,0,0,0,0,0,0,0,0,0,0
"149",0,0,0,0,0,0,0,0,0,0,0,0,0,0,0,0,0,0,0,1366.75732,0,0,0,0,0,0,0,0,0,0,0,0,0,0,0,0,0,0,0
"150",0,0,0,0,0,0,0,0,0,0,0,0,0,0,0,0,0,0,0,1019.9703,0,0,0,0,0,0,0,0,0,0,0,0,0,0,0,0,0,0,0
"151",0,0,0,0,0,0,0,0,0,0,0,0,0,0,0,0,0,0,0,0,0,0,2493.4752,0,0,0,0,0,0,0,0,0,0,0,0,0,0,0,0
"152",0,0,0,0,0,0,0,0,0,0,0,0,0,0,0,0,0,5519.316363,0,0,0,0,0,0,0,0,0,1409.694937,0,0,0,0,0,0,0,0,0,0,0
"153",0,0,0,0,0,0,0,0,146.0646,0,0,0,0,0,0,0,0,0,3262.1094,0,0,0,0,0,0,7546.671,0,0,1217.205,0,0,0,0,0,0,0,0,0,0
"154",0,0,13450.93104,0,0,0,0,0,0,0,0,0,0,0,0,0,0,0,0,0,0,0,0,0,0,0,0,0,0,0,0,0,0,0,0,0,0,128.51208,699.67688
"155",0,0,0,0,0,0,0,0,0,0,0,0,0,0,0,0,0,0,0,1261.167842,0,0,66.204758,0,0,0,0,0,0,0,0,0,0,0,0,0,0,0,0
"156",0,0,0,0,0,0,0,0,0,0,0,0,0,0,0,0,0,0,0,2812.91422,0,0,1680.31768,0,0,0,0,0,0,0,0,0,0,0,0,0,0,0,0
"157",0,0,0,0,0,0,0,0,0,0,0,0,0,0,0,0,0,0,0,4.60122,0,0,0,0,0,0,0,0,0,0,0,0,0,0,0,0,0,0,0
"158",0,0,0,0,0,0,0,0,0,0,0,0,0,0,0,0,0,0,0,1.89187,0,0,0,0,0,0,0,0,0,0,0,0,0,0,0,0,0,0,0
"159",0,0,0,0,2.375114,0,0,0,1.812587,0,0,0,0,0,0,0,0,0,0,0,0,0,0,0,0,0,0,0,1.312563,0,0,0,0,0,0,0,0,0,0
"160",0,0,0,0,0,0,0,0,8.033088,0,0,0,0,0,0,0,0,0,0,0,0,0,809.29129,0,0,0,0,0,6754.17871,0,0,0,0,0,0,0,0,0,0
"161",0,0,0,0,0,0,0,0,0,0,0,0,0,0,0,0,0,0,0,54.61,0,0,4.599738,0,0,0,0,0,0,0,0,0,0,0,0,0,0,0,0
"162",0,0,0,0,0,0,0,0,0,0,0,0,0,0,0,0,0,0,0,0,0,0,0,0,0,0,0,4214.21921,0,0,0,0,0,0,0,0,0,0,0
"163",0,0,10165.35552,0,0,0,0,0,0,0,0,0,0,0,0,0,0,0,0,0,0,0,0,0,0,0,0,0,0,0,0,0,0,0,0,0,0,0,3070.78448
"164",0,0,10006.81396,0,0,0,0,0,0,0,0,0,0,0,0,0,40.01664,0,0,0,0,0,0,0,0,0,0,0,0,0,0,0,0,0,0,0,0,0,0
"165",0,0,0,0,0,0,0,0,32.63832,0,0,0,0,0,0,0,0,32.63832,1138.26141,2733.457752,0,0,0,0,0,0,0,240.70761,0,0,0,0,0,0,0,0,0,0,0
"166",0,0,0,0,0,0,0,0,0,0,0,0,0,0,0,0,0,0,0,0,0,0,0,0,0,0,0,0,6378.9,0,0,0,0,0,0,0,0,0,0
"167",0,0,0,0,0,0,0,0,6.335952,0,97.74678,0,0,0,0,0,0,0,1080.067864,0,0,0,0,0,0,0,0,0,2957.90256,0,0,0,0,0,0,0,0,0,0
"168",0,0,1267.77318,0,0,0,0,0,0,0,0,0,0,0,0,0,1027.9242,0,0,0,0,0,0,14819.24055,0,0,0,0,0,0,0,0,0,0,0,0,0,0,0
"169",0,0,0,0,0,0,0,0,0,0,0,0,0,0,0,0,0,0,0,0,0,0,17.5232,0,0,0,0,0,0,0,0,0,0,0,0,0,0,0,0
"170",0,0,0,0,0,0,0,0,0,0,0,0,0,0,0,0,0,0,0,2.335428,0,0,0,0,0,0,0,0,0,0,0,0,0,0,0,0,0,0,0
"171",0,50.79393,0,0,0,0,0,0,0,0,0,0,0,0,0,0,0,0,0.51307,0,0,0,0,0,0,0,0,0,0,0,0,0,0,0,0,0,0,0,0
"172",0,0,0,0,0,0,0,0,0,0,0,0,0,0,0,0,0,0,0,2701.39476,0,0,1545.46794,0,0,0,0,0,0,0,0,0,0,0,0,0,0,0,0
"173",0,0,0,0,0,0,0,0,0,0,0,0,0,0,0,0,0,0,0,0,0,0,0,0,0,0,0,0,1624.767576,0,0,0,0,0,0,0,0,0,0
"174",0,0,0,0,0,0,0,0,0,0,0,0,0,0,0,0,0,0,0,116.1985,0,0,0,0,0,0,0,311.0432,0,0,0,0,0,0,0,0,0,0,0
"175",0,0,0,0,0,0,0,0,0,0,0,0,0,0,0,0,0,0,0,173.9027,0,0,0,0,0,0,0,0,0,0,0,0,0,0,0,0,0,0,0
"176",0,0,0,0,0,0,0,0,0,0,0,0,0,0,0,0,0,0,0,155.043688,0,0,0,0,0,0,0,0,0,0,0,0,0,0,0,0,0,0,0
"177",0,0,0,0,0,0,0,0,0,0,0,0,0,0,0,0,0,0,0,0,0,0,0,0,0,2883.63425,0,0,0,0,0,0,0,0,0,0,0,0,0
"178",0,0,199.6855,0,0,0,0,0,0,0,0,0,0,0,0,0,0,0,0,0,0,0,0,0,0,0,0,0,0,0,0,0,0,0,0,0,0,0,0
"179",0,0,0,0,0,0,0,0,0,0,0,0,0,0,0,0,0,0,0,0,0,0,0,0,0,0,0,0,5344.02684,0,0,0,0,0,0,0,0,0,0
"180",0,0,0,0,0,0,0,0,0,0,0,0,0,0,0,0,0,0,0,250.598012,0,0,0,0,0,0,0,0,0,0,0,0,0,0,0,0,0,0,0
"181",0,0,0,0,0,0,0,0,0,0,0,0,0,0,0,0,0,0,0,497.2965,0,0,0,0,0,0,0,0,0,0,0,0,0,0,0,0,0,0,0
"182",0,0,0,0,0,0,0,0,0,0,0,0,0,0,0,0,0,0,0,28.748064,0,0,0,0,0,0,0,0,0,0,0,0,0,0,0,0,0,0,0
"183",0,0,0,0,0,0,0,0,0,0,0,0,0,0,0,0,0,0,0,1574.0418,0,0,1237.8508,0,0,0,0,0,0,0,0,0,0,0,0,0,0,0,0
"184",0,0,0,0,0,0,0,0,0,0,0,0,0,0,0,0,0,0,0,1.641348,0,0,0,0,0,0,0,0,0,0,0,0,0,0,0,0,0,0,0
"185",0,0,0,0,0,0,0,0,0,0,0,0,0,0,0,0,0,0,0,112.42938,0,0,0,0,0,0,0,0,1469.61261,0,0,0,0,0,0,0,0,0,0
"186",0,0,0,0,0,0,0,0,3.513246,0,0,0,0,0,0,0,0,0,0,0,0,0,0,0,0,0,0,0,21.398862,0,0,0,0,0,0,0,0,0,0
"187",0,0,0,0,0,0,0,0,0,0,0,0,0,0,0,0,0,0,0,1529.33502,0,0,604.55648,0,0,0,0,0,0,0,0,0,0,0,0,0,0,0,0
"188",0,0,0,0,0,0,0,0,0,0,0,0,0,0,0,0,0,0,0,1512.77964,0,0,89.89356,0,0,0,0,0,0,0,0,0,0,0,0,0,0,0,0
"189",0,0,0,0,0,0,0,0,0,0,0,0,0,0,0,0,0,0,0,14.58236,0,0,265.84764,0,0,0,0,0,0,0,0,0,0,0,0,0,0,0,0
"190",0,0,0,0,0,0,0,0,0,0,0,0,0,0,0,0,0,0,0,425.10744,0,0,291.92896,0,0,0,0,0,0,0,0,0,0,0,0,0,0,0,0
"191",0,1319.899824,0,0,0,0,0,0,15.515118,0,0,0,0,0,0,0,0,0,1233.7992,0,0,0,0,0,0,0,0,787.3587,793.242558,0,0,0,0,0,0,0,0,0,0
"192",0,0,0,0,0,0,0,0,0,0,0,0,0,0,0,0,0,0,0,31.4235,0,0,0,0,0,0,0,0,38.4065,0,0,0,0,0,0,0,0,0,0
"193",0,20.3578,0,0,0,0,0,0,1905.0725,0,0,0,0,0,0,0,0,0,0,4435.00878,0,0,0,0,0,0,0,0,1280.20872,0,0,0,0,0,0,0,0,0,0
"194",0,0,0,0,0,0,0,0,0,0,0,0,0,0,0,0,0,0,0,3561.84628,0,0,0,0,0,0,0,0,0,0,0,0,0,0,0,0,0,0,0
"195",0,0,4943.41468,0,0,0,0,0,0,0,0,0,0,0,0,0,0,0,0,0,0,0,0,862.88379,0,0,0,0,0,0,0,0,0,0,0,0,0,0,0
"196",0,0,391.588392,0,0,0,0,0,0,0,0,0,0,0,0,0,0,1697.269416,0,0,0,0,0,0,0,1019.160792,0,0,0,0,0,0,0,0,0,0,0,0,0
"197",0,0,0,0,0,0,0,0,0.200742,0,132.8877,0,0,0,0,0,0,0,212.523658,0,0,0,0,0,0,0,0,0,967.7983,0,0,0,0,0,0,0,0,0,0
"198",0,0,0,0,0,0,0,0,0,0,0,0,0,0,0,0,0,0,0,256.51153,0,0,816.75847,0,0,0,0,0,0,0,0,0,0,0,0,0,0,0,0
"199",0,0,0,0,0,0,0,0,0,0,0,0,0,0,0,0,0,0,0,0,0,0,0,0,0,0,0,0,0,0,0,0,0,0,0,0,4880.94936,13082.72728,0
"200",0,0,5449.3332,0,0,0,0,0,0,0,0,0,0,0,0,0,0,0,0,0,0,0,0,0,0,0,0,0,0,0,0,0,0,0,0,0,0,0,0
"201",0,0,279.9276,0,0,0,0,0,0,0,0,0,0,0,0,0,0,1866.184,0,643.83348,0,0,0,0,0,6494.32032,0,0,46.6546,0,0,0,0,0,0,0,0,0,0
"202",0,0,0,0,0,0,0,0,0,0,0,0,0,0,0,0,0,0,791.603238,661.807234,0,0,0,0,0,0,0,0,0,0,0,0,0,0,0,0,0,0,0
"203",0,0,0,0,0,0,0,0,0,0,0,0,0,0,0,0,0,0,0,0,0,0,0,0,0,0,0,0,2.4572,0,0,0,0,0,0,0,0,0,0
"204",0,0,0,0,0,0,0,0,0,0,0,0,0,0,0,0,0,0,0,0,0,0,0,0,0,0,0,2314.9447,491.99919,0,0,0,0,0,0,0,0,0,0
"205",0,0,0,0,0,0,0,0,0.546117,0,0,0,0,0,0,0,0,0,1247.12952,0,0,0,0,0,0,0,0,0,3993.044614,0,0,0,0,0,0,0,0,0,0
"206",0,0,0,0,0,0,0,0,0,0,0,0,0,0,0,0,0,0,0,0,0,0,0,0,0,0,0,0,1022.142178,0,0,0,0,0,0,0,0,0,0
"207",0,0,0,0,0,0,0,0,0,0,0,0,0,0,0,0,0,0,0,436.540024,0,0,303.7385,0,0,0,0,0,0,0,0,0,0,0,0,0,0,0,0
"208",0,0,0,0,0,0,0,0,0,0,0,0,0,0,0,0,0,0,0,10153.34772,0,0,356.39378,0,0,0,0,0,0,0,0,0,0,0,0,0,0,0,0
"209",0,0,0,0,0,0,0,0,9.919488,0,0,0,0,0,0,0,0,0,0,0,0,0,0,0,0,0,0,0,762.754112,0,0,0,0,0,0,0,0,0,0
"210",0,0,0,0,0,0,0,0,0,0,0,0,0,0,0,0,0,0,0,0,0,0,0,0,0,0,0,472.11297,0,0,0,0,0,0,0,0,956.98575,6009.87051,0
"211",0,0,0,0,0,0,0,0,0,0,0,0,0,0,0,0,0,7.5193,0,0,0,0,0,0,0,0,0,0,0,0,0,0,0,0,0,0,0,0,0
"212",0,0,0,0,0,0,0,0,0,0,0,0,0,0,0,0,0,0,0,48.891,0,0,0,0,0,0,0,0,0,0,0,0,0,0,0,0,0,0,0
"213",0,0,0,0,0,0,0,0,0,0,360.272,0,0,0,0,0,0,0,0,0,0,0,150.8639,0,0,0,0,0,0,0,0,0,0,0,0,0,0,0,0
"214",0,107.485274,0,0,0,0,0,0,0,0,0,0,0,0,0,0,0,0,0,875.27942,0,0,0,0,0,0,0,0,0,0,0,0,0,0,0,0,0,0,0
"215",0,2491.62436,0,0,0,0,0,0,0,0,0,0,0,0,0,0,0,0,574.03032,0,0,0,0,0,0,0,0,0,0,0,0,0,0,0,0,0,0,0,0
"216",0,0,0,0,0,0,0,0,0,0,0,0,0,0,0,0,0,0,0,1815.397,0,0,1368.0722,0,0,0,0,0,0,0,0,0,0,0,0,0,0,0,0
"217",0,0,2279.5213,0,0,0,0,0,0,0,0,0,0,0,0,0,429.93503,0,0,0,0,0,0,0,0,176.01367,0,0,0,0,0,0,0,0,0,0,0,0,0
"218",0,0,3269.33,0,0,0,0,0,0,0,0,0,0,0,0,0,0,0,0,0,0,0,0,0,0,0,0,0,0,0,0,0,0,0,0,0,0,0,0
"219",0,0,97.217014,0,0,0,0,0,0,0,0,0,0,0,0,0,0,2457.145746,0,0,0,0,0,0,0,0,0,0,752.86024,0,0,0,0,0,0,0,0,0,0
"220",0,0,0,0,0,0,0,0,0,0,0,0,0,0,0,0,0,0,0,70.118,0,0,0,0,0,0,0,0,0,0,0,0,0,0,0,0,0,0,0
"221",0,0,0,0,0,0,0,0,0,0,0,0,0,0,0,0,0,0,0,24.891504,0,0,493.671576,0,0,0,0,0,0,0,0,0,0,0,0,0,0,0,0
"222",0,0,0,0,0,0,0,0,0,0,0,0,0,0,0,0,0,0,0,1310.03649,0,0,0,0,0,0,0,0,0,0,0,0,0,0,0,0,0,0,0
"223",0,0,0,0,0,0,4.9494,0,0.65992,0,0,0,0.65992,0,0,0,0,0,0,0,0,0,0,0,0,0,0,1.81478,1.15486,1.81478,0,0,0,0,0,0,0,0,0
"224",0,0,0,0,60.6524,0,0,0,0,0,0,0,0,0,0,0,0,0,0,0,0,0,0,0,0,0,0,424.5731,0,0,0,0,0,0,0,0,0,0,0
"225",0,0,0,0,0,0,0,0,0,0,0,0,0,0,0,0,0,0,0,0,0,0,209.99199,0,0,0,0,0,0,0,0,0,0,0,0,0,0,0,0
"226",0,0,0,0,0,0,0,0,0,0,0,0,0,0,0,0,0,0,0,0,0,0,0,0,0,0,0,43.42605,123.329982,0,0,0,0,0,0,0,0,0,0
"227",0,0,0,0,0,0,0,0,0,0,0,0,0,0,0,0,0,0,0,0,0,0,1323.82,0,0,0,0,0,0,0,0,0,0,0,0,0,0,0,0
"228",0,0,5747.6839,0,0,0,0,0,0,0,0,0,0,0,0,0,0,1473.4503,0,0,0,0,0,0,0,0,0,0,0,0,0,0,0,0,0,0,0,0,0
"229",0,0,12.0471,0,0,0,0,0,0,0,0,0,0,0,0,0,0,0,0,0,0,0,0,0,0,0,0,0,0,0,0,0,0,0,0,0,0,0,0
"230",0,0,795.394092,0,0,0,0,0,0,0,0,0,0,0,0,0,3301.860308,0,0,0,0,0,0,0,0,0,0,0,0,0,0,0,0,0,0,0,0,0,0
"231",42.9792,0,4972.985288,0,0,0,0,0,0,0,0,0,0,0,0,0,0,0,0,0,0,0,0,0,0,0,0,0,0,0,0,0,0,0,0,0,0,0,5875.700112
"232",0,0,389.99508,0,0,0,0,0,0,0,0,0,0,0,0,0,0,0,0,0,0,0,0,180.26751,0,0,0,0,0,0,0,0,0,0,0,0,0,0,0
"233",0,0,1274.98565,0,0,0,0,0,0,0,0,0,0,0,0,0,0,0,3615.3513,0,0,0,0,1192.9442,0,0,0,0,0,0,0,0,0,0,0,0,0,0,0
"234",0,0,0,0,0,0,0,0,0,0,0,0,0,0,0,0,0,0,0,2072.86373,0,0,0,6027.78365,0,0,0,0,572.42262,0,0,0,0,0,0,0,0,0,0
"235",0,0,120.2541,0,0,0,0,0,0,0,0,0,0,0,0,0,0,0,0,0,0,0,0,0,0,0,0,0,0,0,0,0,0,0,0,0,0,0,0
"236",0,0,0,0,0,0,0,0,0,0,0,0,0,0,0,0,0,0,76.52517,0,0,0,0,0,0,0,0,0,974.396745,0,0,0,0,0,0,0,0,0,0
"237",0,0,0,0,0,0,0,0,0,0,0,0,0,0,0,0,0,0,0,0,0,0,0,0,0,0,0,0,11018.35473,0,0,0,0,0,0,0,0,0,0
"238",0,0,0,0,0,0,0,0,0,0,0,0,0,0,0,0,0,0,327.3503,0.6252,0,0,0,0,0,0,0,0,0,0,0,0,0,0,0,0,0,0,0
"239",444.274208,0,0,0,0,0,0,0,0,0,0,0,0,0,0,0,0,0,0,0,0,0,0,0,0,0,0,0,0,0,0,0,0,0,0,0,0,58.33312,1338.499781
"240",0,0,0,0,0,0,0,0,0,0,0,0,0,0,0,0,0,0,0,0,0,0,0,677.5862,0,0,0,0,0,0,0,0,0,0,0,0,0,0,0
"241",0,0,5.2053,0,0,0,0,0,0,0,0,0,0,0,0,0,0,3.903975,0,0,0,0,0,0,0,17.17749,0,0,0,0,0,0,0,0,0,0,0,0,0
"242",0,0,0,0,0,0,0,0,0,0,0,0,0,0,0,0,0,10.266,0,0,0,0,0,0,0,0,0,0,0,0,0,0,0,0,0,0,0,0,0
"243",0,0,5345.27188,0,0,0,0,0,0,0,0,0,0,0,0,0,1743.94812,0,0,0,0,0,0,0,0,0,0,0,0,0,0,0,0,0,0,0,0,0,0
"244",0,0,0,0,0,0,0,0,0,0,0,0,0,0,0,0,0,0,0,0,0,0,0,0,0,0,0,0,2634.8351,0,0,0,0,0,0,0,0,0,0
"245",0,320.87318,0,0,0,0,0,0,0,0,0,0,0,0,0,0,0,0,395.32994,0,0,0,0,0,0,0,0,0,1056.57688,0,0,0,0,0,0,0,0,0,0
"246",0,0,0,0,0,0,0,0,0,0,0,0,0,0,0,0,0,1924.60431,0,0,0,0,0,1674.47523,0,0,0,0,3350.39346,0,0,0,0,0,0,0,0,0,0
"247",0,0,35.532944,0,0,0,0,0,0,0,0,0,0,0,0,0,0,2073.873156,0,0,0,0,0,0,0,0,0,0,0,0,0,0,0,0,0,0,0,0,0
"248",0,0,0,0,0,0,0,0,0,0,0,0,0,0,0,0,0,0,0,0,0,0,0,0,0,0,0,190.05536,5386.88161,0,0,0,0,0,0,0,0,0,0
"249",0,0,0,0,0,0,0,0,0,0,0,0,0,0,0,0,0,0,0,0,0,0,0,0,0,0,0,0,4313.76752,0,0,0,0,0,0,0,0,0,0
"250",0,0,0,0,0,0,0,0,0.181008,0,0,0,0,0,0,0,0,0,0,0,0,0,0,0,0,0,0,0,1.830192,0,0,0,0,0,0,0,0,0,0
"251",0,0,0,0,0,0,0,0,0,0,0,494.15799,0,0,0,0,0,0,0,0,0,0,0,0,0,0,0,0,0,0,0,0,0,0,0,0,5306.82711,0,186.20446
"252",0,0,298.49,0,0,0,0,0,0,0,0,0,0,0,0,0,0,0,0,0,0,0,0,0,0,0,0,0,0,0,0,0,0,0,0,0,0,0,0
"253",0,0,0,0,0,0,0,0,0,0,0,0,0,0,0,0,0,6.855368,0,0,0,0,0,4.964232,0,0,0,0,0,0,0,0,0,0,0,0,0,0,0
"254",0,0,0,0,0,0,0,0,0,0,0,0,0,0,0,0,0,0,0,0,0,0,0,0,0,0,0,0,0,0,0,0,0,460.97523,0,0,0,0,0
"255",0,0,0,0,0,0,0,0,0,0,0,0,0,0,0,0,0,0,0,113.53584,0,0,0,0,0,0,0,0,0,0,0,0,0,0,0,0,0,0,0
"256",0,0,0,0,0,0,0,0,0,0,0,0,0,0,0,0,0,0,0,115.480875,0,0,0,0,0,0,0,0,0,0,0,0,0,0,0,0,0,0,0
"257",856.73369,0,0,0,0,0,0,0,0,0,0,0,0,0,0,0,0,0,0,0,0,0,0,0,0,0,0,0,0,0,0,0,0,0,0,0,0,275.89729,0
"258",0,0,1475.37985,0,0,0,0,0,0,0,0,0,0,0,0,0,0,4087.0771,0,0,0,0,0,3601.39305,0,0,0,0,0,0,0,0,0,0,0,0,0,0,0
"259",0,0,31.24368,0,0,0,0,0,0,0,0,0,0,0,0,0,0,269.17632,0,0,0,0,0,0,0,0,0,0,0,0,0,0,0,0,0,0,0,0,0
"260",0,0,0,0,0,0,0,0,0,0,0,0,0,0,0,0,0,194.725401,0,0,0,0,0,0,0,0,0,0,0,0,0,0,0,0,0,0,0,0,0
"261",0,0,22.6807,0,0,0,0,0,0,0,0,0,0,0,0,0,0,0,0,0,0,0,0,0,0,0,0,0,0,0,0,0,0,0,0,0,0,0,0
"262",0,0,0,0,0,0,0,0,1065.8024,0,0,0,0,0,0,0,0,0,0,0,0,0,0,0,0,0,0,0,0,0,0,0,0,0,0,0,0,0,0
"263",0,0,0,0,0,0,0,0,0,0,0,4467.78561,0,0,0,0,0,0,0,0,0,0,0,0,0,0,0,0,0,0,0,0,0,0,0,0,0,28.59351,46.78938
"264",0,0,0,0,0,0,0,0,0,0,0,0,0,0,0,0,0,0,0,0,0,0,0,0,0,0,0,0,0,0,0,0,0,0,0,0,0,5563.566931,7.629769
"265",0,0,0,0,0,0,0,0,0,0,0,0,0,0,0,0,0,0,0,0,0,0,5845.87,0,0,0,0,0,2.1962,0,0,0,0,0,0,0,0,0,0
"266",0,0,0,0,0,0,0,0,0,0,0,0,0,0,0,0,0,0,0,321.94056,0,0,0,0,0,0,0,0,0,0,0,0,0,0,0,0,0,0,0
"267",2093.988,0,0,0,0,338.52,0,0,0,0,0,0,0,0,0,0,0,0,0,0,1474.98,0,0,0,0,0,0,0,0,0,0,0,0,0,0,0,0,928.512,0
"268",1052.866,0,0,0,0,0,0,0,0,0,0,0,0,0,0,0,0,0,0,0,0,0,0,0,0,0,0,0,0,0,0,0,0,0,0,0,0,0,1163.694
"269",0,0,71.77674,0,0,0,0,0,11.55028,0,0,0,0,0,0,0,0,0,0,0,0,0,0,0,0,0,0,0,0,0,0,0,0,0,0,0,0,0,0
"270",0,0,0,0,0,0,0,0,0,0,0,0,0,0,0,0,0,32.816315,0,0,0,0,0,0,0,334.4029,0,0,0,0,0,8433.878735,0,0,0,0,0,0,0
"271",0,0,0,0,0,0,0,0,0,0,0,0,0,0,0,0,7.4848,0,0,0,0,0,0,0,0,0,0,0,0,0,0,0,0,0,0,0,0,0,0
"272",0,0,0,0,0,0,0,0,0,0,0,0,0,0,0,0,0,0,0,0,0,0,0,0,0,0,0,0,21.6582,0,0,0,0,0,0,0,0,0,0
"273",0,0,1792.578304,0,0,0,0,0,0,0,0,0,0,0,0,0,0,0,0,0,0,0,0,1848.51987,0,0,0,0,0,0,0,0,0,0,0,0,0,0,0
"274",0,0,0,0,0,0,0,0,0,0,0,0,0,0,0,0,0,0,0,0,0,0,0,0,0,0,0,0,1.443,0,0,0,0,0,0,0,0,0,0
"275",0,0,2765.97565,0,0,0,0,0,0,0,0,0,0,0,0,0,0,1590.26085,0,0,0,0,0,0,0,0,0,0,0,0,0,0,0,0,0,0,0,0,0
"276",0,0,0,0,0,0,0,0,83.8032,0,0,0,0,0,0,0,0,120.881293,0,0,0,0,0,0,0,50.363509,0,0,0,0,0,33.1721,0,0,0,0,389.291136,460.509862,0
"277",0,0,0,0,0,0,0,0,0,0,0,0,0,0,0,0,0,0,0,0,0,0,0,0,0,0,0,568.0338,2844.5161,0,0,0,0,0,0,0,0,0,0
"278",0,0,0,0,0,0,0,0,524.50825,0,0,0,0,0,0,0,0,0,0,0,0,0,1616.34175,0,0,0,0,0,0,0,0,0,0,0,0,0,0,0,0
"279",0,0,0,0,0,0,0,0,0,0,0,0,0,0,0,0,0,1461.6602,0,0,0,0,0,0,0,5182.2498,0,0,0,0,0,0,0,0,0,0,0,0,0
"280",0,0,0,0,0,0,0,0,0,0,0,0,0,0,0,0,0,1326.17628,0,0,0,0,0,0,0,3427.14372,0,0,0,0,0,0,0,0,0,0,0,0,0
"281",0,0,0,0,0,0,0,0,0,0,0,0,0,0,0,0,0,0,0,0,0,0,0,0,0,25.7731,0,0,0,0,0,0,0,0,0,0,0,0,0
"282",0,0,0,0,0,0,0,0,0,0,0,0,0,0,0,0,0,0,0,474.88877,0,0,0,0,0,1724.72173,0,0,0,0,0,0,0,0,0,0,0,0,0
"283",0,0,0,0,0,0,0,0,0,0,0,0,0,0,0,0,0,0,0,0,0,0,0,0,0,49.76974,0,0,2.61946,0,0,0,0,0,0,0,0,0,0
"284",0,0,3087.8145,0,0,0,0,0,0,0,0,0,0,0,0,0,0,0,0,0,0,0,0,0,0,0,0,0,0,0,0,0,0,0,0,0,0,80.05445,0
"285",0,0,0,0,0,0,0,0,0,0,0,0,0,0,0,0,0,0,0,0,0,0,0,0,0,0,0,0,0,0,0,3.706,0,0,0,0,0,0,0
"286",0,0,9877.37,0,0,0,0,0,0,0,0,0,0,0,0,0,0,0,0,0,0,0,0,0,0,0,0,0,0,0,0,0,0,0,0,0,0,0,0
"287",0,0,0,0,0,0,0,0,0,0,0,0,0,0,0,0,0,0,0,0,0,0,0,0,0,0,0,0,0,0,0,126.88884,0,0,0,0,11659.67452,2227.60408,0
"288",0,0,0,0,0,0,0,0,0,0,0,0,0,0,0,0,0,0,0,0,0,0,0,0,0,3139.24032,0,0,0,0,0,0,0,0,0,0,0,0,0
"289",0,0,0,0,0,0,0,0,0,0,0,0,0,0,0,0,0,56.49381,0,0,0,0,0,0,0,5850.24788,0,0,0,0,0,408.77241,0,0,0,0,0,0,0
"290",0,0,0,0,0,0,0,0,183.9586,0,0,0,0,0,0,0,0,118.8304,0,0,0,0,0,0,0,787.2514,0,0,0,0,0,51.417,0,0,0,0,0,0,0
"291",0,0,0,0,0,0,0,0,0,0,0,0,0,0,0,0,0,12.90051,0,0,0,0,0,0,0,4593.89969,0,0,0,0,0,0,0,0,0,0,0,0,0
"292",0,0,0,0,0,0,0,0,0,0,0,0,0,0,0,0,0,0,0,0,0,0,0,0,0,1509.957426,0,0,5.256274,0,0,0,0,0,0,0,0,0,0
"293",0,0,6847.01666,0,0,0,0,0,0,0,0,0,0,0,0,0,296.76444,0,0,0,0,0,0,0,0,0,0,0,0,0,0,0,0,0,0,0,0,0,0
"294",0,0,0,0,0,0,0,0,0,0,0,0,0,0,0,0,0,0,0,0,0,0,0,0,0,0,0,0,0,0,0,0,0,0,0,0,0,0,11297.15646
"295",0,0,79.42152,0,0,0,0,0,0,0,0,0,0,0,0,0,19.85538,0,0,0,0,0,0,0,0,0,0,0,0,0,0,0,0,0,0,0,0,282.549,0
"296",0,0,0,0,0,0,0,0,0,0,0,0,0,0,0,0,0,0,0,0,0,0,0,0,0,2354.4427,0,0,0,0,0,0,0,0,0,0,0,0,0
"297",0,0,0,0,0,0,0,0,0,0,0,0,0,0,0,0,0,0,0,0,0,0,0,0,0,194.96385,0,0,498.24095,0,0,3639.3252,0,0,0,0,0,0,0
"298",0,0,0,0,0,0,0,0,0,0,0,0,0,0,0,0,0,0,0,0,0,0,0,0,0,9010.7829,0,0,0,0,0,260.6578,0,0,0,0,0,0,0
"299",0,0,2214.35,0,0,0,0,0,0,0,0,0,0,0,0,0,0,0,0,0,0,0,0,0,0,0,0,0,0,0,0,0,0,0,0,0,0,358.7247,0
"300",0,0,0,0,0,0,0,0,0,0,0,0,0,0,0,0,0,0,0,0,0,0,0,0,0,3952.95988,0,0,114.21869,0,0,566.12742,0,0,0,0,0,0,0
"301",0,0,0,0,0,0,0,0,0,0,0,0,0,0,0,0,0,0,0,0,0,0,0,0,0,3485.7597,0,0,0,0,0,0,0,0,0,0,0,0,0
"302",0,0,0,0,0,0,0,0,0,0,0,0,0,0,0,0,0,0,0,0,0,0,0,0,0,2108.5865,0,0,0,0,0,0,0,0,0,0,0,0,0
"303",0,0,0,0,0,0,0,0,0,0,0,0,0,0,0,0,0,0,0,0,0,0,0,0,0,2131.7167,0,0,0,0,0,0,0,0,0,0,0,0,0
"304",0,0,0,0,0,0,0,0,0,0,0,0,0,0,0,0,0,0,0,0,0,0,0,0,0,10.0005,0,0,0,0,0,0,0,0,0,0,0,0,0
"305",0,0,0,0,0,0,0,0,0,0,0,0,0,0,0,0,0,0,0,0,0,0,0,0,0,4245.436833,0,0,0,0,0,1999.265867,0,0,0,0,0,0,0
"306",0,0,341.91872,0,0,0,0,0,0,0,0,0,0,0,0,0,0,0,0,0,0,0,0,0,0,4715.94888,0,0,0,0,0,0,0,0,0,0,0,0,0
"307",0,0,0,0,0,0,0,0,0,0,0,0,0,0,0,0,0,0,0,0,0,0,0,0,0,5275.01,0,0,0,0,0,0,0,0,0,0,0,0,0
"308",0,0,0,0,0,0,0,0,0,0,0,0,0,0,0,0,0,0,0,0,0,0,0,0,0,0,0,0,0,0,0,3336.75806,0,0,0,0,0,0,0
"309",0,0,0,0,0,0,0,0,0,0,0,0,0,0,0,0,0,0,0,0,0,0,0,0,0,2885.33088,0,0,0,0,0,2497.74912,0,0,0,0,0,0,0
"310",0,0,0,0,0,0,0,0,0,0,0,0,0,0,0,0,0,0,0,0,0,0,0,0,0,0,0,0,0,0,0,0,0,0,0,0,7980.57,2177.101126,0
"311",0,0,0,0,0,0,0,0,826.55274,0,0,0,0,0,0,0,0,0,0,0,0,0,0,0,0,0,0,0,0,0,0,0,0,0,0,0,4969.91327,4800.36399,0
"312",0,0,0,0,0,0,0,0,0,0,0,0,0,0,0,0,0,0,0,0,0,0,0,0,0,0,0,0,0,0,0,4007.801,0,0,0,0,0,0,0
"313",0,0,0,0,0,0,0,0,51.95625,0,0,0,0,0,0,0,0,0,140.5875,0,0,0,0,0,0,0,0,0,51.95625,0,0,2811.75,0,0,0,0,0,0,0
"314",0,0,3663.85,0,0,0,0,0,0,0,0,0,0,0,0,0,0,0,0,0,0,0,0,0,0,0,0,0,0,0,0,0,0,0,0,0,0,0,0
"315",0,0,0,0,0,0,0,0,0,0,0,0,0,0,0,0,0,0,0,0,0,0,0,0,0,0,0,0,0,0,0,0,0,0,0,0,3583.05876,12132.11124,0
"316",0,0,0,0,0,0,0,0,0,0,0,0,0,0,0,0,0,0,0,0,251.82432,0,0,0,0,0,0,0,0,0,0,0,0,0,0,0,734.4876,19999.04808,0
"317",0,0,0,0,0,0,0,0,0,0,0,0,0,166.17894,0,0,0,0,0,0,0,0,0,0,0,0,0,0,0,0,0,8580.08106,0,0,0,0,0,0,0
"318",0,0,0,0,0,0,0,0,0,0,0,0,0,0,0,0,0,0,0,0,0,0,0,0,0,0,0,0,0,0,0,1443.8973,0,0,0,0,0,0,0
"319",0,0,1170.6744,0,0,0,0,0,0,0,0,0,0,0,0,0,0,0,0,0,0,0,0,0,0,0,0,0,0,0,0,5774.5089,0,0,0,0,0,0,0
"320",0,0,0,0,0,0,0,0,0,0,0,0,0,0,0,0,0,0,0,0,0,0,0,0,0,0,0,0,0,0,0,8054.09,0,0,0,0,0,0,0
"321",0,0,5343.0291,0,0,0,0,0,0,0,0,0,0,0,0,0,4814.8209,0,0,0,0,0,0,0,0,0,0,0,0,0,0,0,0,0,0,0,0,0,0
"322",0,0,38.7456,0,0,0,0,0,0,0,0,0,0,0,0,2918.8352,38.7456,0,0,0,0,0,0,0,0,0,0,0,0,0,0,3332.1216,0,0,0,0,0,129.152,0
"323",0,0,1509.25842,0,0,0,0,0,0,0,0,0,0,0,655.25417,0,0,0,0,0,0,940.95741,0,0,0,0,0,0,0,0,0,0,0,0,0,0,0,0,0
"324",0,0,0,0,0,77.26495,0,0,0,0,0,0,0,0,0,0,0,0,0,0,0,0,0,0,0,0,0,0,0,0,0,0,3867.26886,0,0,0,83.446146,317.572824,0
"325",156.4986,0,0,0,0,0,0,0,0,0,0,3490.086732,0,0,0,0,0,0,0,0,0,0,0,0,0,0,0,0,0,0,0,0,0,0,0,171.442554,3792.7896,1629.4266,73.6464
"326",0,0,6185.93908,0,0,0,0,0,0,0,0,0,0,0,0,0,0,0,0,0,0,1128.6542,0,0,0,0,0,0,0,0,0,0,0,0,0,0,0,0,72.8164
"327",0,0,0,0,0,0,0,0,0,0,0,0,0,225.4023,0,0,0,0,0,0,0,0,0,0,0,0,0,0,0,0,7288.0077,0,0,0,0,0,0,0,0
"328",20.77689,0,0,0,0,0,0,0,0,0,0,3.66651,0,0,0,0,0,0,0,0,0,0,0,0,0,0,0,0,0,0,0,0,0,0,0,0,0,3860.63052,0
"329",0,0,12.0777,0,0,0,0,0,0,0,0,0,0,0,0,531.3312,0,0,0,0,0,0,0,0,0,2576.2572,0,0,0,0,0,0,0,0,0,0,0,0,0
"330",0,0,6797.15275,0,0,0,0,0,0,0,0,0,0,0,245.47845,0,0,0,0,0,0,0,0,0,0,0,0,0,0,0,0,0,0,0,0,0,0,0,0
"331",0,0,0,0,0,0,0,0,0,0,0,0,0,0,0,54.16542,0,0,0,0,0,0,0,46.652676,0,5149.7154,0,0,0,0,0,1414.3193,0,0,0,0,0,0,0
"332",0,0,0,0,0,0,0,0,0,0,0,0,0,0,0,0,0,0,0,0,0,0,0,0,0,0,0,0,0,0,0,0,382.08144,0,0,0,1343.008138,5915.834322,0
"333",0,0,1374.86544,0,0,0,0,0,0,0,0,0,0,0,0,0,0,7310.225387,0,0,0,0,0,0,0,0,0,0,0,0,0,0,0,0,0,0,0,237.95748,0
"334",0,0,3068.05968,0,0,0,0,0,0,0,0,0,0,0,789.63793,0,0,0,0,0,0,388.61762,0,0,0,0,0,0,0,0,0,0,0,0,0,0,0,0,0
"335",0,0,0,0,0,0,0,0,0,0,0,4317.46722,0,0,0,0,0,0,0,0,0,0,0,0,0,0,0,0,0,0,0,0,0,0,0,0,0,0,5.15126
"336",549.26865,0,0,0,0,0,0,0,0,0,0,83.6567,0,0,0,0,0,0,0,0,0,0,0,0,0,0,0,0,0,0,0,0,0,0,0,0,0,0,0
"337",0,0,0,0,0,0,0,0,0,0,0,0,0,0,0,0,0,0,0,0,0,0,0,0,0,0,0,0,0,0,0,0,0,0,0,0,0,0,2378.99994
"338",0,0,0,0,0,0,0,0,0,0,0,0,0,0,0,0,0,0,0,0,0,0,0,0,0,0,0,0,0,0,0,34.314865,0,0,0,0,18.477235,0,0
"339",0,0,0,0,0,0,0,0,0,0,0,0,0,0,0,0,0,0,0,0,0,0,0,0,0,786.8322,0,0,0,0,0,0,0,0,0,0,0,0,0
"340",0,0,0,0,0,0,0,0,0,0,0,0,0,0,0,0,0,0,0,0,0,0,0,0,632.63936,0,0,0,0,0,0,0,1499.74816,0,0,0,41.86584,204.67744,0
"341",0,0,0,0,0,0,0,0,0,0,0,0,0,0,0,0,0,0,0,0,0,0,0,0,0,0,0,0,0,0,0,0,8205.70898,0,0,0,5345.86052,5140.2505,0
"342",0,0,0,0,0,0,0,0,0,0,0,0,0,0,0,0,0,0,0,0,0,0,0,2708.66464,0,0,0,0,0,0,40.582674,0,0,0,0,0,0,0,0
"343",0,0,0,0,0,0,0,0,0,0,0,0,0,0,0,0,576.30592,0,0,0,0,0,0,0,0,8428.47408,0,0,0,0,0,0,0,0,0,0,0,0,0
"344",0,0,226.53201,0,0,0,0,0,0,0,0,0,0,0,0,0,0,0,0,0,0,0,0,0,0,0,0,0,0,0,0,0,0,0,0,0,0,0,0
"345",0,0,0,0,0,0,0,0,15.977195,0,0,0,0,0,0,85.50345,0,0,0,0,0,0,0,0,0,0,0,0,0,0,0,1999.94655,0,0,0,0,0,0,0
"346",0,0,0,0,0,0,0,0,0,0,0,0,0,0,0,0,0,0,0,0,0,0,0,0,0,0,1869.99048,0,0,0,0,1185.54952,0,0,0,0,0,0,0
"347",0,0,0,0,0,0,0,0,0,0,0,0,0,0,0,0,0,0,0,0,0,0,0,0,0,8440.57944,0,0,0,0,0,0,0,0,0,0,0,0,0
"348",0,0,0,88.5942,0,0,0,0,0,0,0,0,0,0,0,0,0,0,0,0,0,0,0,0,0,0,0,0,0,0,0,0,0,0,0,0,0,3094.250935,0
"349",0,0,0,0,0,0,0,0,0,0,0,0,0,0,0,0,0,0,0,0,0,0,0,0,0,0,0,0,0,0,0,0,148.8102,0,0,0,0,0,0
"350",0,0,0,0,0,0,0,0,0,0,0,0,0,0,0,0,0,0,682.8608,59.3792,0,0,0,0,0,0,0,0,0,0,0,0,0,0,0,0,0,0,0
"351",0,0,0,0,0,0,0,0,0,0,0,0,0,0,0,0,0,0,626.94,0,0,0,0,0,0,0,0,0,0,0,0,0,0,0,0,0,0,0,0
"352",0,0,0,0,0,0,0,0,0,0,0,0,0,0,0,0,0,0,0,138.400675,0,0,0,0,0,0,0,0,0,0,0,0,0,0,0,0,0,0,0
"353",0,0,0,0,0,0,0,0,0,0,0,0,0,0,0,0,0,0,237.5241,0,0,0,0,0,0,0,0,0,0,0,0,0,0,0,0,0,0,0,0
"354",0,0,0,0,0,0,0,0,0,0,0,0,0,0,0,0,0,0,130.84633,0.739545,0,0,0,0,0,0,0,0,0,0,0,0,0,0,0,0,0,0,0
"355",0,0,0,0,0,0,0,0,0,0,0,0,0,0,0,0,0,0,279.6,20.038842,0,0,0,0,0,0,0,0,0,0,0,0,0,0,0,0,0,0,0
"356",0,0,0,0,0,0,0,0,0,0,0,0,0,0,0,0,0,0,665.053285,0.284695,0,0,0,0,0,0,0,0,0,0,0,0,0,0,0,0,0,0,0
"357",0,0,0,0,0,0,0,0,0,0,0,0,0,0,0,0,0,0,0.30909,9.99391,0,0,0,0,0,0,0,0,0,0,0,0,0,0,0,0,0,0,0
"358",0,0,0,0,0,0,0,0,0,0,0,0,0,0,0,0,0,0,78.66,0,0,0,0,0,0,0,0,0,0,0,0,0,0,0,0,0,0,0,0
"359",0,0,0,0,0,0,0,0,0,0,0,0,0,0,0,0,0,0,0,100.249016,0,0,0,0,0,0,0,0,0,0,0,0,0,0,0,0,0,0,0
"360",0,0,0,0,0,0,0,0,0,0,0,0,0,0,0,0,0,0,234.55848,139.119408,0,0,0,0,0,0,0,0,0,0,0,0,0,0,0,0,0,0,0
"361",0,0,0,0,0,0,0,0,0,0,0,0,0,0,0,0,0,0,730.1861,48.2639,0,0,0,0,0,0,0,0,0,0,0,0,0,0,0,0,0,0,0
"362",0,0,0,0,0,0,0,0,0,0,0,0,0,0,0,0,0,0,0,36.4429,0,0,0,0,0,0,0,0,0,0,0,0,0,0,0,0,0,0,0
"363",0,0,0,0,0,0,0,0,0,0,0,0,0,0,0,0,0,0,0,17.52649,0,0,0,0,0,0,0,0,0,0,0,0,0,0,0,0,0,0,0
"364",0,0,0,0,0,0,0,0,0,0,0,0,0,0,0,0,0,0,0,64.85044,0,0,0,0,0,0,0,0,0,0,0,0,0,0,0,0,0,0,0
"365",0,0,0,0,0,0,0,0,0,0,0,0,0,0,0,0,0,0,0.412928,95.931,0,0,0,0,0,0,0,0,0,0,0,0,0,0,0,0,0,0,0
"366",0,0,0,0,0,0,0,0,0,0,0,0,0,0,0,0,0,0,0,115.09,0,0,0,0,0,0,0,0,0,0,0,0,0,0,0,0,0,0,0
"367",0,0,0,0,0,0,0,0,0,0,0,0,0,0,0,0,0,0,0,23.482608,0,0,0,0,0,0,0,0,0,0,0,0,0,0,0,0,0,0,0
"368",0,0,0,0,0,0,0,0,0,0,0,0,0,0,0,0,0,0,126.680922,102.7044,0,0,0,0,0,0,0,0,0,0,0,0,0,0,0,0,0,0,0
"369",0,0,0,0,0,0,0,0,0,0,0,0,0,0,0,0,0,0,0,32.83138,0,0,0,0,0,0,0,0,0,0,0,0,0,0,0,0,0,0,0
"370",0,0,0,0,0,0,0,0,0,0,0,0,0,0,0,0,0,0,191.29771,2230.67069,0,0,0,0,0,0,0,0,0,0,0,0,0,0,0,0,0,0,0
"371",0,0,0,0,0,0,0,0,0,0,0,0,0,0,0,0,0,0,166.588294,616.860678,0,0,0,0,0,0,0,0,0,0,0,0,0,0,0,0,0,0,0
"372",0,0,0,0,0,0,0,0,0,0,0,0,0,0,0,0,0,0,1080.60557,255.12443,0,0,0,0,0,0,0,0,0,0,0,0,0,0,0,0,0,0,0
"373",0,0,0,0,0,0,0,0,5.442066,0.604674,0,0,0,0,0,0,0,0,0,0,0,0,0,0,0,0,0,0,19.49196,0,0,0,0,0,0,0,0,0,0
"374",0,0,0,0,0,0,0,0,0,0,0,0,0,0,0,0,0,0,0,16.49394,0,0,0,0,0,0,0,0,0,0,0,0,0,0,0,0,0,0,0
"375",0,0,0,0,0,0,0,0,0,0,0,0,0,0,0,0,0,0,459.138879,176.082873,0,0,0,0,0,0,0,0,0,0,0,0,0,0,0,0,0,0,0
"376",0,0,0,0,0,0,0,0,0,0,0,0,0,0,0,0,0,0,0,516.4816,0,0,0,0,0,0,0,0,0,0,0,0,0,0,0,0,0,0,0
"377",0,0,0,0,0,0,0,0,0,0,0,0,0,0,0,0,0,0,1000.8582,108.764,0,0,0,0,0,0,0,0,0,0,0,0,0,0,0,0,0,0,0
"378",0,0,0,0,0,0,0,0,0,0,0,0,0,0,0,0,0,0,0,36.5071,0,0,0,0,0,0,0,0,0,0,0,0,0,0,0,0,0,0,0
"379",0,0,0,0,0,0,0,0,0,0,0,0,0,0,0,0,0,0,0.473108,0.473108,0,0,0,0,0,0,0,0,0,0,0,0,0,0,0,0,0,0,0
"380",0,0,0,0,0,0,0,0,0,0,0,0,0,0,0,0,0,0,0,50.940498,0,0,0,0,0,0,0,0,0,0,0,0,0,0,0,0,0,0,0
"381",0,0,0,0,0,0,0,0,0,0,0,0,0,0,0,0,0,0,0,0,0,0,0,0,0,0,0,0,0.739,0,0,0,0,0,0,0,0,0,0
"382",0,0,0,0,0,0,0,0,0,0,0,0,0,0,0,0,0,0,308.10813,143.00187,0,0,0,0,0,0,0,0,0,0,0,0,0,0,0,0,0,0,0
"383",0,0,0,0,0,0,0,0,0,0,0,0,0,0,0,0,0,0,0,507.846,0,0,0,0,0,0,0,0,0,0,0,0,0,0,0,0,0,0,0
"384",0,0,0,0,0,0,0,0,0,0,0,0,0,0,0,0,0,0,0,55.7482,0,0,0,0,0,0,0,0,0,0,0,0,0,0,0,0,0,0,0
"385",0,0,0,0,0,0,0,0,0,0,0,0,0,0,0,0,0,0,63.30519,41.324398,0,0,0,0,0,0,0,0,0,0,0,0,0,0,0,0,0,0,0
"386",0,0,0,0,0,0,0,0,0,0,0,0,0,0,0,0,0,0,56.214905,375.11975,0,0,0,0,0,0,0,0,0,0,0,0,0,0,0,0,0,0,0
"387",0,0,0,0,0,0,0,0,0,0,0,0,0,0,0,0,0,0,0,57.585752,0,0,0,0,0,0,0,0,0,0,0,0,0,0,0,0,0,0,0
"388",0,0,0,0,0,0,0,0,0,0,0,0,0,0,0,0,0,0,0,0,0,0,0,0,0,0,0,0,19.5937,0,0,0,0,0,0,0,0,0,0
"389",0,0,0,0,0,0,0,0,0,0,0,0,0,0,0,0,0,0,145.10991,2357.35145,0,0,0,0,0,0,0,0,0,0,0,0,0,0,0,0,0,0,0
"390",0,0,0,0,0,0,0,0,0,0,0,0,0,0,0,0,0,0,259.69486,536.91514,0,0,0,0,0,0,0,0,0,0,0,0,0,0,0,0,0,0,0
"391",0,0,0,0,0,0,0,0,0,0,0,0,0,0,0,0,0,0,0.2097,0,0,0,0,0,0,0,0,0,0.6291,0,0,0,0,0,0,0,0,0,0
"392",0,0,0,0,0,0,0,0,0,0,0,0,0,0,0,0,0,0,0,0,0,0,0,0,0,0,0,0,2.461019,0,0,0,0,0,0,0,0,0,0
"393",0,0,0,0,0,0,0,0,0,0,0,0,0,0,0,0,0,0,1868.327232,0,0,0,0,0,0,0,0,226.062,169.5465,0,0,0,0,0,0.671041,0,0,0,0
"394",0,0,0,0,0,0,0,0,0,0,0,0,0,0,0,0,0,0,0,348.029867,0,0,0,0,0,0,0,0,0,0,0,0,0,0,0,0,0,0,0
"395",0,0,0,0,0,0,0,0,0,0,0,0,0,0,0,0,0,0,0,0,0,0,370.155,0,0,0,0,0,0,0,0,0,0,0,0,0,0,0,0
"396",0,0,0,0,0,0,0,0,0,0,0,0,0,0,0,0,0,0,0,346.4277,0,0,0,0,0,0,0,0,0,0,0,0,0,0,0,0,0,0,0
"397",0,0,0,0,0,0,0,0,0,0,0,0,0,0,0,0,0,0,0,140.156791,0,0,0,0,0,0,0,0,0,0,0,0,0,0,0,0,0,0,0
"398",0,0,0,0,0,0,0,0,0,0.643697,0,0,0,0,0,0,0,0,0,276.287683,0,0,0,0,0,0,0,0,0,0,0,0,0,0,0,0,0,0,0
"399",0,0,0,0,0,0,0,0,0,0,0,0,0,0,0,0,0,0,0,47.586168,0,0,0,0,0,0,0,0,0,0,0,0,0,0,0,0,0,0,0
"400",0,0,0,0,0,0,0,0,0,0,0,0,0,0,0,0,0,0,0,0,0,0,0.24472,0,0,0,0,0,3.9767,0,0,0,0,0,0,0,0,0,0
"401",0,0,0,0,0,0,0,0,0,0,0,0,0,0,0,2.414892,0,0,88.92,111.085032,0,0,0,0,0,0,0,0,0,0,0,0,0,0,0,0,0,0,0
"402",0,0,0,0,0,0,0,0,0,0,0,0,0,0,0,0,0,0,0,0,0,0,0,0,0,0,0,0,14.4538,0,0,0,0,0,0,0,0,0,0
