"","nfi_plot","meas_date","biomass_total","loc_id","meas_num","species_num","genus","species","variety","percent","species_ltrel","utm_n","utm_e","percent/100","biomass_composition"
"1",1100891,"2003-JUN-30",1036.69,0,0,1,"ABIE","LAS",NA,64.5,0.8,6620000,540000,0.645,668.66505
"2",1100891,"2003-JUN-30",1036.69,0,0,2,"PICE","SPP",NA,35.5,0.2,6620000,540000,0.355,368.02495
"3",1100891,"2021-JUL-18",1284.07,0,1,2,"PICE","SPP",NA,31.2,0.125,6620000,540000,0.312,400.62984
"4",1100891,"2021-JUL-18",1284.07,0,1,1,"ABIE","LAS",NA,68.8,0.875,6620000,540000,0.688,883.44016
"5",1100951,"2005-JUL-13",2937.31,0,0,1,"PICE","GLA",NA,95.6,0.88,6640000,440000,0.956,2808.06836
"6",1100951,"2005-JUL-13",2937.31,0,0,2,"POPU","TRE",NA,4.4,0.12,6640000,440000,0.044,129.24164
"7",1100951,"2020-AUG-07",3886.61,0,1,2,"POPU","TRE",NA,4.3,0.12,6640000,440000,0.043,167.12423
"8",1100951,"2020-AUG-07",3886.61,0,1,1,"PICE","GLA",NA,95.7,0.88,6640000,440000,0.957,3719.48577
"9",1100981,"2003-JUL-21",6590.49,0,0,1,"PICE","SPP",NA,93.9,0.919,6640000,560000,0.939,6188.47011
"10",1100981,"2003-JUL-21",6590.49,0,0,2,"BETU","NEO",NA,6.1,0.081,6640000,560000,0.061,402.01989
"11",1100996,"2003-JUL-19",4022.73,0,0,1,"PINU","CON",NA,84,0.769,6650000,620000,0.84,3379.0932
"12",1100996,"2003-JUL-19",4022.73,0,0,2,"PICE","SPP",NA,12.7,0.192,6650000,620000,0.127,510.88671
"13",1100996,"2003-JUL-19",4022.73,0,0,3,"PICE","MAR",NA,3.3,0.038,6650000,620000,0.033,132.75009
"14",1100996,"2020-AUG-21",5090.88,0,1,1,"PINU","CON","LAT",73.3,0.629,6650000,620000,0.733,3731.61504
"15",1100996,"2020-AUG-21",5090.88,0,1,2,"PICE","MAR",NA,26.7,0.371,6650000,620000,0.267,1359.26496
"16",1101011,"2003-JUL-18",1442.05,0,0,2,"ABIE","LAS",NA,11.6,0.143,6650000,340000,0.116,167.2778
"17",1101011,"2003-JUL-18",1442.05,0,0,1,"PICE","SPP",NA,88.4,0.857,6650000,340000,0.884,1274.7722
"18",1101011,"2020-JUL-19",1431.26,0,1,1,"PICE","GLA",NA,78.6,0.724,6650000,340000,0.786,1124.97036
"19",1101011,"2020-JUL-19",1431.26,0,1,2,"ABIE","LAS",NA,21.4,0.276,6650000,340000,0.214,306.28964
"20",1101036,"2004-AUG-16",5742.88,0,0,2,"BETU","SPP",NA,2.5,0.154,6640000,440000,0.025,143.572
"21",1101036,"2004-AUG-16",5742.88,0,0,1,"PICE","GLA",NA,97.5,0.846,6640000,440000,0.975,5599.308
"22",1101036,"2020-JUL-18",4971.34,0,1,1,"PICE","GLA",NA,87.9,0.556,6640000,440000,0.879,4369.80786
"23",1107841,"2003-JUL-16",5539.62,0,0,1,"PICE","SPP",NA,85.2,0.878,6620000,480000,0.852,4719.75624
"24",1107841,"2003-JUL-16",5539.62,0,0,2,"PINU","CON",NA,12.5,0.1,6620000,480000,0.125,692.4525
"25",1107841,"2020-AUG-08",4760.26,0,1,1,"PICE","MAR",NA,68.9,0.688,6620000,480000,0.689,3279.81914
"26",1107841,"2020-AUG-08",4760.26,0,1,2,"PICE","GLA",NA,17.2,0.203,6620000,480000,0.172,818.76472
"27",1107841,"2020-AUG-08",4760.26,0,1,3,"PINU","CON","LAT",13.9,0.109,6620000,480000,0.139,661.67614
"28",1107881,"2001-AUG-19",521.71,0,0,2,"PICE","MAR",NA,19.3,0.136,6630000,640000,0.193,100.69003
"29",1107881,"2001-AUG-19",521.71,0,0,1,"PINU","CON",NA,80.7,0.864,6630000,640000,0.807,421.01997
"30",1107881,"2020-AUG-10",3481.14,0,1,1,"PINU","CON","LAT",73.3,0.777,6630000,640000,0.733,2551.67562
"31",1107881,"2020-AUG-10",3481.14,0,1,2,"PICE","MAR",NA,26.7,0.223,6630000,640000,0.267,929.46438
"32",1107901,"2001-JUL-14",1131.42,0,0,1,"PICE","ENG","GLA",73.2,0.75,6630000,380000,0.732,828.19944
"33",1107901,"2001-JUL-14",1131.42,0,0,2,"ABIE","LAS",NA,26.8,0.25,6630000,380000,0.268,303.22056
"34",1107901,"2020-JUL-20",1947.12,0,1,2,"ABIE","LAS",NA,23.9,0.243,6630000,380000,0.239,465.36168
"35",1107901,"2020-JUL-20",1947.12,0,1,1,"PICE","ENG","GLA",76.1,0.757,6630000,380000,0.761,1481.75832
"36",1107906,"2004-AUG-19",9431.12,0,0,1,"PICE","MAR",NA,48.9,0.732,6630000,4e+05,0.489,4611.81768
"37",1107906,"2004-AUG-19",9431.12,0,0,2,"PINU","CON",NA,27,0.146,6630000,4e+05,0.27,2546.4024
"38",1107906,"2004-AUG-19",9431.12,0,0,3,"BETU","PAP",NA,24.1,0.122,6630000,4e+05,0.241,2272.89992
"39",1107906,"2020-JUL-23",13530.14,0,1,3,"PINU","CON",NA,16.3,0.097,6630000,4e+05,0.163,2205.41282
"40",1107906,"2020-JUL-23",13530.14,0,1,4,"ABIE","LAS",NA,0.8,0.032,6630000,4e+05,0.008,108.24112
"41",1107906,"2020-JUL-23",13530.14,0,1,1,"PICE","MAR",NA,54.4,0.742,6630000,4e+05,0.544,7360.39616
"42",1107906,"2020-JUL-23",13530.14,0,1,2,"BETU","PAP",NA,28.6,0.129,6630000,4e+05,0.286,3869.62004
"43",1107921,"2001-JUL-16",206.23,0,0,2,"LARI","LAR",NA,27.3,0.125,6620000,460000,0.273,56.30079
"44",1107921,"2001-JUL-16",206.23,0,0,1,"PICE","MAR",NA,72.7,0.875,6620000,460000,0.727,149.92921
"45",1107921,"2020-JUL-15",188.52,0,1,2,"LARI","LAR",NA,35.4,0.143,6620000,460000,0.354,66.73608
"46",1107921,"2020-JUL-15",188.52,0,1,1,"PICE","MAR",NA,64.6,0.857,6620000,460000,0.646,121.78392
"47",1114666,"2002-JUL-30",379.83,0,0,1,"PICE","SPP",NA,100,1,6590000,6e+05,1,379.83
"48",1114726,"2002-JUL-28",1665.37,0,0,2,"PICE","SPP",NA,19.1,0.243,6600000,5e+05,0.191,318.08567
"49",1114726,"2002-JUL-28",1665.37,0,0,1,"PINU","CON",NA,80.9,0.757,6600000,5e+05,0.809,1347.28433
"50",1114726,"2020-AUG-09",2995.16,0,1,1,"PINU","CON","LAT",74.4,0.722,6600000,5e+05,0.744,2228.39904
"51",1114726,"2020-AUG-09",2995.16,0,1,3,"PICE","MAR",NA,0.8,0.019,6600000,5e+05,0.008,23.96128
"52",1114726,"2020-AUG-09",2995.16,0,1,2,"PICE","GLA",NA,24.8,0.259,6600000,5e+05,0.248,742.79968
"53",1114741,"2005-JUL-09",4030.48,0,0,1,"PICE","MAR",NA,91.4,0.937,6600000,560000,0.914,3683.85872
"54",1114741,"2005-JUL-09",4030.48,0,0,3,"PINU","CON","LAT",3.2,0.016,6600000,560000,0.032,128.97536
"55",1114741,"2005-JUL-09",4030.48,0,0,2,"POPU","BAL",NA,5.4,0.048,6600000,560000,0.054,217.64592
"56",1114741,"2020-AUG-17",4281.57,0,1,2,"POPU","BAL",NA,15.3,0.18,6600000,560000,0.153,655.08021
"57",1114741,"2020-AUG-17",4281.57,0,1,1,"PICE","MAR",NA,79.1,0.76,6600000,560000,0.791,3386.72187
"58",1114761,"2005-JUL-07",6155.02,0,0,1,"PICE","GLA",NA,65.2,0.563,6610000,640000,0.652,4013.07304
"59",1114761,"2005-JUL-07",6155.02,0,0,2,"BETU","PAP",NA,17.5,0.25,6610000,640000,0.175,1077.1285
"60",1114761,"2005-JUL-07",6155.02,0,0,3,"PICE","MAR",NA,10.3,0.125,6610000,640000,0.103,633.96706
"61",1114761,"2020-AUG-12",3983.02,0,1,1,"PICE","GLA",NA,76.8,0.778,6610000,640000,0.768,3058.95936
"62",1114846,"2002-JUL-15",4194.64,0,0,2,"PICE","GLA",NA,19,0.224,6600000,640000,0.19,796.9816
"63",1114846,"2002-JUL-15",4194.64,0,0,1,"POPU","TRE",NA,81,0.776,6600000,640000,0.81,3397.6584
"64",1114846,"2019-JUL-15",6708.21,0,1,2,"PICE","GLA",NA,37.2,0.433,6600000,640000,0.372,2495.45412
"65",1114846,"2019-JUL-15",6708.21,0,1,1,"POPU","TRE",NA,62.1,0.55,6600000,640000,0.621,4165.79841
"66",1114846,"2019-JUL-15",6708.21,0,1,3,"PSEU","MEN","GLA",0.7,0.017,6600000,640000,0.007,46.95747
"67",1121576,"2001-AUG-21",3599.97,0,0,1,"ABIE","LAS",NA,100,1,6580000,380000,1,3599.97
"68",1121576,"2021-AUG-17",3572.43,0,1,1,"ABIE","LAS",NA,100,1,6580000,380000,1,3572.43
"69",1121621,"2001-AUG-24",5778.29,0,0,2,"PINU","CON",NA,26.9,0.278,6580000,560000,0.269,1554.36001
"70",1121621,"2001-AUG-24",5778.29,0,0,1,"PICE","GLA",NA,73.1,0.722,6580000,560000,0.731,4223.92999
"71",1121621,"2020-AUG-19",4641.82,0,1,1,"PICE","GLA",NA,79.7,0.704,6580000,560000,0.797,3699.53054
"72",1121621,"2020-AUG-19",4641.82,0,1,3,"PICE","MAR",NA,1.6,0.074,6580000,560000,0.016,74.26912
"73",1121621,"2020-AUG-19",4641.82,0,1,2,"PINU","CON","LAT",18.7,0.222,6580000,560000,0.187,868.02034
"74",1128496,"2002-JUL-27",308.89,0,0,1,"PICE","SPP",NA,100,1,6560000,540000,1,308.89
"75",1128496,"2020-AUG-14",626.67,0,1,1,"PICE","GLA",NA,100,1,6560000,540000,1,626.67
"76",1128606,"2002-JUL-09",215.12,0,0,1,"PICE","MAR",NA,100,1,6560000,640000,1,215.12
"77",1128606,"2019-JUL-02",353.04,0,1,1,"PICE","MAR",NA,100,1,6560000,640000,1,353.04
"78",1128611,"2002-JUL-13",3347.37,0,0,1,"POPU","TRE",NA,82.9,0.945,6560000,660000,0.829,2774.96973
"79",1128611,"2019-JUL-04",4705.28,0,1,1,"POPU","TRE",NA,73.7,0.85,6560000,660000,0.737,3467.79136
"80",1135306,"2003-JUL-23",12267.14,0,0,1,"ABIE","LAS",NA,100,1,6530000,610000,1,12267.14
"81",1135306,"2021-JUL-20",12201.8,0,1,1,"ABIE","LAS",NA,100,1,6530000,610000,1,12201.8
"82",1135321,"2003-JUL-25",6851.61,0,0,1,"ABIE","LAS",NA,100,1,6530000,670000,1,6851.61
"83",1135321,"2021-JUL-19",6650.47,0,1,1,"ABIE","LAS",NA,100,1,6530000,670000,1,6650.47
"84",1135396,"2002-JUL-31",4592.9,0,0,3,"PINU","CON",NA,9.6,0.111,6550000,620000,0.096,440.9184
"85",1135396,"2002-JUL-31",4592.9,0,0,1,"PICE","MAR",NA,57.8,0.667,6550000,620000,0.578,2654.6962
"86",1135396,"2002-JUL-31",4592.9,0,0,2,"PICE","SPP",NA,32.6,0.222,6550000,620000,0.326,1497.2854
"87",1135396,"2020-AUG-13",4777.16,0,1,2,"PICE","GLA",NA,48.8,0.357,6550000,620000,0.488,2331.25408
"88",1135396,"2020-AUG-13",4777.16,0,1,1,"PICE","MAR",NA,51.2,0.643,6550000,620000,0.512,2445.90592
"89",1135431,"2000-AUG-26",1158.66,0,0,1,"PICE","MAR",NA,100,1,6550000,420000,1,1158.66
"90",1135431,"2020-JUL-04",1153.32,0,1,1,"PICE","MAR",NA,100,1,6550000,420000,1,1153.32
"91",1135451,"2004-AUG-27",2988.28,0,0,1,"PICE","MAR",NA,96.2,0.966,6540000,5e+05,0.962,2874.72536
"92",1135451,"2004-AUG-27",2988.28,0,0,2,"PICE","GLA",NA,3.8,0.034,6540000,5e+05,0.038,113.55464
"93",1135451,"2019-JUN-26",3684.68,0,1,1,"PICE","MAR",NA,96.7,0.978,6540000,5e+05,0.967,3563.08556
"94",1135451,"2019-JUN-26",3684.68,0,1,2,"PICE","GLA",NA,3.3,0.022,6540000,5e+05,0.033,121.59444
"95",1135456,"2004-AUG-11",3589.42,0,0,5,"BETU","SPP",NA,1.3,0.077,6540000,520000,0.013,46.66246
"96",1135456,"2004-AUG-11",3589.42,0,0,1,"PICE","GLA",NA,85.4,0.615,6540000,520000,0.854,3065.36468
"97",1135456,"2004-AUG-11",3589.42,0,0,2,"PICE","MAR",NA,7,0.154,6540000,520000,0.07,251.2594
"98",1135456,"2019-JUL-07",3381.53,0,1,1,"PICE","GLA",NA,83.1,0.615,6540000,520000,0.831,2810.05143
"99",1135456,"2019-JUL-07",3381.53,0,1,2,"PICE","MAR",NA,7.8,0.154,6540000,520000,0.078,263.75934
"100",1135471,"2003-JUN-16",24.3,0,0,1,"LARI","LAR",NA,100,1,6540000,580000,1,24.3
"101",1135471,"2019-JUL-22",50.45,0,1,1,"LARI","LAR",NA,100,1,6540000,580000,1,50.45
"102",1142211,"2003-JUN-24",5459.75,0,0,1,"PICE","SPP",NA,100,1,6520000,360000,1,5459.75
"103",1142211,"2021-AUG-16",6654.51,0,1,1,"PICE","ENG","GLA",100,1,6520000,360000,1,6654.51
"104",1142316,"2003-JUL-30",30.73,0,0,1,"PINU","CON","LAT",100,1,6530000,440000,1,30.73
"105",1142316,"2020-JUL-06",262.94,0,1,1,"PICE","MAR",NA,62.7,0.778,6530000,440000,0.627,164.86338
"106",1142316,"2020-JUL-06",262.94,0,1,2,"PINU","CON",NA,37.3,0.222,6530000,440000,0.373,98.07662
"107",1142331,"2004-AUG-14",344.42,0,0,1,"PICE","MAR",NA,92.5,0.929,6520000,5e+05,0.925,318.5885
"108",1142331,"2004-AUG-14",344.42,0,0,2,"LARI","LAR",NA,7.5,0.071,6520000,5e+05,0.075,25.8315
"109",1142331,"2019-JUL-06",496.22,0,1,2,"LARI","LAR",NA,8.2,0.056,6520000,5e+05,0.082,40.69004
"110",1142331,"2019-JUL-06",496.22,0,1,1,"PICE","MAR",NA,91.8,0.944,6520000,5e+05,0.918,455.52996
"111",1142341,"2004-AUG-20",2026.31,0,0,1,"BETU","PAP",NA,83.9,0.5,6520000,540000,0.839,1700.07409
"112",1142341,"2004-AUG-20",2026.31,0,0,2,"PICE","GLA",NA,16.1,0.5,6520000,540000,0.161,326.23591
"113",1142341,"2019-JUL-23",2033.21,0,1,2,"PICE","GLA",NA,34.4,0.5,6520000,540000,0.344,699.42424
"114",1142341,"2019-JUL-23",2033.21,0,1,1,"BETU","PAP",NA,65.6,0.5,6520000,540000,0.656,1333.78576
"115",1149076,"2001-AUG-23",176.06,0,0,1,"ABIE","LAS",NA,100,1,6490000,650000,1,176.06
"116",1149076,"2021-JUL-22",1750.14,0,1,1,"ABIE","LAS",NA,100,1,6490000,650000,1,1750.14
"117",1149111,"2003-JUL-26",1910.82,0,0,1,"PICE","SPP",NA,90.4,0.773,6500000,440000,0.904,1727.38128
"118",1149111,"2003-JUL-26",1910.82,0,0,2,"ABIE","LAS",NA,9.6,0.227,6500000,440000,0.096,183.43872
"119",1149111,"2021-AUG-18",1961.52,0,1,2,"ABIE","LAS",NA,19.8,0.346,6500000,440000,0.198,388.38096
"120",1149111,"2021-AUG-18",1961.52,0,1,1,"PICE","SPP",NA,80.2,0.654,6500000,440000,0.802,1573.13904
"121",1149116,"2002-JUL-23",6433.91,0,0,2,"PICE","SPP",NA,4.2,0.027,6500000,460000,0.042,270.22422
"122",1149116,"2002-JUL-23",6433.91,0,0,1,"ABIE","LAS",NA,95.8,0.973,6500000,460000,0.958,6163.68578
"123",1149116,"2021-JUL-16",7677.28,0,1,2,"PICE","SPP",NA,4.4,0.029,6500000,460000,0.044,337.80032
"124",1149116,"2021-JUL-16",7677.28,0,1,1,"ABIE","LAS",NA,95.6,0.971,6500000,460000,0.956,7339.47968
"125",1149246,"2001-JUL-19",947.31,0,0,1,"LARI","LAR",NA,100,1,6500000,640000,1,947.31
"126",1149246,"2019-JUL-11",899.1,0,1,1,"LARI","LAR",NA,100,1,6500000,640000,1,899.1
"127",1156121,"2003-JUN-18",4197.64,0,0,3,"PICE","GLA",NA,14.8,0.073,6480000,610000,0.148,621.25072
"128",1156121,"2003-JUN-18",4197.64,0,0,1,"PICE","MAR",NA,57.7,0.78,6480000,610000,0.577,2422.03828
"129",1156121,"2003-JUN-18",4197.64,0,0,2,"LARI","LAR",NA,27.5,0.146,6480000,610000,0.275,1154.351
"130",1156121,"2019-JUL-12",5177.31,0,1,1,"PICE","MAR",NA,52.8,0.783,6480000,610000,0.528,2733.61968
"131",1156121,"2019-JUL-12",5177.31,0,1,2,"LARI","LAR",NA,29.7,0.13,6480000,610000,0.297,1537.66107
"132",1156121,"2019-JUL-12",5177.31,0,1,4,"BETU","NEO",NA,0.7,0.022,6480000,610000,0.007,36.24117
"133",1156121,"2019-JUL-12",5177.31,0,1,3,"PICE","GLA",NA,16.8,0.065,6480000,610000,0.168,869.78808
"134",1162841,"2003-JUN-26",1898.81,0,0,1,"ABIE","LAS",NA,100,1,6460000,330000,1,1898.81
"135",1162966,"2004-AUG-24",3441.11,0,0,2,"ABIE","LAS",NA,31.8,0.29,6460000,470000,0.318,1094.27298
"136",1162966,"2004-AUG-24",3441.11,0,0,3,"PICE","GLA",NA,10,0.129,6460000,470000,0.1,344.111
"137",1162966,"2004-AUG-24",3441.11,0,0,1,"PICE","MAR",NA,58.2,0.581,6460000,470000,0.582,2002.72602
"138",1162966,"2020-JUL-07",3710.23,0,1,3,"PICE","GLA",NA,10.5,0.131,6460000,470000,0.105,389.57415
"139",1162966,"2020-JUL-07",3710.23,0,1,1,"PICE","MAR",NA,51.4,0.574,6460000,470000,0.514,1907.05822
"140",1162966,"2020-JUL-07",3710.23,0,1,2,"ABIE","LAS",NA,38.1,0.295,6460000,470000,0.381,1413.59763
"141",1163006,"2001-JUL-19",389.61,0,0,2,"PICE","MAR",NA,36.9,0.353,6460000,630000,0.369,143.76609
"142",1163006,"2001-JUL-19",389.61,0,0,1,"LARI","LAR",NA,63.1,0.647,6460000,630000,0.631,245.84391
"143",1163006,"2019-JUL-17",427.62,0,1,1,"LARI","LAR",NA,66.3,0.733,6460000,630000,0.663,283.51206
"144",1163006,"2019-JUL-17",427.62,0,1,2,"PICE","MAR",NA,33.7,0.267,6460000,630000,0.337,144.10794
"145",1169811,"2003-JUL-24",4638.29,0,0,3,"PINU","CON","LAT",13.9,0.2,6450000,330000,0.139,644.72231
"146",1169811,"2003-JUL-24",4638.29,0,0,2,"PICE","ENG","GLA",25.7,0.367,6450000,330000,0.257,1192.04053
"147",1169811,"2003-JUL-24",4638.29,0,0,1,"ABIE","LAS",NA,60.5,0.433,6450000,330000,0.605,2806.16545
"148",1169811,"2018-JUL-17",5283.19,0,1,3,"PINU","CON",NA,10.6,0.148,6450000,330000,0.106,560.01814
"149",1176611,"2002-AUG-01",5240.63,0,0,1,"POPU","TRE",NA,55.2,0.75,6420000,370000,0.552,2892.82776
"150",1176611,"2021-AUG-07",6594.66,0,1,1,"POPU","TRE",NA,56.3,0.684,6420000,370000,0.563,3712.79358
"151",1176651,"2001-AUG-18",1452.33,0,0,1,"PICE","MAR",NA,100,1,6420000,530000,1,1452.33
"152",1176651,"2021-AUG-04",1258.11,0,1,1,"PICE","MAR",NA,100,1,6420000,530000,1,1258.11
"153",1176656,"2003-JUN-27",1971.61,0,0,1,"ABIE","LAS",NA,100,1,6420000,550000,1,1971.61
"154",1176656,"2021-JUL-31",1924.72,0,1,1,"ABIE","LAS",NA,100,1,6420000,550000,1,1924.72
"155",1183516,"2005-JUL-18",5234.79,0,0,2,"POPU","TRE",NA,33.5,0.316,6400000,470000,0.335,1753.65465
"156",1183516,"2005-JUL-18",5234.79,0,0,1,"PICE","ENG","GLA",59.6,0.579,6400000,470000,0.596,3119.93484
"157",1183516,"2005-JUL-18",5234.79,0,0,3,"ABIE","LAS",NA,6.9,0.105,6400000,470000,0.069,361.20051
"158",1183516,"2021-JUL-29",4538.87,0,1,1,"PICE","ENG","GLA",51.6,0.429,6400000,470000,0.516,2342.05692
"159",1183601,"2003-JUN-21",4681.73,0,0,2,"POPU","BAL",NA,16.1,0.066,6400000,450000,0.161,753.75853
"160",1183601,"2003-JUN-21",4681.73,0,0,1,"PICE","GLA",NA,83.9,0.934,6400000,450000,0.839,3927.97147
"161",1183601,"2019-JUL-20",5255.11,0,1,2,"POPU","BAL",NA,14.7,0.069,6400000,450000,0.147,772.50117
"162",1183601,"2019-JUL-20",5255.11,0,1,1,"PICE","GLA",NA,85.3,0.931,6400000,450000,0.853,4482.60883
"163",1190376,"2002-JUL-24",2213.87,0,0,2,"POPU","BAL",NA,12.8,0.225,6380000,390000,0.128,283.37536
"164",1190376,"2002-JUL-24",2213.87,0,0,1,"PICE","SPP",NA,87.2,0.775,6380000,390000,0.872,1930.49464
"165",1190376,"2021-AUG-02",4398.3,0,1,1,"PICE","SPP",NA,88.4,0.75,6380000,390000,0.884,3888.0972
"166",1190376,"2021-AUG-02",4398.3,0,1,2,"POPU","BAL",NA,11.6,0.25,6380000,390000,0.116,510.2028
"167",1190456,"2003-JUL-25",14966.09,0,0,3,"PINU","CON","LAT",2.5,0.036,6390000,350000,0.025,374.15225
"168",1190456,"2003-JUL-25",14966.09,0,0,2,"ABIE","LAS",NA,11.4,0.286,6390000,350000,0.114,1706.13426
"169",1190456,"2003-JUL-25",14966.09,0,0,1,"PICE","ENG","GLA",86.1,0.679,6390000,350000,0.861,12885.80349
"170",1190456,"2018-JUL-14",18436.51,0,1,1,"PICE","ENG","GLA",86.4,0.621,6390000,350000,0.864,15929.14464
"171",1190456,"2018-JUL-14",18436.51,0,1,2,"ABIE","LAS",NA,13.6,0.379,6390000,350000,0.136,2507.36536
"172",1197411,"2001-JUL-24",103.32,0,0,1,"PICE","MAR",NA,100,1,6360000,650000,1,103.32
"173",1197411,"2019-SEP-08",294.02,0,1,2,"LARI","LAR",NA,33.5,0.333,6360000,650000,0.335,98.4967
"174",1197411,"2019-SEP-08",294.02,0,1,1,"PICE","MAR",NA,66.5,0.667,6360000,650000,0.665,195.5233
"175",1204261,"2003-JUN-26",1218.45,0,0,1,"PICE","MAR",NA,100,1,6340000,530000,1,1218.45
"176",1204261,"2019-JUL-26",2063.42,0,1,2,"PICE","GLA",NA,1.3,0.017,6340000,530000,0.013,26.82446
"177",1204261,"2019-JUL-26",2063.42,0,1,1,"PICE","MAR",NA,98.7,0.983,6340000,530000,0.987,2036.59554
"178",1204271,"2002-JUL-21",3462.65,0,0,1,"PINU","CON","LAT",93.3,0.846,6340000,570000,0.933,3230.65245
"179",1204271,"2002-JUL-21",3462.65,0,0,3,"PICE","MAR",NA,2.6,0.077,6340000,570000,0.026,90.0289
"180",1204271,"2002-JUL-21",3462.65,0,0,2,"PICE","GLA",NA,4.1,0.077,6340000,570000,0.041,141.96865
"181",1204271,"2019-JUL-27",3714.36,0,1,2,"PICE","GLA",NA,36.4,0.286,6340000,570000,0.364,1352.02704
"182",1204271,"2019-JUL-27",3714.36,0,1,3,"PINU","CON",NA,15.7,0.143,6340000,570000,0.157,583.15452
"183",1204271,"2019-JUL-27",3714.36,0,1,1,"PICE","MAR",NA,47.9,0.571,6340000,570000,0.479,1779.17844
"184",1204281,"2001-JUL-25",4323.89,0,0,2,"PICE","GLA",NA,19.2,0.213,6340000,610000,0.192,830.18688
"185",1204281,"2001-JUL-25",4323.89,0,0,1,"POPU","TRE",NA,74.3,0.773,6340000,610000,0.743,3212.65027
"186",1204281,"2001-JUL-25",4323.89,0,0,3,"PINU","CON",NA,6.5,0.013,6340000,610000,0.065,281.05285
"187",1204281,"2019-JUL-23",6604.98,0,1,3,"PINU","CON",NA,5.4,0.014,6340000,610000,0.054,356.66892
"188",1204281,"2019-JUL-23",6604.98,0,1,2,"PICE","GLA",NA,33,0.386,6340000,610000,0.33,2179.6434
"189",1204281,"2019-JUL-23",6604.98,0,1,1,"POPU","TRE",NA,61.5,0.6,6340000,610000,0.615,4062.0627
"190",1211016,"2002-JUL-25",4477.53,0,0,1,"ABIE","LAS",NA,100,1,6320000,390000,1,4477.53
"191",1211016,"2021-AUG-16",6301.25,0,1,1,"ABIE","LAS",NA,100,1,6320000,390000,1,6301.25
"192",1211056,"2005-JUL-17",6981.6,0,0,2,"PICE","ENG",NA,1.6,0.018,6320000,550000,0.016,111.7056
"193",1211056,"2005-JUL-17",6981.6,0,0,1,"ABIE","LAS",NA,98.4,0.982,6320000,550000,0.984,6869.8944
"194",1211056,"2018-JUL-12",7821.78,0,1,1,"ABIE","LAS",NA,97.8,0.981,6320000,550000,0.978,7649.70084
"195",1211056,"2018-JUL-12",7821.78,0,1,2,"PICE","ENG",NA,2.2,0.019,6320000,550000,0.022,172.07916
"196",1211116,"2005-JUN-18",6748.46,0,0,1,"PICE","ENG",NA,64.1,0.613,6330000,430000,0.641,4325.76286
"197",1211116,"2005-JUN-18",6748.46,0,0,2,"ABIE","LAS",NA,35.9,0.387,6330000,430000,0.359,2422.69714
"198",1211116,"2018-JUL-15",6786.06,0,1,2,"ABIE","LAS",NA,38.5,0.387,6330000,430000,0.385,2612.6331
"199",1211116,"2018-JUL-15",6786.06,0,1,1,"PICE","ENG",NA,61.5,0.613,6330000,430000,0.615,4173.4269
"200",1217986,"2003-JUL-27",7385.74,0,0,2,"PINU","CON","LAT",9.8,0.1,6310000,390000,0.098,723.80252
"201",1217986,"2003-JUL-27",7385.74,0,0,1,"ABIE","LAS",NA,89.4,0.867,6310000,390000,0.894,6602.85156
"202",1217986,"2003-JUL-27",7385.74,0,0,3,"PICE","ENG","GLA",0.8,0.033,6310000,390000,0.008,59.08592
"203",1217986,"2018-JUL-21",7068.54,0,1,3,"PINU","CON",NA,1.3,0.026,6310000,390000,0.013,91.89102
"204",1217986,"2018-JUL-21",7068.54,0,1,2,"PICE","ENG","GLA",1.3,0.026,6310000,390000,0.013,91.89102
"205",1217986,"2018-JUL-21",7068.54,0,1,1,"ABIE","LAS",NA,97.5,0.947,6310000,390000,0.975,6891.8265
"206",1217991,"2003-JUN-23",14173.25,0,0,3,"PINU","CON","LAT",5.4,0.041,6310000,410000,0.054,765.3555
"207",1217991,"2003-JUN-23",14173.25,0,0,2,"PICE","ENG","GLA",11.8,0.061,6310000,410000,0.118,1672.4435
"208",1217991,"2003-JUN-23",14173.25,0,0,1,"ABIE","LAS",NA,82.7,0.898,6310000,410000,0.827,11721.27775
"209",1217991,"2018-JUL-18",13075.13,0,1,1,"ABIE","LAS",NA,87.2,0.929,6310000,410000,0.872,11401.51336
"210",1217991,"2018-JUL-18",13075.13,0,1,2,"PICE","ENG","GLA",12.8,0.071,6310000,410000,0.128,1673.61664
"211",1217996,"2002-AUG-18",3261.82,0,0,1,"PICE","GLA",NA,98.7,0.95,6310000,430000,0.987,3219.41634
"212",1217996,"2002-AUG-18",3261.82,0,0,2,"ABIE","LAS",NA,1.3,0.05,6310000,430000,0.013,42.40366
"213",1217996,"2018-JUL-11",4509.53,0,1,1,"PICE","GLA",NA,98.3,0.923,6310000,430000,0.983,4432.86799
"214",1217996,"2018-JUL-11",4509.53,0,1,2,"ABIE","LAS",NA,1.7,0.077,6310000,430000,0.017,76.66201
"215",1224876,"2005-JUN-19",2368.15,0,0,1,"ABIE","LAS",NA,96.1,0.976,6290000,430000,0.961,2275.79215
"216",1224876,"2005-JUN-19",2368.15,0,0,2,"ABIE","AMA",NA,3.9,0.024,6290000,430000,0.039,92.35785
"217",1224876,"2018-JUL-13",3685.06,0,1,1,"ABIE","LAS",NA,100,1,6290000,430000,1,3685.06
"218",1224886,"2002-JUL-06",5937.43,0,0,1,"PICE","ENG","GLA",96.1,0.973,6280000,470000,0.961,5705.87023
"219",1224886,"2002-JUL-06",5937.43,0,0,2,"ABIE","LAS",NA,3.9,0.027,6280000,470000,0.039,231.55977
"220",1224886,"2019-JUL-28",6941.91,0,1,2,"ABIE","LAS",NA,5.4,0.03,6280000,470000,0.054,374.86314
"221",1224886,"2019-JUL-28",6941.91,0,1,1,"PICE","ENG","GLA",94.6,0.97,6280000,470000,0.946,6567.04686
"222",1224896,"2002-AUG-08",10501.53,0,0,4,"POPU","BAL",NA,2.7,0.047,6280000,510000,0.027,283.54131
"223",1224896,"2002-AUG-08",10501.53,0,0,3,"PINU","CON","LAT",12.4,0.094,6280000,510000,0.124,1302.18972
"224",1224896,"2019-JUL-29",9651.19,0,1,2,"POPU","TRE",NA,29.9,0.18,6280000,510000,0.299,2885.70581
"225",1224896,"2019-JUL-29",9651.19,0,1,1,"PICE","ENG","GLA",52.7,0.64,6280000,510000,0.527,5086.17713
"226",1224896,"2019-JUL-29",9651.19,0,1,4,"POPU","BAL",NA,2.2,0.04,6280000,510000,0.022,212.32618
"227",1224896,"2019-JUL-29",9651.19,0,1,3,"PINU","CON",NA,15.1,0.14,6280000,510000,0.151,1457.32969
"228",1224916,"2003-JUN-24",11867.96,0,0,3,"BETU","NEO",NA,4.6,0.056,6280000,590000,0.046,545.92616
"229",1224916,"2003-JUN-24",11867.96,0,0,1,"PICE","ENG","GLA",78.5,0.694,6280000,590000,0.785,9316.3486
"230",1224916,"2003-JUN-24",11867.96,0,0,2,"POPU","TRE",NA,16.9,0.25,6280000,590000,0.169,2005.68524
"231",1224916,"2019-JUL-22",12295.21,0,1,1,"PICE","GLA",NA,77.1,0.69,6280000,590000,0.771,9479.60691
"232",1224916,"2019-JUL-22",12295.21,0,1,2,"POPU","TRE",NA,20,0.276,6280000,590000,0.2,2459.042
"233",1224916,"2019-JUL-22",12295.21,0,1,3,"BETU","NEO",NA,2.8,0.034,6280000,590000,0.028,344.26588
"234",1231761,"2000-AUG-01",7829.32,0,0,2,"POPU","BAL",NA,17.8,0.209,6260000,450000,0.178,1393.61896
"235",1231761,"2000-AUG-01",7829.32,0,0,1,"PICE","ENG","GLA",70.2,0.698,6260000,450000,0.702,5496.18264
"236",1231761,"2018-JUL-20",53.96,0,1,1,"PICE","ENG","GLA",60.5,1,6260000,450000,0.605,32.6458
"237",1231781,"2002-JUL-18",12172.05,0,0,3,"POPU","TRE",NA,10,0.07,6260000,530000,0.1,1217.205
"238",1231781,"2002-JUL-18",12172.05,0,0,1,"PINU","CON","LAT",62,0.674,6260000,530000,0.62,7546.671
"239",1231781,"2002-JUL-18",12172.05,0,0,2,"PICE","GLA",NA,26.8,0.209,6260000,530000,0.268,3262.1094
"240",1231781,"2002-JUL-18",12172.05,0,0,4,"BETU","PAP",NA,1.2,0.047,6260000,530000,0.012,146.0646
"241",1231781,"2019-JUL-24",12353.39,0,1,1,"PICE","GLA",NA,56.2,0.538,6260000,530000,0.562,6942.60518
"242",1238556,"2003-JUL-03",14279.12,0,0,2,"TSUG","MER",NA,4.9,0.353,6240000,480000,0.049,699.67688
"243",1238556,"2003-JUL-03",14279.12,0,0,3,"TSUG","HET",NA,0.9,0.059,6240000,480000,0.009,128.51208
"244",1238556,"2003-JUL-03",14279.12,0,0,1,"ABIE","LAS",NA,94.2,0.588,6240000,480000,0.942,13450.93104
"245",1238556,"2021-AUG-10",16596.97,0,1,3,"TSUG","HET",NA,2.2,0.111,6240000,480000,0.022,365.13334
"246",1238556,"2021-AUG-10",16596.97,0,1,1,"ABIE","LAS",NA,92,0.5,6240000,480000,0.92,15269.2124
"247",1238556,"2021-AUG-10",16596.97,0,1,2,"TSUG","MER",NA,5.9,0.389,6240000,480000,0.059,979.22123
"248",1245451,"2002-AUG-03",13236.14,0,0,2,"TSUG","MER",NA,23.2,0.295,6220000,540000,0.232,3070.78448
"249",1245451,"2002-AUG-03",13236.14,0,0,1,"ABIE","LAS",NA,76.8,0.705,6220000,540000,0.768,10165.35552
"250",1245451,"2021-AUG-12",12769.02,0,1,1,"ABIE","LAS",NA,72.3,0.674,6220000,540000,0.723,9232.00146
"251",1245451,"2021-AUG-12",12769.02,0,1,2,"TSUG","MER",NA,27.7,0.326,6220000,540000,0.277,3537.01854
"252",1245481,"2002-AUG-16",10004.16,0,0,2,"PICE","ENG",NA,0.4,0.02,6230000,660000,0.004,40.01664
"253",1245481,"2002-AUG-16",10004.16,0,0,1,"ABIE","LAS",NA,99.6,0.98,6230000,660000,0.996,9964.14336
"254",1245481,"2017-JUL-24",10920.86,0,1,2,"PICE","ENG",NA,0.4,0.024,6230000,660000,0.004,43.68344
"255",1245481,"2017-JUL-24",10920.86,0,1,1,"ABIE","LAS",NA,99.6,0.976,6230000,660000,0.996,10877.17656
"256",1245546,"2000-JUL-30",4079.79,0,0,2,"PICE","GLA",NA,27.9,0.141,6220000,540000,0.279,1138.26141
"257",1245546,"2000-JUL-30",4079.79,0,0,3,"POPU","BAL",NA,5.9,0.047,6220000,540000,0.059,240.70761
"258",1245546,"2000-JUL-30",4079.79,0,0,4,"BETU","PAP",NA,0.8,0.016,6220000,540000,0.008,32.63832
"259",1245546,"2000-JUL-30",4079.79,0,0,1,"PICE","MAR",NA,64.6,0.781,6220000,540000,0.646,2635.54434
"260",1245546,"2000-JUL-30",4079.79,0,0,5,"PICE","ENG","GLA",0.8,0.016,6220000,540000,0.008,32.63832
"261",1245546,"2019-SEP-10",5098.56,0,1,4,"BETU","PAP",NA,4.1,0.075,6220000,540000,0.041,209.04096
"262",1245546,"2019-SEP-10",5098.56,0,1,5,"POPU","TRE",NA,0.6,0.025,6220000,540000,0.006,30.59136
"263",1245546,"2019-SEP-10",5098.56,0,1,3,"POPU","BAL",NA,11.2,0.125,6220000,540000,0.112,571.03872
"264",1245561,"2005-JUN-13",6378.9,0,0,1,"POPU","TRE",NA,100,1,6220000,6e+05,1,6378.9
"265",1245561,"2019-SEP-05",8287.93,0,1,1,"POPU","TRE",NA,100,1,6220000,6e+05,1,8287.93
"266",1252421,"2005-JUN-26",17132.07,0,0,3,"PICE","ENG",NA,6,0.123,6200000,520000,0.06,1027.9242
"267",1252421,"2005-JUN-26",17132.07,0,0,2,"ABIE","LAS",NA,7.4,0.123,6200000,520000,0.074,1267.77318
"268",1252421,"2005-JUN-26",17132.07,0,0,1,"PINU","CON",NA,86.5,0.754,6200000,520000,0.865,14819.24055
"269",1252421,"2019-SEP-09",16236.02,0,1,3,"PINU","CON",NA,28.3,0.227,6200000,520000,0.283,4594.79366
"270",1259261,"2002-AUG-21",3870.65,0,0,1,"PINU","CON","LAT",74.5,0.609,6190000,360000,0.745,2883.63425
"271",1259261,"2018-JUL-04",3470.75,0,1,5,"ABIE","LAS",NA,2.1,0.077,6190000,360000,0.021,72.88575
"272",1259296,"2001-JUN-17",33.75,0,0,1,"ABIE","LAS",NA,100,1,6180000,5e+05,1,33.75
"273",1259296,"2018-JUL-09",209.39,0,1,1,"ABIE","LAS",NA,100,1,6180000,5e+05,1,209.39
"274",1259336,"2001-JUL-30",5497.97,0,0,1,"POPU","TRE",NA,97.2,0.913,6180000,660000,0.972,5344.02684
"275",1259336,"2019-SEP-07",7536.52,0,1,2,"BETU","NEO",NA,2.7,0.12,6180000,660000,0.027,203.48604
"276",1259336,"2019-SEP-07",7536.52,0,1,3,"PICE","GLA",NA,0.6,0.04,6180000,660000,0.006,45.21912
"277",1259336,"2019-SEP-07",7536.52,0,1,1,"POPU","TRE",NA,96.7,0.84,6180000,660000,0.967,7287.81484
"278",1273001,"2002-JUL-09",16919.29,0,0,3,"PINU","CON",NA,5.1,0.05,6150000,660000,0.051,862.88379
"279",1273001,"2002-JUL-09",16919.29,0,0,2,"ABIE","LAS",NA,29.2,0.4,6150000,660000,0.292,4940.43268
"280",1273001,"2002-JUL-09",16919.29,0,0,1,"PICE","SPP",NA,65.6,0.55,6150000,660000,0.656,11099.05424
"281",1273001,"2017-AUG-18",18755.51,0,1,3,"PINU","CON","LAT",4.8,0.05,6150000,660000,0.048,900.26448
"282",1273001,"2017-AUG-18",18755.51,0,1,2,"ABIE","LAS",NA,28.7,0.4,6150000,660000,0.287,5382.83137
"283",1273001,"2017-AUG-18",18755.51,0,1,1,"PICE","ENG","GLA",66.5,0.55,6150000,660000,0.665,12472.41415
"284",1273031,"2003-AUG-28",2991.66,0,0,3,"ABIE","LAS",NA,9.9,0.162,6150000,4e+05,0.099,296.17434
"285",1273031,"2003-AUG-28",2991.66,0,0,1,"PICE","ENG","GLA",56.5,0.514,6150000,4e+05,0.565,1690.2879
"286",1273031,"2003-AUG-28",2991.66,0,0,2,"PINU","CON","LAT",33.6,0.324,6150000,4e+05,0.336,1005.19776
"287",1273031,"2018-JUL-08",3382.77,0,1,3,"PINU","CON",NA,17.4,0.167,6150000,4e+05,0.174,588.60198
"288",1273031,"2018-JUL-08",3382.77,0,1,1,"PICE","ENG","GLA",62.6,0.528,6150000,4e+05,0.626,2117.61402
"289",1273031,"2018-JUL-08",3382.77,0,1,2,"ABIE","LAS",NA,19.9,0.306,6150000,4e+05,0.199,673.17123
"290",1279861,"2004-JUN-28",22287.44,0,0,1,"TSUG","HET",NA,58.7,0.536,6130000,580000,0.587,13082.72728
"291",1279861,"2004-JUN-28",22287.44,0,0,2,"THUJ","PLI",NA,21.9,0.429,6130000,580000,0.219,4880.94936
"292",1279861,"2004-JUN-28",22287.44,0,0,3,"POPU","TRI",NA,19.4,0.036,6130000,580000,0.194,4323.76336
"293",1279861,"2017-JUL-22",22176.5,0,1,3,"POPU","TRI",NA,19.2,0.04,6130000,580000,0.192,4257.888
"294",1279861,"2017-JUL-22",22176.5,0,1,1,"TSUG","HET",NA,59.9,0.52,6130000,580000,0.599,13283.7235
"295",1279861,"2017-JUL-22",22176.5,0,1,2,"THUJ","PLI",NA,20.9,0.44,6130000,580000,0.209,4634.8885
"296",1279876,"2003-AUG-18",5346.58,0,0,1,"ABIE","LAS",NA,100,1,6130000,640000,1,5346.58
"297",1279876,"2017-JUL-12",6288.95,0,1,1,"ABIE","LAS",NA,100,1,6130000,640000,1,6288.95
"298",1279961,"2000-JUL-28",6217.85,0,0,1,"PINU","CON",NA,93.7,0.875,6120000,6e+05,0.937,5826.12545
"299",1279961,"2000-JUL-28",6217.85,0,0,2,"PICE","SPP",NA,3.3,0.083,6120000,6e+05,0.033,205.18905
"300",1279961,"2000-JUL-28",6217.85,0,0,3,"ABIE","LAS",NA,1.9,0.042,6120000,6e+05,0.019,118.13915
"301",1279966,"2003-JUL-15",9330.92,0,0,2,"PICE","ENG","GLA",20,0.22,6120000,620000,0.2,1866.184
"302",1279966,"2003-JUL-15",9330.92,0,0,1,"PINU","CON","LAT",69.6,0.637,6120000,620000,0.696,6494.32032
"303",1279966,"2003-JUL-15",9330.92,0,0,5,"POPU","TRE",NA,0.5,0.011,6120000,620000,0.005,46.6546
"304",1279966,"2003-JUL-15",9330.92,0,0,3,"PICE","MAR",NA,6.9,0.099,6120000,620000,0.069,643.83348
"305",1279966,"2003-JUL-15",9330.92,0,0,4,"ABIE","LAS",NA,3,0.033,6120000,620000,0.03,279.9276
"306",1279966,"2018-JUL-06",11512.65,0,1,4,"ABIE","LAS",NA,3.9,0.039,6120000,620000,0.039,448.99335
"307",1279966,"2018-JUL-06",11512.65,0,1,7,"POPU","TRE",NA,0.8,0.013,6120000,620000,0.008,92.1012
"308",1279966,"2018-JUL-06",11512.65,0,1,1,"PINU","CON",NA,56.7,0.526,6120000,620000,0.567,6527.67255
"309",1279966,"2018-JUL-06",11512.65,0,1,3,"PICE","MAR",NA,8.2,0.118,6120000,620000,0.082,944.0373
"310",1279966,"2018-JUL-06",11512.65,0,1,2,"PICE","ENG",NA,27.1,0.276,6120000,620000,0.271,3119.92815
"311",1286741,"2003-JUL-22",12759.81,0,0,5,"POPU","BAL",NA,3.7,0.019,6110000,580000,0.037,472.11297
"312",1286741,"2003-JUL-22",12759.81,0,0,1,"TSUG","HET",NA,47.1,0.509,6110000,580000,0.471,6009.87051
"313",1286741,"2003-JUL-22",12759.81,0,0,4,"THUJ","PLI",NA,7.5,0.094,6110000,580000,0.075,956.98575
"314",1286741,"2017-JUL-20",3344.45,0,1,3,"PINU","CON",NA,16.9,0.182,6110000,580000,0.169,565.21205
"315",1286741,"2017-JUL-20",3344.45,0,1,1,"THUJ","PLI",NA,46.1,0.455,6110000,580000,0.461,1541.79145
"316",1293686,"2002-AUG-20",2885.47,0,0,1,"ABIE","LAS",NA,79,0.75,6080000,460000,0.79,2279.5213
"317",1293686,"2002-AUG-20",2885.47,0,0,3,"PINU","CON","LAT",6.1,0.036,6080000,460000,0.061,176.01367
"318",1293686,"2002-AUG-20",2885.47,0,0,2,"PICE","ENG",NA,14.9,0.214,6080000,460000,0.149,429.93503
"319",1293686,"2018-JUL-24",4374.93,0,1,2,"PICE","ENG",NA,18.7,0.212,6080000,460000,0.187,818.11191
"320",1293686,"2018-JUL-24",4374.93,0,1,3,"PINU","CON","LAT",5.1,0.03,6080000,460000,0.051,223.12143
"321",1293686,"2018-JUL-24",4374.93,0,1,1,"ABIE","LAS",NA,76.3,0.758,6080000,460000,0.763,3338.07159
"322",1293691,"2002-AUG-19",3269.33,0,0,1,"ABIE","LAS",NA,100,1,6080000,480000,1,3269.33
"323",1293691,"2014-AUG-29",3723.4,0,1,1,"ABIE","LAS",NA,100,1,6080000,480000,1,3723.4
"324",1293696,"2001-JUN-18",6662.48,0,0,4,"POPU","TRE",NA,11.3,0.089,6080000,5e+05,0.113,752.86024
"325",1293696,"2001-JUN-18",6662.48,0,0,1,"PICE","ENG","GLA",36.7,0.578,6080000,5e+05,0.367,2445.13016
"326",1293696,"2014-AUG-28",7459.17,0,1,2,"ABIE","LAS",NA,33.1,0.409,6080000,5e+05,0.331,2468.98527
"327",1293696,"2014-AUG-28",7459.17,0,1,3,"POPU","TRE",NA,17.4,0.091,6080000,5e+05,0.174,1297.89558
"328",1293696,"2014-AUG-28",7459.17,0,1,1,"PICE","ENG","GLA",49.5,0.5,6080000,5e+05,0.495,3692.28915
"329",1300521,"2002-JUL-04",7016.43,0,0,1,"ABIE","LAS",NA,79,0.867,6070000,660000,0.79,5542.9797
"330",1300521,"2002-JUL-04",7016.43,0,0,2,"PICE","ENG","GLA",21,0.133,6070000,660000,0.21,1473.4503
"331",1300521,"2017-JUL-08",8653.09,0,1,2,"PICE","ENG","GLA",27.3,0.147,6070000,660000,0.273,2362.29357
"332",1300521,"2017-JUL-08",8653.09,0,1,1,"ABIE","LAS",NA,72.7,0.853,6070000,660000,0.727,6290.79643
"333",1300611,"2001-JUL-29",4020.07,0,0,1,"PICE","ENG",NA,82,0.704,6060000,640000,0.82,3296.4574
"334",1300611,"2001-JUL-29",4020.07,0,0,2,"ABIE","LAS",NA,18,0.296,6060000,640000,0.18,723.6126
"335",1300611,"2019-JUL-31",4401.42,0,1,2,"ABIE","LAS",NA,27.3,0.455,6060000,640000,0.273,1201.58766
"336",1300611,"2019-JUL-31",4401.42,0,1,1,"PICE","ENG",NA,72.7,0.545,6060000,640000,0.727,3199.83234
"337",1307371,"2003-JUL-25",10744.8,0,0,1,"TSUG","MER",NA,53.7,0.526,6040000,540000,0.537,5769.9576
"338",1307371,"2003-JUL-25",10744.8,0,0,2,"ABIE","LAS",NA,45.9,0.447,6040000,540000,0.459,4931.8632
"339",1307371,"2003-JUL-25",10744.8,0,0,3,"ABIE","AMA",NA,0.4,0.026,6040000,540000,0.004,42.9792
"340",1307371,"2017-AUG-16",10453.39,0,1,2,"ABIE","LAS",NA,44.3,0.429,6040000,540000,0.443,4630.85177
"341",1307371,"2017-AUG-16",10453.39,0,1,1,"TSUG","MER",NA,55.7,0.571,6040000,540000,0.557,5822.53823
"342",1307391,"2002-JUL-01",701.43,0,0,1,"ABIE","LAS",NA,55.6,0.5,6050000,620000,0.556,389.99508
"343",1307391,"2002-JUL-01",701.43,0,0,2,"PINU","CON",NA,25.7,0.3,6050000,620000,0.257,180.26751
"344",1307391,"2002-JUL-01",701.43,0,0,3,"PICE","SPP",NA,18.7,0.2,6050000,620000,0.187,131.16741
"345",1307391,"2017-AUG-19",1052.65,0,1,1,"PINU","CON",NA,46.5,0.75,6050000,620000,0.465,489.48225
"346",1307391,"2017-AUG-19",1052.65,0,1,2,"ABIE","LAS",NA,45.8,0.188,6050000,620000,0.458,482.1137
"347",1307391,"2017-AUG-19",1052.65,0,1,3,"PICE","ENG","GLA",7.8,0.063,6050000,620000,0.078,82.1067
"348",1307401,"2001-AUG-28",6086.45,0,0,3,"PINU","CON",NA,19.6,0.143,6050000,660000,0.196,1192.9442
"349",1307401,"2001-AUG-28",6086.45,0,0,1,"PICE","GLA",NA,59.4,0.536,6050000,660000,0.594,3615.3513
"350",1307401,"2001-AUG-28",6086.45,0,0,2,"ABIE","LAS",NA,20.9,0.321,6050000,660000,0.209,1272.06805
"351",1307401,"2017-JUL-10",8961.35,0,1,1,"PICE","GLA",NA,59.4,0.533,6050000,660000,0.594,5323.0419
"352",1307401,"2017-JUL-10",8961.35,0,1,2,"ABIE","LAS",NA,22,0.333,6050000,660000,0.22,1971.497
"353",1307401,"2017-JUL-10",8961.35,0,1,3,"PINU","CON",NA,18.5,0.133,6050000,660000,0.185,1657.84975
"354",1307441,"2004-JUN-26",8673.07,0,0,2,"PICE","MAR",NA,23.9,0.338,6040000,440000,0.239,2072.86373
"355",1307441,"2004-JUN-26",8673.07,0,0,3,"POPU","TRE",NA,6.6,0.031,6040000,440000,0.066,572.42262
"356",1307441,"2004-JUN-26",8673.07,0,0,1,"PINU","CON",NA,69.5,0.631,6040000,440000,0.695,6027.78365
"357",1307441,"2014-JUL-26",7102.91,0,1,1,"PICE","MAR",NA,61.3,0.765,6040000,440000,0.613,4354.08383
"358",1314251,"2003-JUL-23",1715.68,0,0,2,"ABIE","AMA",NA,22.6,0.357,6020000,540000,0.226,387.74368
"359",1314251,"2003-JUL-23",1715.68,0,0,1,"TSUG","MER",NA,74,0.5,6020000,540000,0.74,1269.6032
"360",1314251,"2003-JUL-23",1715.68,0,0,3,"TSUG","HET",NA,3.4,0.143,6020000,540000,0.034,58.33312
"361",1314251,"2017-JUL-27",1556.5,0,1,3,"TSUG","HET",NA,4.1,0.154,6020000,540000,0.041,63.8165
"362",1314251,"2017-JUL-27",1556.5,0,1,2,"ABIE","AMA",NA,19.8,0.385,6020000,540000,0.198,308.187
"363",1314251,"2017-JUL-27",1556.5,0,1,1,"TSUG","MER",NA,76.1,0.462,6020000,540000,0.761,1184.4965
"364",1314291,"2002-JUN-27",628.08,0,0,1,"PINU","CON",NA,100,1,6030000,320000,1,628.08
"365",1314291,"2017-AUG-20",2311.88,0,1,1,"PINU","CON",NA,100,1,6030000,320000,1,2311.88
"366",1314376,"2002-AUG-16",7089.22,0,0,2,"PICE","ENG",NA,24.6,0.043,6020000,660000,0.246,1743.94812
"367",1314376,"2002-AUG-16",7089.22,0,0,1,"ABIE","LAS",NA,75.4,0.957,6020000,660000,0.754,5345.27188
"368",1314376,"2014-AUG-23",6322.43,0,1,2,"PICE","ENG",NA,25.1,0.04,6020000,660000,0.251,1586.92993
"369",1314376,"2014-AUG-23",6322.43,0,1,1,"ABIE","LAS",NA,74.9,0.96,6020000,660000,0.749,4735.50007
"370",1321206,"2004-AUG-24",6948.03,0,0,1,"POPU","TRE",NA,48.2,0.476,6e+06,450000,0.482,3348.95046
"371",1321206,"2004-AUG-24",6948.03,0,0,2,"PICE","ENG","GLA",27.7,0.333,6e+06,450000,0.277,1924.60431
"372",1321206,"2004-AUG-24",6948.03,0,0,3,"PINU","CON",NA,24.1,0.19,6e+06,450000,0.241,1674.47523
"373",1321206,"2014-JUL-27",7351.02,0,1,1,"POPU","TRE",NA,75.2,0.714,6e+06,450000,0.752,5527.96704
"374",1321206,"2014-JUL-27",7351.02,0,1,2,"PICE","ENG","GLA",24.8,0.286,6e+06,450000,0.248,1823.05296
"375",1321236,"2003-JUL-14",2153.3,0,0,2,"POPU","TRI",NA,4.7,0.059,6e+06,570000,0.047,101.2051
"376",1321236,"2003-JUL-14",2153.3,0,0,1,"PICE","ENG","GLA",95.3,0.941,6e+06,570000,0.953,2052.0949
"377",1321236,"2014-AUG-18",4765.19,0,1,1,"PICE","ENG","GLA",92.6,0.914,6e+06,570000,0.926,4412.56594
"378",1321236,"2014-AUG-18",4765.19,0,1,2,"POPU","TRI",NA,6.7,0.057,6e+06,570000,0.067,319.26773
"379",1321236,"2014-AUG-18",4765.19,0,1,3,"ABIE","LAS",NA,0.8,0.029,6e+06,570000,0.008,38.12152
"380",1327976,"2004-JUL-02",7161.71,0,0,5,"TSUG","MER",NA,2.6,0.028,5980000,410000,0.026,186.20446
"381",1327976,"2004-JUL-02",7161.71,0,0,3,"CHAM","NOO",NA,6.9,0.167,5980000,410000,0.069,494.15799
"382",1327976,"2004-JUL-02",7161.71,0,0,1,"THUJ","PLI",NA,74.1,0.444,5980000,410000,0.741,5306.82711
"383",1327976,"2017-AUG-14",6703.86,0,1,1,"THUJ","PLI",NA,75.5,0.457,5980000,410000,0.755,5061.4143
"384",1327976,"2017-AUG-14",6703.86,0,1,5,"TSUG","MER",NA,2.4,0.029,5980000,410000,0.024,160.89264
"385",1328066,"2001-JUN-24",298.49,0,0,1,"ABIE","LAS",NA,100,1,5990000,370000,1,298.49
"386",1328066,"2014-AUG-12",1262.03,0,1,3,"PICE","ENG","GLA",7.9,0.075,5990000,370000,0.079,99.70037
"387",1328066,"2014-AUG-12",1262.03,0,1,1,"ABIE","LAS",NA,74.9,0.7,5990000,370000,0.749,945.26047
"388",1328066,"2014-AUG-12",1262.03,0,1,2,"POPU","TRE",NA,17.2,0.225,5990000,370000,0.172,217.06916
"389",1334886,"2003-SEP-09",14520.91,0,0,4,"TSUG","HET",NA,1.9,0.161,5960000,530000,0.019,275.89729
"390",1334886,"2003-SEP-09",14520.91,0,0,3,"ABIE","AMA",NA,5.9,0.161,5960000,530000,0.059,856.73369
"391",1334886,"2017-AUG-09",13835.82,0,1,3,"ABIE","AMA",NA,6.2,0.156,5960000,530000,0.062,857.82084
"392",1334886,"2017-AUG-09",13835.82,0,1,4,"TSUG","HET",NA,2.5,0.156,5960000,530000,0.025,345.8955
"393",1334961,"2003-JUN-16",9163.85,0,0,3,"ABIE","LAS",NA,16.1,0.216,5960000,430000,0.161,1475.37985
"394",1334961,"2003-JUN-16",9163.85,0,0,2,"PINU","CON",NA,39.3,0.243,5960000,430000,0.393,3601.39305
"395",1334961,"2003-JUN-16",9163.85,0,0,1,"PICE","ENG","GLA",44.6,0.541,5960000,430000,0.446,4087.0771
"396",1334961,"2014-JUL-20",4954.9,0,1,1,"PICE","ENG","GLA",76.5,0.692,5960000,430000,0.765,3790.4985
"397",1334961,"2014-JUL-20",4954.9,0,1,2,"ABIE","LAS",NA,23.5,0.308,5960000,430000,0.235,1164.4015
"398",1334976,"2003-JUL-26",300.42,0,0,2,"ABIE","LAS",NA,10.4,0.2,5960000,490000,0.104,31.24368
"399",1334976,"2003-JUL-26",300.42,0,0,1,"PICE","ENG","GLA",89.6,0.8,5960000,490000,0.896,269.17632
"400",1334976,"2014-JUL-18",802.87,0,1,2,"ABIE","LAS",NA,4,0.071,5960000,490000,0.04,32.1148
"401",1334976,"2014-JUL-18",802.87,0,1,1,"PICE","ENG","GLA",96,0.929,5960000,490000,0.96,770.7552
"402",1341751,"2003-JUL-28",4923.25,0,0,1,"CHAM","NOO",NA,87,0.809,5940000,470000,0.87,4283.2275
"403",1341751,"2017-AUG-11",4948.18,0,1,1,"CHAM","NOO",NA,82.2,0.727,5940000,470000,0.822,4067.40396
"404",1341776,"2003-JUL-27",5462.2,0,0,1,"TSUG","HET",NA,100,1,5940000,570000,1,5462.2
"405",1341776,"2017-AUG-10",5344.47,0,1,1,"TSUG","HET",NA,99.4,1,5940000,570000,0.994,5312.40318
"406",1348646,"2003-JUL-26",4836,0,0,4,"ALNU","RUB",NA,7,0.056,5920000,530000,0.07,338.52
"407",1348646,"2003-JUL-26",4836,0,0,3,"TSUG","HET",NA,19.2,0.222,5920000,530000,0.192,928.512
"408",1348646,"2003-JUL-26",4836,0,0,1,"ABIE","AMA",NA,43.3,0.444,5920000,530000,0.433,2093.988
"409",1348646,"2003-JUL-26",4836,0,0,2,"PICE","SIT",NA,30.5,0.278,5920000,530000,0.305,1474.98
"410",1348646,"2017-AUG-08",10927.05,0,1,3,"TSUG","HET",NA,20.6,0.235,5920000,530000,0.206,2250.9723
"411",1348646,"2017-AUG-08",10927.05,0,1,4,"ALNU","RUB",NA,4.3,0.059,5920000,530000,0.043,469.86315
"412",1348666,"2005-JUN-27",2216.56,0,0,2,"ABIE","AMA",NA,47.5,0.4,5930000,610000,0.475,1052.866
"413",1348666,"2005-JUN-27",2216.56,0,0,1,"TSUG","MER",NA,52.5,0.6,5930000,610000,0.525,1163.694
"414",1348666,"2017-JUL-19",2179.68,0,1,2,"ABIE","AMA",NA,36.5,0.318,5930000,610000,0.365,795.5832
"415",1348666,"2017-JUL-19",2179.68,0,1,1,"TSUG","MER",NA,63.5,0.682,5930000,610000,0.635,1384.0968
"416",1348746,"2003-JUN-24",12861.65,0,0,5,"PINU","CON","LAT",2.6,0.03,5920000,530000,0.026,334.4029
"417",1348746,"2003-JUN-24",12861.65,0,0,1,"PSEU","MEN","GLA",65.1,0.545,5920000,530000,0.651,8372.93415
"418",1348746,"2009-AUG-04",13297.31,0,1,1,"PSEU","MEN","GLA",64.5,0.5,5920000,530000,0.645,8576.76495
"419",1348746,"2009-AUG-04",13297.31,0,1,5,"PINU","CON","LAT",2.5,0.029,5920000,530000,0.025,332.43275
"420",1348746,"2014-JUL-16",13353.05,0,2,4,"BETU","PAP",NA,5,0.097,5920000,530000,0.05,667.6525
"421",1348746,"2014-JUL-16",13353.05,0,2,1,"PSEU","MEN","GLA",65.3,0.452,5920000,530000,0.653,8719.54165
"422",1355561,"2002-JUN-29",8440.73,0,0,2,"PINU","CON",NA,21.9,0.296,5910000,670000,0.219,1848.51987
"423",1355561,"2002-JUN-29",8440.73,0,0,1,"PICE","SPP",NA,57.2,0.444,5910000,670000,0.572,4828.09756
"424",1355561,"2002-JUN-29",8440.73,0,0,3,"ABIE","LAS",NA,20.9,0.259,5910000,670000,0.209,1764.11257
"425",1355561,"2017-JUL-18",5432.6,0,1,2,"ABIE","LAS",NA,38.9,0.407,5910000,670000,0.389,2113.2814
"426",1355561,"2017-JUL-18",5432.6,0,1,3,"PINU","CON",NA,3.7,0.074,5910000,670000,0.037,201.0062
"427",1355561,"2017-JUL-18",5432.6,0,1,1,"PICE","ENG","GLA",57.5,0.519,5910000,670000,0.575,3123.745
"428",1355646,"2003-JUL-08",4309.65,0,0,2,"PICE","ENG","GLA",36.9,0.237,5900000,610000,0.369,1590.26085
"429",1355646,"2003-JUL-08",4309.65,0,0,1,"ABIE","LAS",NA,63.1,0.763,5900000,610000,0.631,2719.38915
"430",1355646,"2013-SEP-15",4686.95,0,1,2,"PICE","ENG","GLA",38.5,0.231,5900000,610000,0.385,1804.47575
"431",1355646,"2013-SEP-15",4686.95,0,1,1,"ABIE","LAS",NA,61.5,0.769,5900000,610000,0.615,2882.47425
"432",1355666,"2003-JUL-16",872.95,0,0,4,"BETU","PAP",NA,9.6,0.067,5890000,690000,0.096,83.8032
"433",1355666,"2003-JUL-16",872.95,0,0,5,"PSEU","MEN","GLA",3.8,0.033,5890000,690000,0.038,33.1721
"434",1355666,"2003-JUL-16",872.95,0,0,1,"TSUG","HET",NA,40,0.433,5890000,690000,0.4,349.18
"435",1355666,"2003-JUL-16",872.95,0,0,3,"PICE","ENG","GLA",9.9,0.1,5890000,690000,0.099,86.42205
"436",1355666,"2003-JUL-16",872.95,0,0,2,"THUJ","PLI",NA,36.7,0.367,5890000,690000,0.367,320.37265
"437",1355666,"2016-JUL-22",4556.03,0,1,1,"TSUG","HET",NA,42.7,0.392,5890000,290000,0.427,1945.42481
"438",1355666,"2016-JUL-22",4556.03,0,1,4,"PICE","ENG","GLA",12.2,0.095,5890000,290000,0.122,555.83566
"439",1355666,"2016-JUL-22",4556.03,0,1,3,"PINU","CON",NA,12.4,0.135,5890000,290000,0.124,564.94772
"440",1355666,"2016-JUL-22",4556.03,0,1,2,"THUJ","PLI",NA,23.9,0.297,5890000,290000,0.239,1088.89117
"441",1362461,"2002-AUG-11",6643.91,0,0,1,"PINU","CON","LAT",78,0.792,5890000,350000,0.78,5182.2498
"442",1362461,"2002-AUG-11",6643.91,0,0,2,"PICE","ENG","GLA",22,0.208,5890000,350000,0.22,1461.6602
"443",1362461,"2014-JUL-29",5550.08,0,1,2,"PINU","CON","LAT",13.6,0.286,5890000,350000,0.136,754.81088
"444",1362461,"2014-JUL-29",5550.08,0,1,1,"PICE","ENG","GLA",86.4,0.714,5890000,350000,0.864,4795.26912
"445",1362486,"2003-JUL-07",4753.32,0,0,2,"PICE","ENG","GLA",27.9,0.25,5880000,450000,0.279,1326.17628
"446",1362486,"2003-JUL-07",4753.32,0,0,1,"PINU","CON","LAT",72.1,0.75,5880000,450000,0.721,3427.14372
"447",1362486,"2013-AUG-30",2798.2,0,1,2,"PINU","CON","LAT",8.1,0.111,5880000,450000,0.081,226.6542
"448",1362486,"2013-AUG-30",2798.2,0,1,1,"PICE","ENG","GLA",91.9,0.889,5880000,450000,0.919,2571.5458
"449",1369371,"2002-JUL-16",1898.03,0,0,2,"PICE","MAR",NA,19.3,0.306,5860000,470000,0.193,366.31979
"450",1369371,"2002-JUL-16",1898.03,0,0,1,"PINU","CON","LAT",80.7,0.694,5860000,470000,0.807,1531.71021
"451",1369371,"2009-AUG-06",2410.16,0,1,1,"PINU","CON","LAT",56,0.561,5860000,470000,0.56,1349.6896
"452",1369371,"2009-AUG-06",2410.16,0,1,2,"PICE","MAR",NA,44,0.439,5860000,470000,0.44,1060.4704
"453",1369371,"2013-AUG-28",2597.64,0,2,1,"PINU","CON","LAT",53.5,0.538,5860000,470000,0.535,1389.7374
"454",1369371,"2013-AUG-28",2597.64,0,2,2,"PICE","MAR",NA,46.5,0.462,5860000,470000,0.465,1207.9026
"455",1369431,"2002-JUL-15",11436.35,0,0,3,"TSUG","HET",NA,0.7,0.045,5850000,3e+05,0.007,80.05445
"456",1369431,"2002-JUL-15",11436.35,0,0,1,"PICE","SPP",NA,72.3,0.545,5850000,3e+05,0.723,8268.48105
"457",1369431,"2002-JUL-15",11436.35,0,0,2,"ABIE","LAS",NA,27,0.409,5850000,3e+05,0.27,3087.8145
"458",1369431,"2016-JUL-23",12642.54,0,1,1,"ABIE","LAS",NA,49.7,0.5,5850000,3e+05,0.497,6283.34238
"459",1369431,"2016-JUL-23",12642.54,0,1,2,"PICE","ENG","GLA",49.1,0.45,5850000,3e+05,0.491,6207.48714
"460",1369431,"2016-JUL-23",12642.54,0,1,3,"TSUG","HET",NA,1.1,0.05,5850000,3e+05,0.011,139.06794
"461",1376296,"2002-JUL-12",9846.35,0,0,1,"ABIE","LAS",NA,100,1,5830000,650000,1,9846.35
"462",1376296,"2013-AUG-23",9393.06,0,1,1,"ABIE","LAS",NA,100,1,5830000,650000,1,9393.06
"463",1376306,"2004-JUL-01",14098.76,0,0,1,"THUJ","PLI",NA,82.7,0.657,5830000,690000,0.827,11659.67452
"464",1376306,"2004-JUL-01",14098.76,0,0,4,"PICE","SPP",NA,0.6,0.029,5830000,690000,0.006,84.59256
"465",1376306,"2004-JUL-01",14098.76,0,0,2,"TSUG","HET",NA,15.8,0.257,5830000,690000,0.158,2227.60408
"466",1376306,"2004-JUL-01",14098.76,0,0,3,"PSEU","MEN","GLA",0.9,0.057,5830000,690000,0.009,126.88884
"467",1376306,"2014-SEP-09",13227.21,0,1,1,"THUJ","PLI",NA,62.5,0.622,5830000,690000,0.625,8267.00625
"468",1376306,"2014-SEP-09",13227.21,0,1,4,"PICE","ENG","GLA",0.9,0.027,5830000,690000,0.009,119.04489
"469",1383116,"2004-JUN-20",7266.76,0,0,2,"PINU","CON","LAT",43.2,0.274,5830000,410000,0.432,3139.24032
"470",1383116,"2004-JUN-20",7266.76,0,0,1,"PICE","SPP",NA,56.8,0.726,5830000,410000,0.568,4127.51968
"471",1383116,"2013-AUG-07",7313.28,0,1,1,"PICE","SPP",NA,91.4,0.9,5830000,410000,0.914,6684.33792
"472",1383116,"2013-AUG-07",7313.28,0,1,2,"PINU","CON","LAT",8.6,0.1,5830000,410000,0.086,628.94208
"473",1383146,"2003-JUL-05",6277.09,0,0,1,"PINU","CON","LAT",93.2,0.872,5820000,530000,0.932,5850.24788
"474",1383146,"2003-JUL-05",6277.09,0,0,3,"PICE","ENG","GLA",0.9,0.021,5820000,530000,0.009,56.49381
"475",1383146,"2003-JUL-05",6277.09,0,0,2,"PSEU","MEN","GLA",5.9,0.106,5820000,530000,0.059,370.34831
"476",1383146,"2013-SEP-14",4846.42,0,1,1,"PSEU","MEN","GLA",59.2,0.588,5820000,530000,0.592,2869.08064
"477",1383146,"2013-SEP-14",4846.42,0,1,2,"PINU","CON","LAT",32.7,0.353,5820000,530000,0.327,1584.77934
"478",1383146,"2013-SEP-14",4846.42,0,1,3,"PICE","ENG","GLA",8.1,0.059,5820000,530000,0.081,392.56002
"479",1383151,"2003-JUL-01",1142.6,0,0,4,"PSEU","MEN","GLA",4.5,0.095,5820000,550000,0.045,51.417
"480",1383151,"2003-JUL-01",1142.6,0,0,2,"BETU","PAP",NA,16.1,0.19,5820000,550000,0.161,183.9586
"481",1383151,"2003-JUL-01",1142.6,0,0,1,"PINU","CON","LAT",68.9,0.571,5820000,550000,0.689,787.2514
"482",1383151,"2003-JUL-01",1142.6,0,0,3,"PICE","ENG","GLA",10.4,0.143,5820000,550000,0.104,118.8304
"483",1383151,"2009-AUG-07",1565.13,0,1,2,"BETU","PAP",NA,24.7,0.211,5820000,550000,0.247,386.58711
"484",1383151,"2009-AUG-07",1565.13,0,1,4,"PSEU","MEN","GLA",19.2,0.211,5820000,550000,0.192,300.50496
"485",1383151,"2009-AUG-07",1565.13,0,1,1,"PINU","CON","LAT",33.4,0.368,5820000,550000,0.334,522.75342
"486",1383151,"2009-AUG-07",1565.13,0,1,3,"PICE","ENG","GLA",22.7,0.211,5820000,550000,0.227,355.28451
"487",1383151,"2013-JUL-25",1680.59,0,2,4,"PICE","ENG","GLA",21.4,0.182,5820000,550000,0.214,359.64626
"488",1383151,"2013-JUL-25",1680.59,0,2,5,"POPU","TRE",NA,1.6,0.045,5820000,550000,0.016,26.88944
"489",1383151,"2013-JUL-25",1680.59,0,2,1,"PINU","CON","LAT",30.9,0.318,5820000,550000,0.309,519.30231
"490",1396871,"2003-JUN-26",4348.79,0,0,1,"PINU","CON","LAT",100,1,5790000,390000,1,4348.79
"491",1396871,"2013-AUG-09",5263.7,0,1,1,"PINU","CON","LAT",99.5,0.99,5790000,390000,0.995,5237.3815
"492",1396871,"2013-AUG-09",5263.7,0,1,2,"PICE","ENG","GLA",0.5,0.01,5790000,390000,0.005,26.3185
"493",1396896,"2003-JUL-07",1252.4,0,0,1,"PINU","CON","LAT",100,1,5780000,490000,1,1252.4
"494",1396896,"2013-SEP-12",1369.53,0,1,1,"PINU","CON","LAT",100,1,5780000,490000,1,1369.53
"495",1396936,"2003-JUL-24",7065.82,0,0,2,"PICE","ENG",NA,4.2,0.056,5770000,650000,0.042,296.76444
"496",1396936,"2003-JUL-24",7065.82,0,0,1,"ABIE","LAS",NA,95.8,0.944,5770000,650000,0.958,6769.05556
"497",1396936,"2013-JUL-19",6470.12,0,1,2,"PICE","ENG",NA,12.9,0.095,5770000,650000,0.129,834.64548
"498",1396936,"2013-JUL-19",6470.12,0,1,1,"ABIE","LAS",NA,87.1,0.905,5770000,650000,0.871,5635.47452
"499",1403851,"2000-AUG-20",14086.23,0,0,1,"TSUG","MER",NA,80.2,0.81,5740000,370000,0.802,11297.15646
"500",1403851,"2016-JUL-24",15869.75,0,1,1,"TSUG","MER",NA,71,0.75,5740000,370000,0.71,11267.5225
"501",1403851,"2016-JUL-24",15869.75,0,1,4,"TSUG","MER","HET",4.6,0.05,5740000,370000,0.046,730.0085
"502",1403871,"2003-JUL-20",3717.75,0,0,3,"TSUG","HET",NA,7.6,0.15,5730000,450000,0.076,282.549
"503",1403871,"2016-JUL-20",4841.76,0,1,3,"TSUG","MER",NA,8.3,0.136,5730000,450000,0.083,401.86608
"504",1410631,"2003-JUL-08",2055.09,0,0,1,"PINU","CON","LAT",100,1,5750000,380000,1,2055.09
"505",1410631,"2013-AUG-10",2337.99,0,1,1,"PINU","CON","LAT",100,1,5750000,380000,1,2337.99
"506",1410686,"2003-JUL-02",4332.53,0,0,2,"POPU","TRE",NA,11.5,0.2,5740000,6e+05,0.115,498.24095
"507",1410686,"2003-JUL-02",4332.53,0,0,3,"PINU","CON","LAT",4.5,0.025,5740000,6e+05,0.045,194.96385
"508",1410686,"2003-JUL-02",4332.53,0,0,1,"PSEU","MEN","GLA",84,0.775,5740000,6e+05,0.84,3639.3252
"509",1410686,"2013-JUL-21",4439.82,0,1,2,"POPU","TRE",NA,8.2,0.132,5740000,6e+05,0.082,364.06524
"510",1410686,"2013-JUL-21",4439.82,0,1,1,"PSEU","MEN","GLA",91.8,0.868,5740000,6e+05,0.918,4075.75476
"511",1410696,"2002-JUN-18",9175.95,0,0,1,"PINU","CON","LAT",98.2,0.98,5730000,640000,0.982,9010.7829
"512",1410696,"2002-JUN-18",9175.95,0,0,2,"PSEU","MEN","GLA",1.8,0.02,5730000,640000,0.018,165.1671
"513",1410696,"2013-JUL-17",4059.95,0,1,1,"PSEU","MEN","GLA",71.4,0.6,5730000,640000,0.714,2898.8043
"514",1410696,"2013-JUL-17",4059.95,0,1,3,"PINU","CON","LAT",12.8,0.2,5730000,640000,0.128,519.6736
"515",1410696,"2013-JUL-17",4059.95,0,1,2,"PICE","ENG","GLA",15.8,0.2,5730000,640000,0.158,641.4721
"516",1410756,"2000-AUG-16",4428.7,0,0,1,"ABIE","LAS",NA,50,0.579,5710000,470000,0.5,2214.35
"517",1410756,"2000-AUG-16",4428.7,0,0,2,"PICE","SPP",NA,30.2,0.211,5710000,470000,0.302,1337.4674
"518",1410756,"2000-AUG-16",4428.7,0,0,3,"TSUG","HET",NA,8.1,0.105,5710000,470000,0.081,358.7247
"519",1410756,"2016-JUL-19",5343.87,0,1,4,"PSEU","MEN",NA,8.7,0.063,5710000,470000,0.087,464.91669
"520",1410756,"2016-JUL-19",5343.87,0,1,3,"TSUG","HET",NA,14.2,0.188,5710000,470000,0.142,758.82954
"521",1410756,"2016-JUL-19",5343.87,0,1,2,"PICE","ENG","GLA",29.7,0.188,5710000,470000,0.297,1587.12939
"522",1410756,"2016-JUL-19",5343.87,0,1,1,"ABIE","LAS",NA,47.4,0.563,5710000,470000,0.474,2532.99438
"523",1410761,"2002-JUL-09",2711.07,0,0,2,"PICE","SPP",NA,25.8,0.313,5710000,490000,0.258,699.45606
"524",1410761,"2002-JUL-09",2711.07,0,0,1,"PSEU","MEN","GLA",49.3,0.375,5710000,490000,0.493,1336.55751
"525",1417516,"2004-JUN-21",4966.03,0,0,1,"PINU","CON","LAT",79.6,0.606,5730000,4e+05,0.796,3952.95988
"526",1417516,"2004-JUN-21",4966.03,0,0,3,"PICE","SPP",NA,6.7,0.121,5730000,4e+05,0.067,332.72401
"527",1417516,"2004-JUN-21",4966.03,0,0,4,"POPU","TRE",NA,2.3,0.121,5730000,4e+05,0.023,114.21869
"528",1417516,"2004-JUN-21",4966.03,0,0,2,"PSEU","MEN","GLA",11.4,0.152,5730000,4e+05,0.114,566.12742
"529",1417516,"2013-AUG-12",4481.78,0,1,1,"PINU","CON","LAT",37,0.35,5730000,4e+05,0.37,1658.2586
"530",1417516,"2013-AUG-12",4481.78,0,1,3,"PICE","SPP",NA,20,0.2,5730000,4e+05,0.2,896.356
"531",1417516,"2013-AUG-12",4481.78,0,1,4,"POPU","TRE",NA,6.5,0.2,5730000,4e+05,0.065,291.3157
"532",1417516,"2013-AUG-12",4481.78,0,1,2,"PSEU","MEN","GLA",36.4,0.25,5730000,4e+05,0.364,1631.36792
"533",1417521,"2004-JUN-24",3302.93,0,0,1,"PINU","CON","LAT",100,1,5720000,420000,1,3302.93
"534",1417521,"2013-AUG-13",3538.91,0,1,1,"PINU","CON","LAT",100,1,5720000,420000,1,3538.91
"535",1417526,"2003-AUG-27",2059.51,0,0,1,"PINU","CON","LAT",100,1,5720000,440000,1,2059.51
"536",1417526,"2013-AUG-24",1153.25,0,1,1,"PINU","CON","LAT",100,1,5720000,440000,1,1153.25
"537",1417536,"2004-JUN-14",1495.05,0,0,1,"PINU","CON","LAT",100,1,5720000,480000,1,1495.05
"538",1417536,"2013-AUG-17",1728.72,0,1,1,"PINU","CON","LAT",100,1,5720000,480000,1,1728.72
"539",1417566,"2009-AUG-20",97.66,0,1,1,"PINU","CON","LAT",100,1,5720000,6e+05,1,97.66
"540",1417566,"2013-JUL-07",297.46,0,2,1,"PINU","CON",NA,91.9,0.917,5720000,6e+05,0.919,273.36574
"541",1417566,"2013-JUL-07",297.46,0,2,2,"PICE","ENG","GLA",8.1,0.083,5720000,6e+05,0.081,24.09426
"542",1417576,"2004-JUN-18",5848.84,0,0,1,"PINU","CON","LAT",71.3,0.51,5710000,640000,0.713,4170.22292
"543",1417576,"2004-JUN-18",5848.84,0,0,2,"PSEU","MEN","GLA",28.7,0.49,5710000,640000,0.287,1678.61708
"544",1417576,"2009-AUG-21",4527.32,0,1,1,"PSEU","MEN","GLA",91.6,0.852,5710000,640000,0.916,4147.02512
"545",1417576,"2009-AUG-21",4527.32,0,1,2,"PINU","CON","LAT",8.4,0.148,5710000,640000,0.084,380.29488
"546",1417576,"2013-JUL-09",4403.79,0,2,2,"PINU","CON","LAT",6.9,0.125,5710000,640000,0.069,303.86151
"547",1417576,"2013-JUL-09",4403.79,0,2,1,"PSEU","MEN","GLA",93.1,0.875,5710000,640000,0.931,4099.92849
"548",1424411,"2000-AUG-30",5342.48,0,0,2,"ABIE","LAS",NA,6.4,0.138,5700000,460000,0.064,341.91872
"549",1424411,"2000-AUG-30",5342.48,0,0,3,"PICE","SPP",NA,6,0.138,5700000,460000,0.06,320.5488
"550",1424411,"2000-AUG-30",5342.48,0,0,1,"PINU","CON","LAT",87.6,0.724,5700000,460000,0.876,4680.01248
"551",1424411,"2013-AUG-15",4908.7,0,1,1,"PINU","CON","LAT",66.3,0.579,5700000,460000,0.663,3254.4681
"552",1424411,"2013-AUG-15",4908.7,0,1,3,"PICE","SPP",NA,16.7,0.211,5700000,460000,0.167,819.7529
"553",1424411,"2013-AUG-15",4908.7,0,1,2,"ABIE","LAS",NA,17,0.211,5700000,460000,0.17,834.479
"554",1424421,"2003-JUN-30",5275.01,0,0,1,"PINU","CON","LAT",100,1,5700000,5e+05,1,5275.01
"555",1424421,"2013-SEP-13",5436.59,0,1,1,"PINU","CON","LAT",98,0.974,5700000,5e+05,0.98,5327.8582
"556",1424421,"2013-SEP-13",5436.59,0,1,2,"PICE","ENG",NA,2,0.026,5700000,5e+05,0.02,108.7318
"557",1424456,"2004-JUN-16",4171.93,0,0,3,"POPU","TRE",NA,11,0.058,5690000,640000,0.11,458.9123
"558",1424471,"2002-JUN-23",3997.42,0,0,1,"PSEU","MEN","GLA",79.8,0.75,5690000,7e+05,0.798,3189.94116
"559",1424471,"2014-JUL-09",4754.69,0,1,1,"PSEU","MEN","GLA",96.1,0.912,5690000,7e+05,0.961,4569.25709
"560",1424471,"2014-JUL-09",4754.69,0,1,2,"BETU","PAP",NA,3.9,0.088,5690000,7e+05,0.039,185.43291
"561",1431326,"2001-MAY-24",5383.08,0,0,2,"PSEU","MEN","GLA",46.4,0.444,5680000,6e+05,0.464,2497.74912
"562",1431326,"2001-MAY-24",5383.08,0,0,1,"PINU","CON","LAT",53.6,0.556,5680000,6e+05,0.536,2885.33088
"563",1431326,"2009-AUG-18",1812.82,0,1,1,"PSEU","MEN","GLA",100,1,5680000,6e+05,1,1812.82
"564",1431326,"2013-JUN-23",2007.68,0,2,1,"PSEU","MEN","GLA",100,1,5680000,6e+05,1,2007.68
"565",1431371,"2002-JUL-06",17501.25,0,0,3,"TSUG","HET",NA,12,0.133,5660000,360000,0.12,2100.15
"566",1431371,"2002-JUL-06",17501.25,0,0,1,"THUJ","PLI",NA,45.6,0.622,5660000,360000,0.456,7980.57
"567",1431371,"2015-JUL-31",14805.33,0,1,1,"THUJ","PLI",NA,52.3,0.61,5660000,360000,0.523,7743.18759
"568",1431371,"2015-JUL-31",14805.33,0,1,3,"TSUG","HET",NA,13.6,0.146,5660000,360000,0.136,2013.52488
"569",1438251,"2003-JUL-18",10596.83,0,0,2,"TSUG","HET",NA,45.3,0.438,5640000,360000,0.453,4800.36399
"570",1438251,"2003-JUL-18",10596.83,0,0,3,"BETU","PAP",NA,7.8,0.063,5640000,360000,0.078,826.55274
"571",1438251,"2003-JUL-18",10596.83,0,0,1,"THUJ","PLI",NA,46.9,0.5,5640000,360000,0.469,4969.91327
"572",1438251,"2015-AUG-02",8550.3,0,1,1,"THUJ","PLI",NA,52.2,0.545,5640000,360000,0.522,4463.2566
"573",1438251,"2015-AUG-02",8550.3,0,1,2,"TSUG","HET",NA,46.3,0.364,5640000,360000,0.463,3958.7889
"574",1438251,"2015-AUG-02",8550.3,0,1,3,"TAXU","BRE",NA,1.5,0.091,5640000,360000,0.015,128.2545
"575",1445086,"2003-JUL-22",3837.2,0,0,1,"PSEU","MEN","GLA",100,1,5640000,6e+05,1,3837.2
"576",1445086,"2014-JUL-02",4529.54,0,1,1,"PSEU","MEN","GLA",100,1,5640000,6e+05,1,4529.54
"577",1445106,"2003-JUL-21",3056.25,0,0,3,"BETU","PAP",NA,1.7,0.05,5630000,680000,0.017,51.95625
"578",1445106,"2003-JUL-21",3056.25,0,0,4,"POPU","TRE",NA,1.7,0.05,5630000,680000,0.017,51.95625
"579",1445106,"2003-JUL-21",3056.25,0,0,1,"PSEU","MEN","GLA",92,0.75,5630000,680000,0.92,2811.75
"580",1445106,"2003-JUL-21",3056.25,0,0,2,"PICE","GLA",NA,4.6,0.15,5630000,680000,0.046,140.5875
"581",1445106,"2009-AUG-17",3484.58,0,1,2,"PICE","GLA",NA,3.7,0.095,5630000,680000,0.037,128.92946
"582",1445106,"2009-AUG-17",3484.58,0,1,1,"PSEU","MEN","GLA",92.9,0.81,5630000,680000,0.929,3237.17482
"583",1445106,"2014-JUL-03",3667.71,0,2,2,"BETU","PAP",NA,1.7,0.05,5630000,680000,0.017,62.35107
"584",1445106,"2014-JUL-03",3667.71,0,2,3,"PICE","GLA",NA,1.7,0.05,5630000,680000,0.017,62.35107
"585",1445106,"2014-JUL-03",3667.71,0,2,1,"PSEU","MEN","GLA",96.6,0.9,5630000,680000,0.966,3543.00786
"586",1445171,"2003-AUG-20",3663.85,0,0,1,"ABIE","LAS",NA,100,1,5600000,510000,1,3663.85
"587",1445171,"2016-JUL-18",3990.33,0,1,1,"ABIE","LAS",NA,100,1,5600000,510000,1,3990.33
"588",1452016,"2004-JUL-26",15715.17,0,0,1,"TSUG","HET",NA,77.2,0.706,5600000,370000,0.772,12132.11124
"589",1452016,"2004-JUL-26",15715.17,0,0,2,"THUJ","PLI",NA,22.8,0.294,5600000,370000,0.228,3583.05876
"590",1452016,"2015-AUG-04",16039.88,0,1,1,"TSUG","HET",NA,76.6,0.677,5600000,370000,0.766,12286.54808
"591",1452016,"2015-AUG-04",16039.88,0,1,2,"THUJ","PLI",NA,23.4,0.323,5600000,370000,0.234,3753.33192
"592",1452066,"2002-JUL-10",2403.59,0,0,1,"PSEU","MEN","GLA",91.5,0.786,5580000,570000,0.915,2199.28485
"593",1452066,"2002-JUL-10",2403.59,0,0,2,"PINU","CON","LAT",8.5,0.214,5580000,570000,0.085,204.30515
"594",1458736,"2002-JUN-29",20985.36,0,0,1,"TSUG","HET",NA,95.3,0.952,5600000,580000,0.953,19999.04808
"595",1458736,"2002-JUN-29",20985.36,0,0,2,"THUJ","PLI",NA,3.5,0.032,5600000,580000,0.035,734.4876
"596",1458736,"2002-JUN-29",20985.36,0,0,3,"PICE","SIT",NA,1.2,0.016,5600000,580000,0.012,251.82432
"597",1458736,"2009-AUG-26",23449.53,0,1,1,"TSUG","HET",NA,96.6,0.959,5600000,580000,0.966,22652.24598
"598",1458736,"2009-AUG-26",23449.53,0,1,2,"THUJ","PLI",NA,3.4,0.041,5600000,580000,0.034,797.28402
"599",1458736,"2016-JUL-01",25712.91,0,2,1,"TSUG","HET",NA,96.8,0.957,5600000,580000,0.968,24890.09688
"600",1458736,"2016-JUL-01",25712.91,0,2,2,"THUJ","PLI",NA,3.2,0.043,5600000,580000,0.032,822.81312
"601",1458861,"2000-JUL-24",8746.26,0,0,1,"PSEU","MEN","GLA",98.1,0.929,5590000,660000,0.981,8580.08106
"602",1458861,"2000-JUL-24",8746.26,0,0,2,"JUNI","SCO",NA,1.9,0.071,5590000,660000,0.019,166.17894
"603",1458861,"2014-JUN-26",9689.55,0,1,1,"PSEU","MEN","GLA",97.9,0.926,5590000,660000,0.979,9486.06945
"604",1458861,"2014-JUN-26",9689.55,0,1,2,"JUNI","SCO",NA,2.1,0.074,5590000,660000,0.021,203.48055
"605",1458951,"2001-MAY-26",1997.1,0,0,1,"PSEU","MEN","GLA",68,0.905,5550000,590000,0.68,1358.028
"606",1458951,"2016-JUL-12",2724.06,0,1,1,"PSEU","MEN",NA,75,0.939,5550000,590000,0.75,2043.045
"607",1465761,"2002-JUN-20",6886.32,0,0,1,"PSEU","MEN","GLA",83,0.769,5570000,310000,0.83,5715.6456
"608",1465761,"2002-JUN-20",6886.32,0,0,2,"ABIE","LAS",NA,17,0.231,5570000,310000,0.17,1170.6744
"609",1465761,"2015-AUG-05",4979.72,0,1,1,"PSEU","MEN","GLA",100,1,5570000,310000,1,4979.72
"610",1465781,"2003-JUL-16",8054.09,0,0,1,"PSEU","MEN","GLA",100,1,5560000,390000,1,8054.09
"611",1465781,"2015-JUL-14",8544.99,0,1,1,"PSEU","MEN","GLA",100,1,5560000,390000,1,8544.99
"612",1465841,"2001-MAY-28",10157.85,0,0,1,"ABIE","LAS",NA,52.6,0.556,5530000,630000,0.526,5343.0291
"613",1465841,"2001-MAY-28",10157.85,0,0,2,"PICE","ENG",NA,47.4,0.444,5530000,630000,0.474,4814.8209
"614",1465841,"2016-JUL-03",11899.56,0,1,1,"PICE","ENG",NA,50.4,0.52,5530000,630000,0.504,5997.37824
"615",1465841,"2016-JUL-03",11899.56,0,1,2,"ABIE","LAS",NA,49.6,0.48,5530000,630000,0.496,5902.18176
"616",1472691,"2001-MAY-30",6457.6,0,0,1,"PSEU","MEN","GLA",51.6,0.459,5520000,5e+05,0.516,3332.1216
"617",1472691,"2001-MAY-30",6457.6,0,0,2,"LARI","OCC",NA,45.2,0.432,5520000,5e+05,0.452,2918.8352
"618",1472691,"2001-MAY-30",6457.6,0,0,3,"TSUG","HET",NA,2,0.054,5520000,5e+05,0.02,129.152
"619",1472691,"2001-MAY-30",6457.6,0,0,4,"ABIE","LAS",NA,0.6,0.027,5520000,5e+05,0.006,38.7456
"620",1472691,"2001-MAY-30",6457.6,0,0,5,"PICE","ENG",NA,0.6,0.027,5520000,5e+05,0.006,38.7456
"621",1472691,"2016-JUL-09",8284.8,0,1,1,"LARI","OCC",NA,47.5,0.462,5520000,5e+05,0.475,3935.28
"622",1472691,"2016-JUL-09",8284.8,0,1,2,"PSEU","MEN",NA,47.3,0.423,5520000,5e+05,0.473,3918.7104
"623",1472691,"2016-JUL-09",8284.8,0,1,3,"TSUG","HET",NA,4.2,0.077,5520000,5e+05,0.042,347.9616
"624",1472691,"2016-JUL-09",8284.8,0,1,4,"ABIE","LAS",NA,1,0.038,5520000,5e+05,0.01,82.848
"625",1472701,"2000-SEP-11",3105.47,0,0,1,"ABIE","LAS",NA,48.6,0.7,5520000,540000,0.486,1509.25842
"626",1472701,"2000-SEP-11",3105.47,0,0,2,"PINU","ALB",NA,30.3,0.175,5520000,540000,0.303,940.95741
"627",1472701,"2000-SEP-11",3105.47,0,0,3,"LARI","LYA",NA,21.1,0.125,5520000,540000,0.211,655.25417
"628",1472701,"2016-JUL-07",3915.15,0,1,1,"ABIE","LAS",NA,45.5,0.644,5520000,540000,0.455,1781.39325
"629",1472701,"2016-JUL-07",3915.15,0,1,2,"PINU","ALB",NA,30.4,0.178,5520000,540000,0.304,1190.2056
"630",1472701,"2016-JUL-07",3915.15,0,1,3,"LARI","LYA",NA,23.3,0.156,5520000,540000,0.233,912.22995
"631",1472701,"2016-JUL-07",3915.15,0,1,4,"PICE","ENG",NA,0.9,0.022,5520000,540000,0.009,35.23635
"632",1479401,"2001-JUN-06",4977.18,0,0,1,"PSEU","MEN","MEN",77.7,0.714,5550000,680000,0.777,3867.26886
"633",1479401,"2001-JUN-06",4977.18,0,0,4,"TSUG","HET",NA,3.4,0.071,5550000,680000,0.034,169.22412
"634",1479401,"2009-AUG-25",7523.07,0,1,1,"PSEU","MEN","MEN",78.3,0.714,5550000,680000,0.783,5890.56381
"635",1479401,"2009-AUG-25",7523.07,0,1,3,"TSUG","HET",NA,4.6,0.107,5550000,680000,0.046,346.06122
"636",1479401,"2016-JUN-27",9030.08,0,2,1,"PSEU","MEN",NA,84.3,0.76,5550000,680000,0.843,7612.35744
"637",1479406,"2002-JUL-06",9205.8,0,0,1,"THUJ","PLI",NA,41.2,0.286,5550000,7e+05,0.412,3792.7896
"638",1479406,"2002-JUL-06",9205.8,0,0,2,"CHAM","NOO",NA,37.8,0.25,5550000,7e+05,0.378,3479.7924
"639",1479406,"2002-JUL-06",9205.8,0,0,3,"TSUG","HET",NA,17.7,0.25,5550000,7e+05,0.177,1629.4266
"640",1479406,"2002-JUL-06",9205.8,0,0,4,"ABIE","AMA",NA,1.7,0.143,5550000,7e+05,0.017,156.4986
"641",1479406,"2002-JUL-06",9205.8,0,0,5,"TAXU","BRE",NA,0.8,0.036,5550000,7e+05,0.008,73.6464
"642",1479406,"2002-JUL-06",9205.8,0,0,6,"TSUG","MER",NA,0.8,0.036,5550000,7e+05,0.008,73.6464
"643",1479406,"2016-JUN-29",9917.95,0,1,1,"THUJ","PLI",NA,42.9,0.323,5550000,7e+05,0.429,4254.80055
"644",1479566,"2004-JUL-28",7281.64,0,0,1,"ABIE","LAS",NA,83.5,0.9,5510000,480000,0.835,6080.1694
"645",1479566,"2004-JUL-28",7281.64,0,0,2,"PINU","ALB",NA,15.5,0.067,5510000,480000,0.155,1128.6542
"646",1479566,"2004-JUL-28",7281.64,0,0,3,"TSUG","MER",NA,1,0.033,5510000,480000,0.01,72.8164
"647",1479566,"2015-JUL-22",6728.14,0,1,1,"ABIE","LAS",NA,97.5,0.944,5510000,480000,0.975,6559.9365
"648",1479566,"2015-JUL-22",6728.14,0,1,2,"TSUG","MER",NA,2.5,0.056,5510000,480000,0.025,168.2035
"649",1479586,"2002-JUL-09",7513.41,0,0,1,"PSEU","MEN",NA,97,0.813,5500000,560000,0.97,7288.0077
"650",1479586,"2002-JUL-09",7513.41,0,0,2,"JUNI","SCO",NA,3,0.188,5500000,560000,0.03,225.4023
"651",1479586,"2016-JUN-30",7869.78,0,1,1,"PSEU","MEN",NA,96.8,0.786,5500000,560000,0.968,7617.94704
"652",1479586,"2016-JUN-30",7869.78,0,1,2,"JUNI","SCO",NA,2.3,0.143,5500000,560000,0.023,181.00494
"653",1479586,"2016-JUN-30",7869.78,0,1,3,"JUNI","SPP",NA,0.9,0.071,5500000,560000,0.009,70.82802
"654",1486291,"2002-JUL-16",33865.18,0,0,3,"TSUG","HET",NA,11.4,0.083,5530000,290000,0.114,3860.63052
"655",1486291,"2016-AUG-12",34856.13,0,1,3,"THUJ","PLI",NA,11.3,0.063,5530000,290000,0.113,3938.74269
"656",1486426,"2003-AUG-21",3495.6,0,0,1,"PINU","CON","LAT",73.7,0.538,5500000,4e+05,0.737,2576.2572
"657",1486426,"2003-AUG-21",3495.6,0,0,2,"LARI","OCC",NA,15.2,0.231,5500000,4e+05,0.152,531.3312
"658",1486426,"2015-JUL-15",3396.67,0,1,5,"PSEU","MEN","GLA",9.7,0.111,5500000,4e+05,0.097,329.47699
"659",1486451,"2000-SEP-08",7013.67,0,0,1,"ABIE","LAS",NA,96.5,0.93,5480000,5e+05,0.965,6768.19155
"660",1486451,"2000-SEP-08",7013.67,0,0,2,"LARI","LYA",NA,3.5,0.07,5480000,5e+05,0.035,245.47845
"661",1486451,"2016-JUL-11",6986.09,0,1,1,"ABIE","LAS",NA,99.2,0.971,5480000,5e+05,0.992,6930.20128
"662",1486451,"2016-JUL-11",6986.09,0,1,2,"LARI","LYA",NA,0.8,0.029,5480000,5e+05,0.008,55.88872
"663",1486476,"2000-SEP-12",6018.38,0,0,1,"PINU","CON","LAT",75.6,0.874,5470000,6e+05,0.756,4549.89528
"664",1486476,"2000-SEP-12",6018.38,0,0,2,"PSEU","MEN","GLA",23.5,0.116,5470000,6e+05,0.235,1414.3193
"665",1486476,"2000-SEP-12",6018.38,0,0,3,"LARI","OCC",NA,0.9,0.011,5470000,6e+05,0.009,54.16542
"666",1486476,"2016-JUL-01",7675.1,0,1,1,"PINU","CON",NA,73.1,0.865,5470000,6e+05,0.731,5610.4981
"667",1486476,"2016-JUL-01",7675.1,0,1,2,"PSEU","MEN",NA,25.7,0.125,5470000,6e+05,0.257,1972.5007
"668",1486476,"2016-JUL-01",7675.1,0,1,3,"LARI","OCC",NA,1.3,0.01,5470000,6e+05,0.013,99.7763
"669",1493241,"2001-OCT-01",7347.72,0,0,1,"TSUG","HET",NA,77.4,0.648,5500000,570000,0.774,5687.13528
"670",1493241,"2001-OCT-01",7347.72,0,0,2,"THUJ","PLI",NA,17.4,0.296,5500000,570000,0.174,1278.50328
"671",1493241,"2001-OCT-01",7347.72,0,0,3,"PSEU","MEN","MEN",5.2,0.056,5500000,570000,0.052,382.08144
"672",1493241,"2009-AUG-28",7971.24,0,1,1,"TSUG","HET",NA,77,0.667,5500000,570000,0.77,6137.8548
"673",1493241,"2009-AUG-28",7971.24,0,1,2,"THUJ","PLI",NA,19.4,0.313,5500000,570000,0.194,1546.42056
"674",1493241,"2009-AUG-28",7971.24,0,1,3,"PSEU","MEN",NA,3.6,0.021,5500000,570000,0.036,286.96464
"675",1493241,"2016-AUG-07",9219.71,0,2,1,"TSUG","HET",NA,77.9,0.729,5500000,570000,0.779,7182.15409
"676",1493241,"2016-AUG-07",9219.71,0,2,2,"THUJ","PLI",NA,18.5,0.25,5500000,570000,0.185,1705.64635
"677",1493241,"2016-AUG-07",9219.71,0,2,3,"PSEU","MEN",NA,3.6,0.021,5500000,570000,0.036,331.90956
"678",1493316,"2003-JUN-20",8813.24,0,0,1,"PICE","ENG","GLA",81.7,0.776,5470000,440000,0.817,7200.41708
"679",1493316,"2003-JUN-20",8813.24,0,0,2,"ABIE","LAS",NA,15.6,0.19,5470000,440000,0.156,1374.86544
"680",1493316,"2003-JUN-20",8813.24,0,0,3,"TSUG","HET",NA,2.7,0.034,5470000,440000,0.027,237.95748
"681",1493316,"2015-JUL-19",11624.27,0,1,1,"PICE","ENG","GLA",82.4,0.754,5470000,440000,0.824,9578.39848
"682",1493316,"2015-JUL-19",11624.27,0,1,2,"ABIE","LAS",NA,15.5,0.228,5470000,440000,0.155,1801.76185
"683",1493316,"2015-JUL-19",11624.27,0,1,3,"TSUG","HET",NA,2.1,0.018,5470000,440000,0.021,244.10967
"684",1493381,"2004-JUL-30",4134.23,0,0,1,"ABIE","LAS",NA,71.6,0.872,5440000,690000,0.716,2960.10868
"685",1493381,"2004-JUL-30",4134.23,0,0,2,"LARI","LYA",NA,19.1,0.103,5440000,690000,0.191,789.63793
"686",1493381,"2004-JUL-30",4134.23,0,0,3,"PINU","ALB",NA,9.4,0.026,5440000,690000,0.094,388.61762
"687",1493381,"2016-JUL-05",4599.71,0,1,1,"ABIE","LAS",NA,75.5,0.9,5440000,690000,0.755,3472.78105
"688",1493381,"2016-JUL-05",4599.71,0,1,2,"LARI","LYA",NA,15.6,0.075,5440000,690000,0.156,717.55476
"689",1493381,"2016-JUL-05",4599.71,0,1,3,"PINU","ALB",NA,8.9,0.025,5440000,690000,0.089,409.37419
"690",1500046,"2003-JUL-09",8271.01,0,0,1,"CHAM","NOO",NA,52.2,0.521,5490000,710000,0.522,4317.46722
"691",1500046,"2016-AUG-05",8333.95,0,1,1,"CHAM","NOO",NA,55.4,0.532,5490000,710000,0.554,4617.0083
"692",1500051,"2005-JUL-03",8718.55,0,0,3,"ABIE","AMA",NA,6.3,0.194,5490000,290000,0.063,549.26865
"693",1500051,"2016-AUG-11",8569.18,0,1,3,"ABIE","AMA",NA,6.8,0.189,5490000,290000,0.068,582.70424
"694",1500066,"2002-JUL-17",27662.79,0,0,4,"TSUG","MER",NA,8.6,0.032,5490000,350000,0.086,2378.99994
"695",1500066,"2016-AUG-04",25818.6,0,1,4,"TSUG","MER",NA,9.1,0.03,5490000,350000,0.091,2349.4926
"696",1500241,"2004-JUL-29",1248.94,0,0,1,"PINU","CON","LAT",63,0.5,5430000,610000,0.63,786.8322
"697",1500241,"2016-JUL-06",3194.3,0,1,3,"LARI","OCC",NA,17.2,0.167,5430000,610000,0.172,549.4196
"698",1506946,"2000-AUG-24",2325.88,0,0,1,"PSEU","MEN","MEN",62.2,0.565,5470000,350000,0.622,1446.69736
"699",1506946,"2000-AUG-24",2325.88,0,0,2,"PINU","CON","CON",27.2,0.217,5470000,350000,0.272,632.63936
"700",1506946,"2000-AUG-24",2325.88,0,0,3,"TSUG","HET",NA,8.8,0.174,5470000,350000,0.088,204.67744
"701",1506946,"2000-AUG-24",2325.88,0,0,4,"THUJ","PLI",NA,1.8,0.043,5470000,350000,0.018,41.86584
"702",1506946,"2016-JUN-22",3325.27,0,1,1,"PSEU","MEN",NA,58.4,0.595,5470000,350000,0.584,1941.95768
"703",1506946,"2016-JUN-22",3325.27,0,1,4,"THUJ","PLI",NA,3.3,0.027,5470000,350000,0.033,109.73391
"704",1506996,"2005-MAY-10",18691.82,0,0,1,"PSEU","MEN","MEN",43.9,0.333,5460000,550000,0.439,8205.70898
"705",1506996,"2005-MAY-10",18691.82,0,0,2,"THUJ","PLI",NA,28.6,0.333,5460000,550000,0.286,5345.86052
"706",1506996,"2005-MAY-10",18691.82,0,0,3,"TSUG","HET",NA,27.5,0.333,5460000,550000,0.275,5140.2505
"707",1506996,"2016-AUG-09",19753.21,0,1,3,"TSUG","HET",NA,21.9,0.3,5460000,550000,0.219,4325.95299
"708",1507026,"2001-AUG-23",3194.18,0,0,1,"PINU","CON",NA,84.8,0.87,5450000,670000,0.848,2708.66464
"709",1507026,"2013-SEP-05",2147.23,0,1,1,"PINU","CON","LAT",50.4,0.625,5450000,670000,0.504,1082.20392
"710",1507026,"2013-SEP-05",2147.23,0,1,2,"PSEU","MEN",NA,26.4,0.25,5450000,670000,0.264,566.86872
"711",1507026,"2013-SEP-05",2147.23,0,1,3,"ABIE","LAS",NA,23.2,0.125,5450000,670000,0.232,498.15736
"712",1507036,"2003-JUL-15",9004.78,0,0,1,"PINU","CON","LAT",93.6,0.953,5450000,710000,0.936,8428.47408
"713",1507036,"2003-JUL-15",9004.78,0,0,2,"PICE","ENG",NA,6.4,0.047,5450000,710000,0.064,576.30592
"714",1507036,"2013-SEP-10",9623.64,0,1,1,"PINU","CON","LAT",96.1,0.966,5450000,710000,0.961,9248.31804
"715",1507036,"2013-SEP-10",9623.64,0,1,2,"PICE","ENG",NA,3.9,0.034,5450000,710000,0.039,375.32196
"716",1507051,"2002-JUL-04",652.83,0,0,1,"PICE","SPP",NA,65.3,0.692,5440000,330000,0.653,426.29799
"717",1507051,"2002-JUL-04",652.83,0,0,2,"ABIE","LAS",NA,34.7,0.308,5440000,330000,0.347,226.53201
"718",1507051,"2015-AUG-08",2545.11,0,1,1,"PICE","SPP",NA,68.5,0.75,5440000,330000,0.685,1743.40035
"719",1507051,"2015-AUG-08",2545.11,0,1,2,"ABIE","LAS",NA,29.7,0.208,5440000,330000,0.297,755.89767
"720",1507051,"2015-AUG-08",2545.11,0,1,3,"PSEU","MEN","GLA",1.9,0.042,5440000,330000,0.019,48.35709
"721",1507066,"2003-JUN-03",2085.45,0,0,1,"PSEU","MEN","GLA",95.9,0.947,5440000,390000,0.959,1999.94655
"722",1507066,"2003-JUN-03",2085.45,0,0,2,"LARI","OCC",NA,4.1,0.053,5440000,390000,0.041,85.50345
"723",1507066,"2015-AUG-09",2561.96,0,1,1,"PSEU","MEN","GLA",96.3,0.875,5440000,390000,0.963,2467.16748
"724",1507066,"2015-AUG-09",2561.96,0,1,2,"BETU","PAP",NA,3.7,0.125,5440000,390000,0.037,94.79252
"725",1507071,"2003-JUN-27",3055.54,0,0,1,"PINU","PON",NA,61.2,0.714,5430000,410000,0.612,1869.99048
"726",1507071,"2003-JUN-27",3055.54,0,0,2,"PSEU","MEN","GLA",38.8,0.286,5430000,410000,0.388,1185.54952
"727",1507071,"2015-JUL-24",4550.48,0,1,1,"PINU","PON",NA,63.2,0.714,5430000,410000,0.632,2875.90336
"728",1507071,"2015-JUL-24",4550.48,0,1,2,"PSEU","MEN","GLA",36.8,0.286,5430000,410000,0.368,1674.57664
"729",1513916,"2002-JUL-03",8500.08,0,0,1,"PINU","CON","LAT",99.3,0.982,5430000,710000,0.993,8440.57944
"730",1513916,"2002-JUL-03",8500.08,0,0,2,"PICE","SPP",NA,0.7,0.018,5430000,710000,0.007,59.50056
"731",1513916,"2015-AUG-13",10895.91,0,1,1,"PINU","CON","LAT",99.1,0.982,5430000,710000,0.991,10797.84681
"732",1513916,"2015-AUG-13",10895.91,0,1,2,"PICE","SPP",NA,0.9,0.018,5430000,710000,0.009,98.06319
"733",1520716,"2001-OCT-30",5906.28,0,0,1,"TSUG","HET",NA,49.3,0.75,5430000,390000,0.493,2911.79604
"734",1520716,"2001-OCT-30",5906.28,0,0,4,"ACER","MAC",NA,1.5,0.016,5430000,390000,0.015,88.5942
"735",1520716,"2016-JUN-20",11211.69,0,1,1,"TSUG","HET",NA,50.4,0.78,5430000,390000,0.504,5650.69176
"736",1520716,"2016-JUN-20",11211.69,0,1,2,"PSEU","MEN",NA,24.2,0.119,5430000,390000,0.242,2713.22898
"737",1520716,"2016-JUN-20",11211.69,0,1,3,"ALNU","RUB",NA,23.3,0.085,5430000,390000,0.233,2612.32377
"738",1520716,"2016-JUN-20",11211.69,0,1,4,"ACER","MAC",NA,2.1,0.017,5430000,390000,0.021,235.44549
"739",1534491,"2000-JUN-22",104.48,0,0,1,"PSEU","MEN","MEN",100,1,5380000,450000,1,104.48
"740",1534491,"2009-AUG-24",1776.5,0,1,1,"PSEU","MEN",NA,100,1,5380000,450000,1,1776.5
"741",1534491,"2016-JUN-21",3228.37,0,2,1,"PSEU","MEN",NA,99.2,0.966,5380000,450000,0.992,3202.54304
"742",1534491,"2016-JUN-21",3228.37,0,2,2,"PINU","MON",NA,0.8,0.034,5380000,450000,0.008,25.82696
