"","nfi_plot","meas_date","biomass_total","loc_id","meas_num","species_num","genus","species","variety","percent","species_ltrel","utm_n","utm_e","percent/100","percent/100 * biomass_total"
"1",1108316,"2004-JUL-11",268.54,0,0,1,"PICE","MAR","",100,1,6270000,600000,1,268.54
"2",1108316,"2015-AUG-09",424.36,0,1,1,"PICE","MAR","",100,1,6270000,600000,1,424.36
"3",1115226,"2004-JUL-08",526.51,0,0,1,"PICE","MAR","",100,1,6210000,330000,1,526.51
"4",1115226,"2010-JUN-27",627.15,0,1,1,"PICE","MAR","",100,1,6210000,330000,1,627.15
"5",1128906,"2004-JUL-23",82.63,0,0,1,"PICE","MAR","",100,1,6290000,390000,1,82.63
"6",1128906,"2010-JUL-11",166.39,0,1,1,"PICE","MAR","",100,1,6290000,390000,1,166.39
"7",1128926,"2004-JUL-11",7487.52,0,0,2,"PINU","BAN","",2.5,0.009,6260000,470000,0.025,187.188
"8",1128926,"2004-JUL-11",7487.52,0,0,1,"PICE","MAR","",97.5,0.991,6260000,470000,0.975,7300.332
"9",1128926,"2010-JUL-08",8414.27,0,1,1,"PICE","MAR","",97.5,0.991,6260000,470000,0.975,8203.91325
"10",1128926,"2010-JUL-08",8414.27,0,1,2,"PINU","BAN","",2.5,0.009,6260000,470000,0.025,210.35675
"11",1128941,"2003-JUL-06",24.16,0,0,1,"PICE","MAR","",100,1,6240000,520000,1,24.16
"12",1135826,"2003-JUL-01",4558.58,0,0,3,"PINU","BAN","",3.8,0.025,6210000,530000,0.038,173.22604
"13",1135826,"2003-JUL-01",4558.58,0,0,2,"POPU","TRE","",15.4,0.19,6210000,530000,0.154,702.02132
"14",1135826,"2003-JUL-01",4558.58,0,0,1,"PICE","MAR","",78.6,0.759,6210000,530000,0.786,3583.04388
"15",1135826,"2003-JUL-01",4558.58,0,0,4,"POPU","BAL","",2.2,0.025,6210000,530000,0.022,100.28876
"16",1135826,"2010-JUN-23",4860.53,0,1,4,"PINU","BAN","",2.1,0.013,6210000,530000,0.021,102.07113
"17",1135826,"2010-JUN-23",4860.53,0,1,1,"PICE","MAR","",78.1,0.753,6210000,530000,0.781,3796.07393
"18",1135826,"2010-JUN-23",4860.53,0,1,3,"POPU","BAL","",3,0.039,6210000,530000,0.03,145.8159
"19",1135826,"2010-JUN-23",4860.53,0,1,2,"POPU","TRE","",16.9,0.195,6210000,530000,0.169,821.42957
"20",1142656,"2004-JUL-22",2637.87,0,0,1,"PICE","MAR","",72.5,0.757,6270000,340000,0.725,1912.45575
"21",1142656,"2004-JUL-22",2637.87,0,0,2,"PINU","BAN","",27.5,0.243,6270000,340000,0.275,725.41425
"22",1142656,"2010-JUL-10",2899.76,0,1,2,"PINU","BAN","",22.8,0.189,6270000,340000,0.228,661.14528
"23",1142656,"2010-JUL-10",2899.76,0,1,1,"PICE","MAR","",77.2,0.811,6270000,340000,0.772,2238.61472
"24",1149546,"2004-JUL-22",4147.31,0,0,1,"PICE","MAR","",98.5,0.983,6240000,370000,0.985,4085.10035
"25",1149546,"2004-JUL-22",4147.31,0,0,2,"PINU","BAN","",1.5,0.017,6240000,370000,0.015,62.20965
"26",1149546,"2015-AUG-19",3243.83,0,1,1,"PICE","MAR","",98,0.978,6240000,370000,0.98,3178.9534
"27",1149546,"2015-AUG-19",3243.83,0,1,2,"PINU","BAN","",2,0.022,6240000,370000,0.02,64.8766
"28",1149626,"2004-JUL-09",1317.62,0,0,2,"PINU","BAN","",45.3,0.417,6120000,670000,0.453,596.88186
"29",1149626,"2004-JUL-09",1317.62,0,0,1,"PICE","MAR","",54.7,0.583,6120000,670000,0.547,720.73814
"30",1149626,"2017-JUN-20",2047.29,0,1,1,"PICE","MAR","",84.3,0.862,6120000,670000,0.843,1725.86547
"31",1149626,"2017-JUN-20",2047.29,0,1,2,"PINU","BAN","",15.7,0.138,6120000,670000,0.157,321.42453
"32",1156421,"2004-JUN-23",413.36,0,0,1,"PINU","BAN","",100,1,6230000,350000,1,413.36
"33",1156421,"2015-JUN-25",155.84,0,1,1,"PINU","BAN","",87.1,0.75,6230000,350000,0.871,135.73664
"34",1156421,"2015-JUN-25",155.84,0,1,2,"PICE","MAR","",12.9,0.25,6230000,350000,0.129,20.10336
"35",1156461,"2003-AUG-18",3242.61,0,0,1,"POPU","TRE","",58.6,0.486,6170000,490000,0.586,1900.16946
"36",1156461,"2003-AUG-18",3242.61,0,0,3,"POPU","BAL","",7.9,0.108,6170000,490000,0.079,256.16619
"37",1156461,"2003-AUG-18",3242.61,0,0,2,"PICE","MAR","",32.3,0.392,6170000,490000,0.323,1047.36303
"38",1156461,"2003-AUG-18",3242.61,0,0,4,"BETU","PAP","",1.2,0.014,6170000,490000,0.012,38.91132
"39",1156461,"2016-AUG-26",5166.43,0,1,3,"POPU","BAL","",5.7,0.073,6170000,490000,0.057,294.48651
"40",1156461,"2016-AUG-26",5166.43,0,1,4,"BETU","PAP","PAP",0.9,0.009,6170000,490000,0.009,46.49787
"41",1156501,"2003-JUL-01",3850.93,0,0,2,"PINU","BAN","",17,0.132,6110000,640000,0.17,654.6581
"42",1156501,"2003-JUL-01",3850.93,0,0,1,"PICE","MAR","",83,0.868,6110000,640000,0.83,3196.2719
"43",1156501,"2017-JUN-12",5565.96,0,1,1,"PICE","MAR","",86.9,0.906,6110000,640000,0.869,4836.81924
"44",1156501,"2017-JUN-12",5565.96,0,1,2,"PINU","BAN","",13.1,0.094,6110000,640000,0.131,729.14076
"45",1170181,"2004-JUL-21",2394.75,0,0,1,"PICE","MAR","",100,1,6190000,330000,1,2394.75
"46",1170181,"2016-AUG-15",3689.41,0,1,1,"PICE","MAR","",100,1,6190000,330000,1,3689.41
"47",1170231,"2003-AUG-17",198.1,0,0,2,"PICE","MAR","",12.8,0.111,6110000,520000,0.128,25.3568
"48",1170231,"2003-AUG-17",198.1,0,0,1,"PINU","BAN","",87.2,0.889,6110000,520000,0.872,172.7432
"49",1170231,"2017-JUL-05",361.77,0,1,1,"PINU","BAN","",86.4,0.875,6110000,520000,0.864,312.56928
"50",1170231,"2017-JUL-05",361.77,0,1,2,"PICE","MAR","",13.6,0.125,6110000,520000,0.136,49.20072
"51",1170251,"2003-AUG-12",8060.2,0,0,1,"PICE","MAR","",80.8,0.915,6080000,590000,0.808,6512.6416
"52",1170251,"2003-AUG-12",8060.2,0,0,3,"BETU","PAP","PAP",0.7,0.021,6080000,590000,0.007,56.4214
"53",1170251,"2003-AUG-12",8060.2,0,0,2,"PICE","GLA","",18.5,0.064,6080000,590000,0.185,1491.137
"54",1170251,"2017-JUL-06",6140.92,0,1,1,"PICE","MAR","",68,0.893,6080000,510000,0.68,4175.8256
"55",1170251,"2017-JUL-06",6140.92,0,1,2,"PICE","GLA","",32,0.107,6080000,510000,0.32,1965.0944
"56",1177066,"2004-JUN-22",1307.25,0,0,1,"POPU","TRE","",100,1,6160000,340000,1,1307.25
"57",1177066,"2016-AUG-14",660.18,0,1,1,"POPU","TRE","",100,1,6160000,340000,1,660.18
"58",1177121,"2003-AUG-14",4817.16,0,0,2,"PINU","BAN","",33.6,0.306,6080000,550000,0.336,1618.56576
"59",1177121,"2003-AUG-14",4817.16,0,0,3,"POPU","TRE","",2.5,0.03,6080000,550000,0.025,120.429
"60",1177121,"2003-AUG-14",4817.16,0,0,1,"PICE","MAR","",63.8,0.664,6080000,550000,0.638,3073.34808
"61",1183991,"2003-AUG-13",906.83,0,0,1,"PICE","MAR","",55,0.72,6080000,500000,0.55,498.7565
"62",1183991,"2003-AUG-13",906.83,0,0,4,"POPU","TRE","",3.1,0.04,6080000,500000,0.031,28.11173
"63",1183991,"2017-JUN-13",2116.91,0,1,1,"PICE","MAR","",72.2,0.844,6080000,500000,0.722,1528.40902
"64",1183991,"2017-JUN-13",2116.91,0,1,2,"POPU","BAL","",18.2,0.078,6080000,500000,0.182,385.27762
"65",1190916,"2004-JUN-12",193.23,0,0,3,"PICE","MAR","",25.2,0.25,5990000,660000,0.252,48.69396
"66",1190916,"2004-JUN-12",193.23,0,0,1,"PINU","BAN","",49.7,0.5,5990000,660000,0.497,96.03531
"67",1190916,"2004-JUN-12",193.23,0,0,2,"LARI","LAR","",25.2,0.25,5990000,660000,0.252,48.69396
"68",1190916,"2017-JUL-10",193.85,0,1,2,"PICE","MAR","",41.9,0.5,5990000,660000,0.419,81.22315
"69",1190916,"2017-JUL-10",193.85,0,1,1,"LARI","LAR","",58.1,0.5,5990000,660000,0.581,112.62685
"70",1197741,"2003-JUN-17",3730.28,0,0,1,"LARI","LAR","",78.7,0.79,6060000,450000,0.787,2935.73036
"71",1197741,"2003-JUN-17",3730.28,0,0,2,"PICE","MAR","",21.3,0.21,6060000,450000,0.213,794.54964
"72",1197741,"2016-AUG-24",5264.01,0,1,2,"PICE","MAR","",15.5,0.154,6060000,450000,0.155,815.92155
"73",1197741,"2016-AUG-24",5264.01,0,1,1,"LARI","LAR","",84.5,0.846,6060000,450000,0.845,4448.08845
"74",1197751,"2003-JUN-23",259.18,0,0,1,"LARI","LAR","",79.5,0.75,6040000,490000,0.795,206.0481
"75",1197751,"2003-JUN-23",259.18,0,0,2,"PICE","MAR","",20.5,0.25,6040000,490000,0.205,53.1319
"76",1197751,"2016-AUG-12",156.43,0,1,1,"LARI","LAR","",83.4,0.8,6040000,490000,0.834,130.46262
"77",1197751,"2016-AUG-12",156.43,0,1,2,"PICE","MAR","",16.6,0.2,6040000,490000,0.166,25.96738
"78",1197761,"2003-AUG-17",4053.8,0,0,1,"PICE","MAR","",100,1,6030000,520000,1,4053.8
"79",1197761,"2017-JUL-09",5016.95,0,1,1,"PICE","MAR","",100,1,6030000,520000,1,5016.95
"80",1197766,"2003-JUL-15",4140.63,0,0,3,"BETU","PAP","PAP",8.5,0.105,6020000,540000,0.085,351.95355
"81",1197766,"2003-JUL-15",4140.63,0,0,2,"PICE","MAR","",40.9,0.329,6020000,540000,0.409,1693.51767
"82",1197766,"2003-JUL-15",4140.63,0,0,1,"LARI","LAR","",50.6,0.566,6020000,540000,0.506,2095.15878
"83",1204606,"2003-AUG-26",1258.7,0,0,2,"PINU","BAN","",35,0.2,6060000,390000,0.35,440.545
"84",1204606,"2003-AUG-26",1258.7,0,0,1,"PICE","MAR","",65,0.8,6060000,390000,0.65,818.155
"85",1204606,"2016-AUG-11",1879.32,0,1,1,"PICE","MAR","",62.7,0.818,6060000,390000,0.627,1178.33364
"86",1204606,"2016-AUG-11",1879.32,0,1,2,"PINU","BAN","",37.3,0.182,6060000,390000,0.373,700.98636
"87",1211511,"2004-JUN-13",97.7,0,0,1,"PICE","MAR","",100,1,6000000,470000,1,97.7
"88",1211511,"2016-AUG-09",257.3,0,1,2,"POPU","BAL","",22.3,0.231,6000000,470000,0.223,57.3779
"89",1211511,"2016-AUG-09",257.3,0,1,1,"PICE","MAR","",77.7,0.769,6000000,470000,0.777,199.9221
"90",1211561,"2004-JUN-12",24.3,0,0,1,"PICE","MAR","",100,1,5930000,660000,1,24.3
"91",1211561,"2017-JUL-11",17.86,0,1,1,"PICE","MAR","",100,1,5930000,660000,1,17.86
"92",1218376,"2003-AUG-28",2630.99,0,0,2,"LARI","LAR","",17.3,0.129,6010000,410000,0.173,455.16127
"93",1218376,"2003-AUG-28",2630.99,0,0,1,"PICE","MAR","",82.7,0.871,6010000,410000,0.827,2175.82873
"94",1218376,"2016-AUG-10",3292.13,0,1,1,"PICE","MAR","",81.9,0.885,6010000,410000,0.819,2696.25447
"95",1218376,"2016-AUG-10",3292.13,0,1,2,"LARI","LAR","",18.1,0.115,6010000,410000,0.181,595.87553
"96",1218396,"2004-JUN-09",7302.14,0,0,2,"POPU","TRE","",12.9,0.069,5980000,480000,0.129,941.97606
"97",1218396,"2004-JUN-09",7302.14,0,0,1,"PICE","MAR","",87.1,0.931,5980000,480000,0.871,6360.16394
"98",1225241,"2003-JUN-20",2350.2,0,0,1,"PICE","MAR","",74.3,0.865,6010000,340000,0.743,1746.1986
"99",1225241,"2003-JUN-20",2350.2,0,0,2,"POPU","TRE","",25.7,0.135,6010000,340000,0.257,604.0014
"100",1232216,"2003-AUG-27",1076.02,0,0,1,"PICE","MAR","",84.7,0.875,5850000,690000,0.847,911.38894
"101",1232216,"2003-AUG-27",1076.02,0,0,2,"LARI","LAR","",15.3,0.125,5850000,690000,0.153,164.63106
"102",1239011,"2003-AUG-30",4446.43,0,0,2,"SALI","SPP","",4.6,0.095,5960000,370000,0.046,204.53578
"103",1239011,"2003-AUG-30",4446.43,0,0,3,"ALNU","SPP","",0.7,0.048,5960000,370000,0.007,31.12501
"104",1239011,"2003-AUG-30",4446.43,0,0,1,"POPU","BAL","",94.7,0.857,5960000,370000,0.947,4210.76921
"105",1239011,"2013-SEP-05",5712.97,0,1,5,"ALNU","RUG","",1.2,0.051,5960000,370000,0.012,68.55564
"106",1239011,"2013-SEP-05",5712.97,0,1,6,"BETU","PAP","",0.8,0.026,5960000,370000,0.008,45.70376
"107",1239011,"2013-SEP-05",5712.97,0,1,2,"POPU","TRE","",6.2,0.154,5960000,370000,0.062,354.20414
"108",1239011,"2013-SEP-05",5712.97,0,1,1,"POPU","BAL","",83.3,0.615,5960000,370000,0.833,4758.90401
"109",1245881,"2003-AUG-29",4249.86,0,0,1,"POPU","TRE","",69.6,0.558,5960000,320000,0.696,2957.90256
"110",1245881,"2003-AUG-29",4249.86,0,0,3,"BETU","PAP","PAP",2.3,0.038,5960000,320000,0.023,97.74678
"111",1245881,"2003-AUG-29",4249.86,0,0,2,"PICE","GLA","",25.4,0.365,5960000,320000,0.254,1079.46444
"112",1245881,"2012-AUG-28",4994.46,0,1,2,"PICE","GLA","",32.8,0.357,5960000,320000,0.328,1638.18288
"113",1245881,"2012-AUG-28",4994.46,0,1,1,"POPU","TRE","",57.3,0.446,5960000,320000,0.573,2861.82558
"114",1245881,"2012-AUG-28",4994.46,0,1,5,"PICE","MAR","",1.7,0.036,5960000,320000,0.017,84.90582
"115",1245881,"2012-AUG-28",4994.46,0,1,3,"BETU","PAP","",4.2,0.089,5960000,320000,0.042,209.76732
"116",1245881,"2012-AUG-28",4994.46,0,1,4,"POPU","BAL","",3.9,0.071,5960000,320000,0.039,194.78394
"117",1252776,"2003-AUG-26",112.46,0,0,1,"PICE","MAR","",71,0.667,5910000,370000,0.71,79.8466
"118",1252776,"2003-AUG-26",112.46,0,0,2,"LARI","LAR","",29,0.333,5910000,370000,0.29,32.6134
"119",1252776,"2018-AUG-22",90.62,0,1,1,"LARI","LAR","",55.1,0.5,5910000,370000,0.551,49.93162
"120",1252776,"2018-AUG-22",90.62,0,1,2,"PICE","MAR","",44.9,0.5,5910000,370000,0.449,40.68838
"121",1259646,"2003-AUG-27",219.83,0,0,2,"LARI","LAR","",19.4,0.2,5910000,330000,0.194,42.64702
"122",1259646,"2003-AUG-27",219.83,0,0,1,"PICE","MAR","",80.6,0.8,5910000,330000,0.806,177.18298
"123",1259646,"2013-SEP-04",247.37,0,1,1,"PICE","MAR","",70.7,0.727,5910000,330000,0.707,174.89059
"124",1259646,"2013-SEP-04",247.37,0,1,2,"LARI","LAR","",29.3,0.273,5910000,330000,0.293,72.47941
"125",1259661,"2003-AUG-27",347.03,0,0,1,"PICE","MAR","",100,1,5890000,380000,1,347.03
"126",1259661,"2008-AUG-19",403.24,0,1,1,"PICE","MAR","",100,1,5890000,380000,1,403.24
"127",1259661,"2018-AUG-23",504.05,0,2,1,"PICE","MAR","",100,1,5890000,380000,1,504.05
"128",1259711,"2003-JUL-19",244.34,0,0,1,"LARI","LAR","",100,1,5810000,570000,1,244.34
"129",1259711,"2009-JUL-08",276.22,0,1,2,"PICE","MAR","",12.6,0.167,5810000,570000,0.126,34.80372
"130",1259711,"2009-JUL-08",276.22,0,1,1,"LARI","LAR","",87.4,0.833,5810000,570000,0.874,241.41628
"131",1259731,"2003-JUL-02",2690.98,0,0,2,"PINU","BAN","",46,0.386,5780000,640000,0.46,1237.8508
"132",1259731,"2003-JUL-02",2690.98,0,0,1,"PICE","MAR","",54,0.614,5780000,640000,0.54,1453.1292
"133",1259731,"2019-JUN-24",2734.12,0,2,2,"PINU","BAN","",34.9,0.271,5780000,640000,0.349,954.20788
"134",1259731,"2019-JUN-24",2734.12,0,2,1,"PICE","MAR","",65.1,0.729,5780000,640000,0.651,1779.91212
"135",1266546,"2003-JUL-29",3691.98,0,0,1,"PICE","MAR","",95.1,0.968,5860000,390000,0.951,3511.07298
"136",1266546,"2003-JUL-29",3691.98,0,0,2,"LARI","LAR","",4.9,0.032,5860000,390000,0.049,180.90702
"137",1266546,"2008-AUG-09",3695.78,0,1,1,"PICE","MAR","",94.8,0.968,5860000,390000,0.948,3503.59944
"138",1266546,"2008-AUG-09",3695.78,0,1,2,"LARI","LAR","",5.2,0.032,5860000,390000,0.052,192.18056
"139",1266546,"2018-AUG-21",4413.78,0,2,2,"LARI","LAR","",5.7,0.031,5860000,390000,0.057,251.58546
"140",1266546,"2018-AUG-21",4413.78,0,2,1,"PICE","MAR","",94.3,0.969,5860000,390000,0.943,4162.19454
"141",1273421,"2003-JUN-09",1342.3,0,0,1,"POPU","TRE","",72.1,0.833,5850000,370000,0.721,967.7983
"142",1273421,"2003-JUN-09",1342.3,0,0,3,"BETU","PAP","PAP",9.9,0.056,5850000,370000,0.099,132.8877
"143",1273421,"2003-JUN-09",1342.3,0,0,2,"PICE","GLA","",15.1,0.083,5850000,370000,0.151,202.6873
"144",1273421,"2003-JUN-09",1342.3,0,0,4,"LARI","LAR","",2.8,0.028,5850000,370000,0.028,37.5844
"145",1273421,"2018-JUL-31",2156.51,0,2,5,"LARI","LAR","",8.1,0.029,5850000,370000,0.081,174.67731
"146",1273421,"2018-JUL-31",2156.51,0,2,1,"POPU","TRE","",45.2,0.647,5850000,370000,0.452,974.74252
"147",1273421,"2018-JUL-31",2156.51,0,2,2,"PICE","GLA","",27,0.118,5850000,370000,0.27,582.2577
"148",1273451,"2003-AUG-12",1073.27,0,0,1,"PINU","BAN","",76.1,0.75,5810000,480000,0.761,816.75847
"149",1273451,"2003-AUG-12",1073.27,0,0,2,"PICE","MAR","",23.9,0.25,5810000,480000,0.239,256.51153
"150",1273451,"2009-AUG-09",1350.17,0,1,2,"PICE","MAR","",29.9,0.278,5810000,480000,0.299,403.70083
"151",1273451,"2009-AUG-09",1350.17,0,1,1,"PINU","BAN","",70.1,0.722,5810000,480000,0.701,946.46917
"152",1280296,"2003-JUL-29",10482.17,0,0,1,"PICE","MAR","",96.6,0.979,5840000,340000,0.966,10125.77622
"153",1280296,"2003-JUL-29",10482.17,0,0,2,"PINU","BAN","",3.4,0.021,5840000,340000,0.034,356.39378
"154",1280296,"2018-SEP-10",9355.74,0,2,1,"PICE","MAR","",98,0.989,5840000,340000,0.98,9168.6252
"155",1280296,"2018-SEP-10",9355.74,0,2,2,"PINU","BAN","",2,0.011,5840000,340000,0.02,187.1148
"156",1280371,"2003-JUL-21",648.68,0,0,1,"POPU","TRE","",100,1,5730000,620000,1,648.68
"157",1280371,"2014-JUL-22",1754.01,0,1,1,"POPU","TRE","",100,1,5730000,620000,1,1754.01
"158",1287181,"2003-JUN-06",2251.7,0,0,4,"BETU","PAP","PAP",16,0.074,5810000,350000,0.16,360.272
"159",1287181,"2003-JUN-06",2251.7,0,0,5,"PINU","BAN","",6.7,0.037,5810000,350000,0.067,150.8639
"160",1287181,"2008-JUN-06",2423.09,0,1,5,"PINU","BAN","",7.2,0.048,5810000,350000,0.072,174.46248
"161",1287251,"2003-JUL-15",937.13,0,0,2,"ABIE","BAL","",6.6,0.125,5710000,610000,0.066,61.85058
"162",1287251,"2003-JUL-15",937.13,0,0,1,"PICE","MAR","",93.4,0.875,5710000,610000,0.934,875.27942
"163",1287251,"2009-JUL-11",1243.04,0,1,1,"PICE","MAR","",58.7,0.444,5710000,610000,0.587,729.66448
"164",1287251,"2009-JUL-11",1243.04,0,1,3,"BETU","PAP","",18.8,0.259,5710000,610000,0.188,233.69152
"165",1287251,"2009-JUL-11",1243.04,0,1,2,"ABIE","BAL","",22.5,0.296,5710000,610000,0.225,279.684
"166",1287251,"2019-JUN-26",2749.93,0,2,4,"PICE","GLA","",0.9,0.019,5710000,610000,0.009,24.74937
"167",1287251,"2019-JUN-26",2749.93,0,2,3,"ABIE","BAL","",21.9,0.241,5710000,610000,0.219,602.23467
"168",1287256,"2003-AUG-31",4159.64,0,0,3,"PICE","GLA","",13.8,0.065,5700000,630000,0.138,574.03032
"169",1287256,"2003-AUG-31",4159.64,0,0,1,"ABIE","BAL","",59.9,0.804,5700000,630000,0.599,2491.62436
"170",1287256,"2014-AUG-20",5625.12,0,1,1,"ABIE","BAL","",67.8,0.865,5700000,630000,0.678,3813.83136
"171",1287286,"2003-JUL-04",3130.6,0,0,2,"PINU","BAN","",43.7,0.333,5650000,320000,0.437,1368.0722
"172",1287286,"2003-JUL-04",3130.6,0,0,1,"PICE","MAR","",56.3,0.667,5650000,320000,0.563,1762.5278
"173",1287286,"2013-JUL-06",2919.1,0,1,1,"PICE","MAR","",63.8,0.732,5650000,320000,0.638,1862.3858
"174",1287286,"2013-JUL-06",2919.1,0,1,2,"PINU","BAN","",36.2,0.268,5650000,320000,0.362,1056.7142
"175",1294076,"2003-JUL-29",283.39,0,0,2,"LARI","LAR","",25.9,0.25,5770000,400000,0.259,73.39801
"176",1294076,"2003-JUL-29",283.39,0,0,1,"PINU","BAN","",74.1,0.75,5770000,400000,0.741,209.99199
"177",1294076,"2008-AUG-06",337.62,0,1,1,"PINU","BAN","",73.6,0.778,5770000,400000,0.736,248.48832
"178",1294076,"2008-AUG-06",337.62,0,1,2,"LARI","LAR","",26.4,0.222,5770000,400000,0.264,89.13168
"179",1294076,"2018-AUG-25",636.83,0,2,3,"PICE","MAR","",5.8,0.067,5770000,400000,0.058,36.93614
"180",1294161,"2003-JUN-19",6953.88,0,0,1,"PINU","BAN","",88.7,0.898,5640000,290000,0.887,6168.09156
"181",1294166,"2004-AUG-10",1323.82,0,0,1,"PINU","BAN","",100,1,5640000,310000,1,1323.82
"182",1294166,"2009-AUG-07",1412.4,0,1,1,"PINU","BAN","",100,1,5640000,310000,1,1412.4
"183",1294166,"2019-JUN-19",1537.67,0,2,1,"PINU","BAN","",100,1,5640000,310000,1,1537.67
"184",1307826,"2003-JUN-04",12856.89,0,0,1,"POPU","TRE","",85.7,0.854,5750000,350000,0.857,11018.35473
"185",1307826,"2003-JUN-04",12856.89,0,0,3,"POPU","SPP","",6.4,0.042,5750000,350000,0.064,822.84096
"186",1307826,"2008-JUN-10",13776.15,0,1,1,"POPU","TRE","",90.4,0.833,5750000,350000,0.904,12453.6396
"187",1307926,"2003-AUG-30",3851.18,0,0,3,"PICE","GLA","",8.5,0.048,5600000,290000,0.085,327.3503
"188",1307926,"2009-AUG-19",4395.5,0,1,4,"ABIE","BAL","",0.8,0.026,5600000,720000,0.008,35.164
"189",1307926,"2009-AUG-19",4395.5,0,1,3,"PICE","GLA","",8.8,0.051,5600000,720000,0.088,386.804
"190",1307926,"2019-SEP-19",4967.9,0,2,3,"PICE","GLA","",9.4,0.049,5600000,720000,0.094,466.9826
"191",1307926,"2019-SEP-19",4967.9,0,2,4,"ABIE","BAL","",0.9,0.024,5600000,720000,0.009,44.7111
"192",1314711,"2003-JUN-07",2911.42,0,0,1,"POPU","TRE","",90.5,0.918,5720000,360000,0.905,2634.8351
"193",1314711,"2018-AUG-24",5203.49,0,2,1,"POPU","TRE","",77.3,0.8,5720000,360000,0.773,4022.29777
"194",1314711,"2018-AUG-24",5203.49,0,2,2,"PICE","MAR","",10.7,0.13,5720000,360000,0.107,556.77343
"195",1314711,"2018-AUG-24",5203.49,0,2,3,"PICE","GLA","",8.3,0.052,5720000,360000,0.083,431.88967
"196",1314711,"2018-AUG-24",5203.49,0,2,4,"POPU","BAL","",3.6,0.017,5720000,360000,0.036,187.32564
"197",1314811,"2003-JUN-05",1772.78,0,0,1,"POPU","TRE","",59.6,0.826,5570000,300000,0.596,1056.57688
"198",1314811,"2003-JUN-05",1772.78,0,0,3,"ABIE","BAL","",18.1,0.043,5570000,300000,0.181,320.87318
"199",1314811,"2003-JUN-05",1772.78,0,0,2,"PICE","GLA","",22.3,0.13,5570000,300000,0.223,395.32994
"200",1314811,"2009-JUN-03",1677.51,0,1,3,"ABIE","BAL","",16.4,0.074,5570000,300000,0.164,275.11164
"201",1314811,"2009-JUN-03",1677.51,0,1,2,"PICE","GLA","",22.6,0.148,5570000,300000,0.226,379.11726
"202",1314811,"2009-JUN-03",1677.51,0,1,1,"POPU","TRE","",61,0.778,5570000,300000,0.61,1023.2811
"203",1314811,"2019-JUN-22",2720.36,0,2,3,"ABIE","BAL","",5.4,0.029,5570000,730000,0.054,146.89944
"204",1314811,"2019-JUN-22",2720.36,0,2,2,"PICE","GLA","",25.5,0.118,5570000,730000,0.255,693.6918
"205",1314811,"2019-JUN-22",2720.36,0,2,1,"POPU","TRE","",69,0.853,5570000,730000,0.69,1877.0484
"206",1321586,"2003-JUN-03",5052.36,0,0,1,"POPU","TRE","",84.2,0.919,5710000,330000,0.842,4254.08712
"207",1321586,"2008-JUN-23",6199.04,0,1,1,"POPU","TRE","",83.6,0.92,5710000,330000,0.836,5182.39744
"208",1321586,"2018-AUG-02",6322.84,0,2,1,"POPU","TRE","",78.8,0.899,5710000,330000,0.788,4982.39792
"209",1321686,"2009-JUN-01",297.4,0,1,3,"POPU","TRE","",8.3,0.25,5560000,700000,0.083,24.6842
"210",1321686,"2019-JUN-20",1405.82,0,2,2,"BETU","PAP","",28.6,0.28,5560000,700000,0.286,402.06452
"211",1321686,"2019-JUN-20",1405.82,0,2,1,"POPU","TRE","",53.8,0.68,5560000,700000,0.538,756.33116
"212",1321686,"2019-JUN-20",1405.82,0,2,3,"PINU","BAN","",17.6,0.04,5560000,700000,0.176,247.42432
"213",1328496,"2003-AUG-06",9038.73,0,0,4,"QUER","MAC","",5.1,0.094,5650000,440000,0.051,460.97523
"214",1328581,"2004-AUG-09",68.82,0,0,1,"PICE","MAR","",65,0.667,5520000,320000,0.65,44.733
"215",1328581,"2004-AUG-09",68.82,0,0,2,"LARI","LAR","",35,0.333,5520000,320000,0.35,24.087
"216",1328581,"2009-AUG-04",91.98,0,1,2,"LARI","LAR","",26.2,0.25,5520000,320000,0.262,24.09876
"217",1328581,"2009-AUG-04",91.98,0,1,1,"PICE","MAR","",73.8,0.75,5520000,320000,0.738,67.88124
"218",1328581,"2019-SEP-18",163.38,0,2,1,"PICE","MAR","",83.9,0.857,5520000,320000,0.839,137.07582
"219",1328581,"2019-SEP-18",163.38,0,2,2,"LARI","LAR","",16.1,0.143,5520000,320000,0.161,26.30418
"220",1328586,"2003-JUN-22",95.12,0,0,1,"PICE","MAR","",100,1,5510000,340000,1,95.12
"221",1328586,"2014-JUN-19",213.77,0,1,2,"LARI","LAR","",21.7,0.25,5510000,340000,0.217,46.38809
"222",1328586,"2014-JUN-19",213.77,0,1,1,"PICE","MAR","",78.3,0.75,5510000,340000,0.783,167.38191
"223",1335381,"2003-JUL-31",8198.48,0,0,4,"BETU","PAP","",13,0.056,5620000,450000,0.13,1065.8024
"224",1335381,"2013-AUG-07",7724.47,0,1,1,"PICE","GLA","",35.4,0.5,5620000,450000,0.354,2734.46238
"225",1342331,"2003-JUN-07",5845.87,0,0,1,"PINU","BAN","",100,1,5500000,700000,1,5845.87
"226",1342331,"2009-JUN-04",5016.28,0,1,1,"PINU","BAN","",99.1,0.955,5500000,700000,0.991,4971.13348
"227",1342331,"2009-JUN-04",5016.28,0,1,2,"POPU","TRE","",0.9,0.045,5500000,700000,0.009,45.14652
"228",1342351,"2004-AUG-09",498.36,0,0,1,"PICE","MAR","",64.6,0.688,5470000,340000,0.646,321.94056
"229",1342351,"2004-AUG-09",498.36,0,0,2,"LARI","LAR","",35.4,0.313,5470000,340000,0.354,176.41944
"230",1342351,"2009-AUG-05",599.36,0,1,1,"PICE","MAR","",65.8,0.684,5470000,340000,0.658,394.37888
"231",1342351,"2009-AUG-05",599.36,0,1,2,"LARI","LAR","",34.2,0.316,5470000,340000,0.342,204.98112
"232",1342351,"2019-SEP-17",864.38,0,2,1,"PICE","MAR","",67.9,0.731,5470000,340000,0.679,586.91402
"233",1342351,"2019-SEP-17",864.38,0,2,2,"LARI","LAR","",32.1,0.269,5470000,340000,0.321,277.46598
"234",1349216,"2009-JUN-05",330.99,0,1,1,"POPU","TRE","",100,1,5470000,710000,1,330.99
"235",1356096,"2003-JUL-07",3401.4,0,0,1,"POPU","TRE","",83.3,0.862,5460000,700000,0.833,2833.3662
"236",1356096,"2003-JUL-07",3401.4,0,0,2,"POPU","BAL","",16.7,0.138,5460000,700000,0.167,568.0338
"237",1356096,"2014-JUL-08",5225.96,0,1,1,"POPU","TRE","",100,1,5460000,700000,1,5225.96
"238",1356106,"2003-JUN-16",2140.85,0,0,1,"PINU","BAN","",75.5,0.714,5440000,300000,0.755,1616.34175
"239",1356106,"2003-JUN-16",2140.85,0,0,2,"BETU","PAP","",24.5,0.286,5440000,300000,0.245,524.50825
"240",1356106,"2014-JUN-17",5391,0,1,1,"PINU","BAN","",61.3,0.571,5440000,300000,0.613,3304.683
"241",1356106,"2014-JUN-17",5391,0,1,2,"BETU","PAP","",38.7,0.429,5440000,300000,0.387,2086.317
