"","nfi_plot","loc_id","meas_num","species_num","genus","species","variety","percent","species_ltrel","meas_date","utm_n","utm_e"
"1",1100891,0,0,1,"ABIE","LAS","",64.5,0.8,"2003-JUN-30",6620000,540000
"2",1100891,0,0,2,"PICE","SPP","",35.5,0.2,"2003-JUN-30",6620000,540000
"3",1100891,0,1,1,"ABIE","LAS","",68.8,0.875,"2021-JUL-18",6620000,540000
"4",1100891,0,1,2,"PICE","SPP","",31.2,0.125,"2021-JUL-18",6620000,540000
"5",1100951,0,0,1,"PICE","GLA","",95.6,0.88,"2005-JUL-13",6640000,440000
"6",1100951,0,0,2,"POPU","TRE","",4.4,0.12,"2005-JUL-13",6640000,440000
"7",1100951,0,1,1,"PICE","GLA","",95.7,0.88,"2020-AUG-07",6640000,440000
"8",1100951,0,1,2,"POPU","TRE","",4.3,0.12,"2020-AUG-07",6640000,440000
"9",1100981,0,0,1,"PICE","SPP","",93.9,0.919,"2003-JUL-21",6640000,560000
"10",1100981,0,0,2,"BETU","NEO","",6.1,0.081,"2003-JUL-21",6640000,560000
"11",1100981,0,1,1,"PICE","GLA","",96.7,0.962,"2020-AUG-11",6640000,560000
"12",1100981,0,1,2,"BETU","NEO","",3.3,0.038,"2020-AUG-11",6640000,560000
"13",1100996,0,0,1,"PINU","CON","",84,0.769,"2003-JUL-19",6650000,620000
"14",1100996,0,0,2,"PICE","SPP","",12.7,0.192,"2003-JUL-19",6650000,620000
"15",1100996,0,0,3,"PICE","MAR","",3.3,0.038,"2003-JUL-19",6650000,620000
"16",1100996,0,1,1,"PINU","CON","LAT",73.3,0.629,"2020-AUG-21",6650000,620000
"17",1100996,0,1,2,"PICE","MAR","",26.7,0.371,"2020-AUG-21",6650000,620000
"18",1101011,0,0,1,"PICE","SPP","",88.4,0.857,"2003-JUL-18",6650000,340000
"19",1101011,0,0,2,"ABIE","LAS","",11.6,0.143,"2003-JUL-18",6650000,340000
"20",1101011,0,1,1,"PICE","GLA","",78.6,0.724,"2020-JUL-19",6650000,340000
"21",1101011,0,1,2,"ABIE","LAS","",21.4,0.276,"2020-JUL-19",6650000,340000
"22",1101036,0,0,1,"PICE","GLA","",97.5,0.846,"2004-AUG-16",6640000,440000
"23",1101036,0,0,2,"BETU","SPP","",2.5,0.154,"2004-AUG-16",6640000,440000
"24",1101036,0,1,1,"PICE","GLA","",87.9,0.556,"2020-JUL-18",6640000,440000
"25",1101051,0,1,1,"PICE","GLA","",100,1,"2020-JUL-03",6640000,500000
"26",1107841,0,0,1,"PICE","SPP","",85.2,0.878,"2003-JUL-16",6620000,480000
"27",1107841,0,0,2,"PINU","CON","",12.5,0.1,"2003-JUL-16",6620000,480000
"28",1107841,0,1,1,"PICE","MAR","",68.9,0.688,"2020-AUG-08",6620000,480000
"29",1107841,0,1,2,"PICE","GLA","",17.2,0.203,"2020-AUG-08",6620000,480000
"30",1107841,0,1,3,"PINU","CON","LAT",13.9,0.109,"2020-AUG-08",6620000,480000
"31",1107881,0,0,1,"PINU","CON","",80.7,0.864,"2001-AUG-19",6630000,640000
"32",1107881,0,0,2,"PICE","MAR","",19.3,0.136,"2001-AUG-19",6630000,640000
"33",1107881,0,1,1,"PINU","CON","LAT",73.3,0.777,"2020-AUG-10",6630000,640000
"34",1107881,0,1,2,"PICE","MAR","",26.7,0.223,"2020-AUG-10",6630000,640000
"35",1107901,0,0,1,"PICE","ENG","GLA",73.2,0.75,"2001-JUL-14",6630000,380000
"36",1107901,0,0,2,"ABIE","LAS","",26.8,0.25,"2001-JUL-14",6630000,380000
"37",1107901,0,1,1,"PICE","ENG","GLA",76.1,0.757,"2020-JUL-20",6630000,380000
"38",1107901,0,1,2,"ABIE","LAS","",23.9,0.243,"2020-JUL-20",6630000,380000
"39",1107906,0,0,1,"PICE","MAR","",48.9,0.732,"2004-AUG-19",6630000,400000
"40",1107906,0,0,2,"PINU","CON","",27,0.146,"2004-AUG-19",6630000,400000
"41",1107906,0,0,3,"BETU","PAP","",24.1,0.122,"2004-AUG-19",6630000,400000
"42",1107906,0,1,1,"PICE","MAR","",54.4,0.742,"2020-JUL-23",6630000,400000
"43",1107906,0,1,2,"BETU","PAP","",28.6,0.129,"2020-JUL-23",6630000,400000
"44",1107906,0,1,3,"PINU","CON","",16.3,0.097,"2020-JUL-23",6630000,400000
"45",1107906,0,1,4,"ABIE","LAS","",0.8,0.032,"2020-JUL-23",6630000,400000
"46",1107921,0,0,1,"PICE","MAR","",72.7,0.875,"2001-JUL-16",6620000,460000
"47",1107921,0,0,2,"LARI","LAR","",27.3,0.125,"2001-JUL-16",6620000,460000
"48",1107921,0,1,1,"PICE","MAR","",64.6,0.857,"2020-JUL-15",6620000,460000
"49",1107921,0,1,2,"LARI","LAR","",35.4,0.143,"2020-JUL-15",6620000,460000
"50",1114666,0,0,1,"PICE","SPP","",100,1,"2002-JUL-30",6590000,600000
"51",1114666,0,1,1,"PICE","ENG","GLA",100,1,"2021-JUL-21",6590000,600000
"52",1114726,0,0,1,"PINU","CON","",80.9,0.757,"2002-JUL-28",6600000,500000
"53",1114726,0,0,2,"PICE","SPP","",19.1,0.243,"2002-JUL-28",6600000,500000
"54",1114726,0,1,1,"PINU","CON","LAT",74.4,0.722,"2020-AUG-09",6600000,500000
"55",1114726,0,1,2,"PICE","GLA","",24.8,0.259,"2020-AUG-09",6600000,500000
"56",1114726,0,1,3,"PICE","MAR","",0.8,0.019,"2020-AUG-09",6600000,500000
"57",1114736,0,0,1,"PINU","CON","LAT",100,1,"2005-JUL-10",6600000,540000
"58",1114741,0,0,1,"PICE","MAR","",91.4,0.937,"2005-JUL-09",6600000,560000
"59",1114741,0,0,2,"POPU","BAL","",5.4,0.048,"2005-JUL-09",6600000,560000
"60",1114741,0,0,3,"PINU","CON","LAT",3.2,0.016,"2005-JUL-09",6600000,560000
"61",1114741,0,1,1,"PICE","MAR","",79.1,0.76,"2020-AUG-17",6600000,560000
"62",1114741,0,1,2,"POPU","BAL","",15.3,0.18,"2020-AUG-17",6600000,560000
"63",1114761,0,0,1,"PICE","GLA","",65.2,0.563,"2005-JUL-07",6610000,640000
"64",1114761,0,0,2,"BETU","PAP","",17.5,0.25,"2005-JUL-07",6610000,640000
"65",1114761,0,0,3,"PICE","MAR","",10.3,0.125,"2005-JUL-07",6610000,640000
"66",1114761,0,1,1,"PICE","GLA","",76.8,0.778,"2020-AUG-12",6610000,640000
"67",1114771,0,1,1,"PINU","CON","",91.5,0.909,"2020-JUL-22",6610000,340000
"68",1114771,0,1,2,"PICE","GLA","",8.5,0.091,"2020-JUL-22",6610000,340000
"69",1114846,0,0,1,"POPU","TRE","",81,0.776,"2002-JUL-15",6600000,640000
"70",1114846,0,0,2,"PICE","GLA","",19,0.224,"2002-JUL-15",6600000,640000
"71",1114846,0,1,1,"POPU","TRE","",62.1,0.55,"2019-JUL-15",6600000,640000
"72",1114846,0,1,2,"PICE","GLA","",37.2,0.433,"2019-JUL-15",6600000,640000
"73",1114846,0,1,3,"PSEU","MEN","GLA",0.7,0.017,"2019-JUL-15",6600000,640000
"74",1121576,0,0,1,"ABIE","LAS","",100,1,"2001-AUG-21",6580000,380000
"75",1121576,0,1,1,"ABIE","LAS","",100,1,"2021-AUG-17",6580000,380000
"76",1121621,0,0,1,"PICE","GLA","",73.1,0.722,"2001-AUG-24",6580000,560000
"77",1121621,0,0,2,"PINU","CON","",26.9,0.278,"2001-AUG-24",6580000,560000
"78",1121621,0,1,1,"PICE","GLA","",79.7,0.704,"2020-AUG-19",6580000,560000
"79",1121621,0,1,2,"PINU","CON","LAT",18.7,0.222,"2020-AUG-19",6580000,560000
"80",1121621,0,1,3,"PICE","MAR","",1.6,0.074,"2020-AUG-19",6580000,560000
"81",1121706,0,0,1,"PICE","MAR","",71.3,0.815,"2001-JUL-18",6580000,560000
"82",1128496,0,0,1,"PICE","SPP","",100,1,"2002-JUL-27",6560000,540000
"83",1128496,0,1,1,"PICE","GLA","",100,1,"2020-AUG-14",6560000,540000
"84",1128551,0,1,1,"PICE","MAR","",61.2,0.742,"2020-JUL-11",6570000,420000
"85",1128551,0,1,2,"PICE","GLA","",38.8,0.258,"2020-JUL-11",6570000,420000
"86",1128606,0,0,1,"PICE","MAR","",100,1,"2002-JUL-09",6560000,640000
"87",1128606,0,1,1,"PICE","MAR","",100,1,"2019-JUL-02",6560000,640000
"88",1128611,0,0,1,"POPU","TRE","",82.9,0.945,"2002-JUL-13",6560000,660000
"89",1128611,0,1,1,"POPU","TRE","",73.7,0.85,"2019-JUL-04",6560000,660000
"90",1135306,0,0,1,"ABIE","LAS","",100,1,"2003-JUL-23",6530000,610000
"91",1135306,0,1,1,"ABIE","LAS","",100,1,"2021-JUL-20",6530000,610000
"92",1135321,0,0,1,"ABIE","LAS","",100,1,"2003-JUL-25",6530000,670000
"93",1135321,0,1,1,"ABIE","LAS","",100,1,"2021-JUL-19",6530000,670000
"94",1135396,0,0,1,"PICE","MAR","",57.8,0.667,"2002-JUL-31",6550000,620000
"95",1135396,0,0,2,"PICE","SPP","",32.6,0.222,"2002-JUL-31",6550000,620000
"96",1135396,0,0,3,"PINU","CON","",9.6,0.111,"2002-JUL-31",6550000,620000
"97",1135396,0,1,1,"PICE","MAR","",51.2,0.643,"2020-AUG-13",6550000,620000
"98",1135396,0,1,2,"PICE","GLA","",48.8,0.357,"2020-AUG-13",6550000,620000
"99",1135431,0,0,1,"PICE","MAR","",100,1,"2000-AUG-26",6550000,420000
"100",1135431,0,1,1,"PICE","MAR","",100,1,"2020-JUL-04",6550000,420000
"101",1135451,0,0,1,"PICE","MAR","",96.2,0.966,"2004-AUG-27",6540000,500000
"102",1135451,0,0,2,"PICE","GLA","",3.8,0.034,"2004-AUG-27",6540000,500000
"103",1135451,0,1,1,"PICE","MAR","",96.7,0.978,"2019-JUN-26",6540000,500000
"104",1135451,0,1,2,"PICE","GLA","",3.3,0.022,"2019-JUN-26",6540000,500000
"105",1135456,0,0,1,"PICE","GLA","",85.4,0.615,"2004-AUG-11",6540000,520000
"106",1135456,0,0,2,"PICE","MAR","",7,0.154,"2004-AUG-11",6540000,520000
"107",1135456,0,0,5,"BETU","SPP","",1.3,0.077,"2004-AUG-11",6540000,520000
"108",1135456,0,1,1,"PICE","GLA","",83.1,0.615,"2019-JUL-07",6540000,520000
"109",1135456,0,1,2,"PICE","MAR","",7.8,0.154,"2019-JUL-07",6540000,520000
"110",1135471,0,0,1,"LARI","LAR","",100,1,"2003-JUN-16",6540000,580000
"111",1135471,0,1,1,"LARI","LAR","",100,1,"2019-JUL-22",6540000,580000
"112",1142211,0,0,1,"PICE","SPP","",100,1,"2003-JUN-24",6520000,360000
"113",1142211,0,1,1,"PICE","ENG","GLA",100,1,"2021-AUG-16",6520000,360000
"114",1142241,0,1,1,"PINU","CON","",88.2,0.75,"2021-JUL-14",6520000,480000
"115",1142241,0,1,2,"PICE","SPP","",11.8,0.25,"2021-JUL-14",6520000,480000
"116",1142316,0,0,1,"PINU","CON","LAT",100,1,"2003-JUL-30",6530000,440000
"117",1142316,0,1,1,"PICE","MAR","",62.7,0.778,"2020-JUL-06",6530000,440000
"118",1142316,0,1,2,"PINU","CON","",37.3,0.222,"2020-JUL-06",6530000,440000
"119",1142331,0,0,1,"PICE","MAR","",92.5,0.929,"2004-AUG-14",6520000,500000
"120",1142331,0,0,2,"LARI","LAR","",7.5,0.071,"2004-AUG-14",6520000,500000
"121",1142331,0,1,1,"PICE","MAR","",91.8,0.944,"2019-JUL-06",6520000,500000
"122",1142331,0,1,2,"LARI","LAR","",8.2,0.056,"2019-JUL-06",6520000,500000
"123",1142341,0,0,1,"BETU","PAP","",83.9,0.5,"2004-AUG-20",6520000,540000
"124",1142341,0,0,2,"PICE","GLA","",16.1,0.5,"2004-AUG-20",6520000,540000
"125",1142341,0,1,1,"BETU","PAP","",65.6,0.5,"2019-JUL-23",6520000,540000
"126",1142341,0,1,2,"PICE","GLA","",34.4,0.5,"2019-JUL-23",6520000,540000
"127",1149076,0,0,1,"ABIE","LAS","",100,1,"2001-AUG-23",6490000,650000
"128",1149076,0,1,1,"ABIE","LAS","",100,1,"2021-JUL-22",6490000,650000
"129",1149111,0,0,1,"PICE","SPP","",90.4,0.773,"2003-JUL-26",6500000,440000
"130",1149111,0,0,2,"ABIE","LAS","",9.6,0.227,"2003-JUL-26",6500000,440000
"131",1149111,0,1,1,"PICE","SPP","",80.2,0.654,"2021-AUG-18",6500000,440000
"132",1149111,0,1,2,"ABIE","LAS","",19.8,0.346,"2021-AUG-18",6500000,440000
"133",1149116,0,0,1,"ABIE","LAS","",95.8,0.973,"2002-JUL-23",6500000,460000
"134",1149116,0,0,2,"PICE","SPP","",4.2,0.027,"2002-JUL-23",6500000,460000
"135",1149116,0,1,1,"ABIE","LAS","",95.6,0.971,"2021-JUL-16",6500000,460000
"136",1149116,0,1,2,"PICE","SPP","",4.4,0.029,"2021-JUL-16",6500000,460000
"137",1149246,0,0,1,"LARI","LAR","",100,1,"2001-JUL-19",6500000,640000
"138",1149246,0,1,1,"LARI","LAR","",100,1,"2019-JUL-11",6500000,640000
"139",1156121,0,0,1,"PICE","MAR","",57.7,0.78,"2003-JUN-18",6480000,610000
"140",1156121,0,0,2,"LARI","LAR","",27.5,0.146,"2003-JUN-18",6480000,610000
"141",1156121,0,0,3,"PICE","GLA","",14.8,0.073,"2003-JUN-18",6480000,610000
"142",1156121,0,1,1,"PICE","MAR","",52.8,0.783,"2019-JUL-12",6480000,610000
"143",1156121,0,1,2,"LARI","LAR","",29.7,0.13,"2019-JUL-12",6480000,610000
"144",1156121,0,1,3,"PICE","GLA","",16.8,0.065,"2019-JUL-12",6480000,610000
"145",1156121,0,1,4,"BETU","NEO","",0.7,0.022,"2019-JUL-12",6480000,610000
"146",1162841,0,0,1,"ABIE","LAS","",100,1,"2003-JUN-26",6460000,330000
"147",1162841,0,1,1,"ABIE","LAS","",100,1,"2020-JUL-15",6460000,330000
"148",1162966,0,0,1,"PICE","MAR","",58.2,0.581,"2004-AUG-24",6460000,470000
"149",1162966,0,0,2,"ABIE","LAS","",31.8,0.29,"2004-AUG-24",6460000,470000
"150",1162966,0,0,3,"PICE","GLA","",10,0.129,"2004-AUG-24",6460000,470000
"151",1162966,0,1,1,"PICE","MAR","",51.4,0.574,"2020-JUL-07",6460000,470000
"152",1162966,0,1,2,"ABIE","LAS","",38.1,0.295,"2020-JUL-07",6460000,470000
"153",1162966,0,1,3,"PICE","GLA","",10.5,0.131,"2020-JUL-07",6460000,470000
"154",1162986,0,0,1,"POPU","BAL","",78,0.875,"2001-JUL-21",6460000,550000
"155",1162986,0,0,2,"PINU","CON","",22,0.125,"2001-JUL-21",6460000,550000
"156",1163006,0,0,1,"LARI","LAR","",63.1,0.647,"2001-JUL-19",6460000,630000
"157",1163006,0,0,2,"PICE","MAR","",36.9,0.353,"2001-JUL-19",6460000,630000
"158",1163006,0,1,1,"LARI","LAR","",66.3,0.733,"2019-JUL-17",6460000,630000
"159",1163006,0,1,2,"PICE","MAR","",33.7,0.267,"2019-JUL-17",6460000,630000
"160",1169726,0,0,1,"ABIE","LAS","",72.3,0.846,"2002-JUL-22",6440000,350000
"161",1169726,0,0,2,"PICE","SPP","",27.7,0.154,"2002-JUL-22",6440000,350000
"162",1169811,0,0,1,"ABIE","LAS","",60.5,0.433,"2003-JUL-24",6450000,330000
"163",1169811,0,0,2,"PICE","ENG","GLA",25.7,0.367,"2003-JUL-24",6450000,330000
"164",1169811,0,0,3,"PINU","CON","LAT",13.9,0.2,"2003-JUL-24",6450000,330000
"165",1169811,0,1,3,"PINU","CON","",10.6,0.148,"2018-JUL-17",6450000,330000
"166",1176611,0,0,1,"POPU","TRE","",55.2,0.75,"2002-AUG-01",6420000,370000
"167",1176611,0,1,1,"POPU","TRE","",56.3,0.684,"2021-AUG-07",6420000,370000
"168",1176651,0,0,1,"PICE","MAR","",100,1,"2001-AUG-18",6420000,530000
"169",1176651,0,1,1,"PICE","MAR","",100,1,"2021-AUG-04",6420000,530000
"170",1176656,0,0,1,"ABIE","LAS","",100,1,"2003-JUN-27",6420000,550000
"171",1176656,0,1,1,"ABIE","LAS","",100,1,"2021-JUL-31",6420000,550000
"172",1183511,0,0,3,"ABIE","LAS","",1.1,0.1,"2003-JUL-01",6400000,450000
"173",1183516,0,0,1,"PICE","ENG","GLA",59.6,0.579,"2005-JUL-18",6400000,470000
"174",1183516,0,0,2,"POPU","TRE","",33.5,0.316,"2005-JUL-18",6400000,470000
"175",1183516,0,0,3,"ABIE","LAS","",6.9,0.105,"2005-JUL-18",6400000,470000
"176",1183516,0,1,1,"PICE","ENG","GLA",51.6,0.429,"2021-JUL-29",6400000,470000
"177",1183601,0,0,1,"PICE","GLA","",83.9,0.934,"2003-JUN-21",6400000,450000
"178",1183601,0,0,2,"POPU","BAL","",16.1,0.066,"2003-JUN-21",6400000,450000
"179",1183601,0,1,1,"PICE","GLA","",85.3,0.931,"2019-JUL-20",6400000,450000
"180",1183601,0,1,2,"POPU","BAL","",14.7,0.069,"2019-JUL-20",6400000,450000
"181",1190376,0,0,1,"PICE","SPP","",87.2,0.775,"2002-JUL-24",6380000,390000
"182",1190376,0,0,2,"POPU","BAL","",12.8,0.225,"2002-JUL-24",6380000,390000
"183",1190376,0,1,1,"PICE","SPP","",88.4,0.75,"2021-AUG-02",6380000,390000
"184",1190376,0,1,2,"POPU","BAL","",11.6,0.25,"2021-AUG-02",6380000,390000
"185",1190456,0,0,1,"PICE","ENG","GLA",86.1,0.679,"2003-JUL-25",6390000,350000
"186",1190456,0,0,2,"ABIE","LAS","",11.4,0.286,"2003-JUL-25",6390000,350000
"187",1190456,0,0,3,"PINU","CON","LAT",2.5,0.036,"2003-JUL-25",6390000,350000
"188",1190456,0,1,1,"PICE","ENG","GLA",86.4,0.621,"2018-JUL-14",6390000,350000
"189",1190456,0,1,2,"ABIE","LAS","",13.6,0.379,"2018-JUL-14",6390000,350000
"190",1197411,0,0,1,"PICE","MAR","",100,1,"2001-JUL-24",6360000,650000
"191",1197411,0,1,1,"PICE","MAR","",66.5,0.667,"2019-SEP-08",6360000,650000
"192",1197411,0,1,2,"LARI","LAR","",33.5,0.333,"2019-SEP-08",6360000,650000
"193",1204221,0,1,1,"PICE","ENG","GLA",97.2,0.818,"2018-JUL-16",6350000,370000
"194",1204221,0,1,2,"PINU","CON","",2.8,0.182,"2018-JUL-16",6350000,370000
"195",1204261,0,0,1,"PICE","MAR","",100,1,"2003-JUN-26",6340000,530000
"196",1204261,0,1,1,"PICE","MAR","",98.7,0.983,"2019-JUL-26",6340000,530000
"197",1204261,0,1,2,"PICE","GLA","",1.3,0.017,"2019-JUL-26",6340000,530000
"198",1204271,0,0,1,"PINU","CON","LAT",93.3,0.846,"2002-JUL-21",6340000,570000
"199",1204271,0,0,2,"PICE","GLA","",4.1,0.077,"2002-JUL-21",6340000,570000
"200",1204271,0,0,3,"PICE","MAR","",2.6,0.077,"2002-JUL-21",6340000,570000
"201",1204271,0,1,1,"PICE","MAR","",47.9,0.571,"2019-JUL-27",6340000,570000
"202",1204271,0,1,2,"PICE","GLA","",36.4,0.286,"2019-JUL-27",6340000,570000
"203",1204271,0,1,3,"PINU","CON","",15.7,0.143,"2019-JUL-27",6340000,570000
"204",1204276,0,0,1,"POPU","TRE","",57.3,0.824,"2001-JUL-27",6340000,590000
"205",1204276,0,0,2,"PICE","GLA","",42.7,0.176,"2001-JUL-27",6340000,590000
"206",1204281,0,0,1,"POPU","TRE","",74.3,0.773,"2001-JUL-25",6340000,610000
"207",1204281,0,0,2,"PICE","GLA","",19.2,0.213,"2001-JUL-25",6340000,610000
"208",1204281,0,0,3,"PINU","CON","",6.5,0.013,"2001-JUL-25",6340000,610000
"209",1204281,0,1,1,"POPU","TRE","",61.5,0.6,"2019-JUL-23",6340000,610000
"210",1204281,0,1,2,"PICE","GLA","",33,0.386,"2019-JUL-23",6340000,610000
"211",1204281,0,1,3,"PINU","CON","",5.4,0.014,"2019-JUL-23",6340000,610000
"212",1211016,0,0,1,"ABIE","LAS","",100,1,"2002-JUL-25",6320000,390000
"213",1211016,0,1,1,"ABIE","LAS","",100,1,"2021-AUG-16",6320000,390000
"214",1211056,0,0,1,"ABIE","LAS","",98.4,0.982,"2005-JUL-17",6320000,550000
"215",1211056,0,0,2,"PICE","ENG","",1.6,0.018,"2005-JUL-17",6320000,550000
"216",1211056,0,1,1,"ABIE","LAS","",97.8,0.981,"2018-JUL-12",6320000,550000
"217",1211056,0,1,2,"PICE","ENG","",2.2,0.019,"2018-JUL-12",6320000,550000
"218",1211116,0,0,1,"PICE","ENG","",64.1,0.613,"2005-JUN-18",6330000,430000
"219",1211116,0,0,2,"ABIE","LAS","",35.9,0.387,"2005-JUN-18",6330000,430000
"220",1211116,0,1,1,"PICE","ENG","",61.5,0.613,"2018-JUL-15",6330000,430000
"221",1211116,0,1,2,"ABIE","LAS","",38.5,0.387,"2018-JUL-15",6330000,430000
"222",1217986,0,0,1,"ABIE","LAS","",89.4,0.867,"2003-JUL-27",6310000,390000
"223",1217986,0,0,2,"PINU","CON","LAT",9.8,0.1,"2003-JUL-27",6310000,390000
"224",1217986,0,0,3,"PICE","ENG","GLA",0.8,0.033,"2003-JUL-27",6310000,390000
"225",1217986,0,1,1,"ABIE","LAS","",97.5,0.947,"2018-JUL-21",6310000,390000
"226",1217986,0,1,2,"PICE","ENG","GLA",1.3,0.026,"2018-JUL-21",6310000,390000
"227",1217986,0,1,3,"PINU","CON","",1.3,0.026,"2018-JUL-21",6310000,390000
"228",1217991,0,0,1,"ABIE","LAS","",82.7,0.898,"2003-JUN-23",6310000,410000
"229",1217991,0,0,2,"PICE","ENG","GLA",11.8,0.061,"2003-JUN-23",6310000,410000
"230",1217991,0,0,3,"PINU","CON","LAT",5.4,0.041,"2003-JUN-23",6310000,410000
"231",1217991,0,1,1,"ABIE","LAS","",87.2,0.929,"2018-JUL-18",6310000,410000
"232",1217991,0,1,2,"PICE","ENG","GLA",12.8,0.071,"2018-JUL-18",6310000,410000
"233",1217996,0,0,1,"PICE","GLA","",98.7,0.95,"2002-AUG-18",6310000,430000
"234",1217996,0,0,2,"ABIE","LAS","",1.3,0.05,"2002-AUG-18",6310000,430000
"235",1217996,0,1,1,"PICE","GLA","",98.3,0.923,"2018-JUL-11",6310000,430000
"236",1217996,0,1,2,"ABIE","LAS","",1.7,0.077,"2018-JUL-11",6310000,430000
"237",1224876,0,0,1,"ABIE","LAS","",96.1,0.976,"2005-JUN-19",6290000,430000
"238",1224876,0,0,2,"ABIE","AMA","",3.9,0.024,"2005-JUN-19",6290000,430000
"239",1224876,0,1,1,"ABIE","LAS","",100,1,"2018-JUL-13",6290000,430000
"240",1224886,0,0,1,"PICE","ENG","GLA",96.1,0.973,"2002-JUL-06",6280000,470000
"241",1224886,0,0,2,"ABIE","LAS","",3.9,0.027,"2002-JUL-06",6280000,470000
"242",1224886,0,1,1,"PICE","ENG","GLA",94.6,0.97,"2019-JUL-28",6280000,470000
"243",1224886,0,1,2,"ABIE","LAS","",5.4,0.03,"2019-JUL-28",6280000,470000
"244",1224896,0,0,3,"PINU","CON","LAT",12.4,0.094,"2002-AUG-08",6280000,510000
"245",1224896,0,0,4,"POPU","BAL","",2.7,0.047,"2002-AUG-08",6280000,510000
"246",1224896,0,1,1,"PICE","ENG","GLA",52.7,0.64,"2019-JUL-29",6280000,510000
"247",1224896,0,1,2,"POPU","TRE","",29.9,0.18,"2019-JUL-29",6280000,510000
"248",1224896,0,1,3,"PINU","CON","",15.1,0.14,"2019-JUL-29",6280000,510000
"249",1224896,0,1,4,"POPU","BAL","",2.2,0.04,"2019-JUL-29",6280000,510000
"250",1224916,0,0,1,"PICE","ENG","GLA",78.5,0.694,"2003-JUN-24",6280000,590000
"251",1224916,0,0,2,"POPU","TRE","",16.9,0.25,"2003-JUN-24",6280000,590000
"252",1224916,0,0,3,"BETU","NEO","",4.6,0.056,"2003-JUN-24",6280000,590000
"253",1224916,0,1,1,"PICE","GLA","",77.1,0.69,"2019-JUL-22",6280000,590000
"254",1224916,0,1,2,"POPU","TRE","",20,0.276,"2019-JUL-22",6280000,590000
"255",1224916,0,1,3,"BETU","NEO","",2.8,0.034,"2019-JUL-22",6280000,590000
"256",1231676,0,1,1,"PICE","SPP","",90.4,0.774,"2021-JUL-26",6260000,470000
"257",1231676,0,1,2,"ABIE","LAS","",9.6,0.226,"2021-JUL-26",6260000,470000
"258",1231761,0,0,1,"PICE","ENG","GLA",70.2,0.698,"2000-AUG-01",6260000,450000
"259",1231761,0,0,2,"POPU","BAL","",17.8,0.209,"2000-AUG-01",6260000,450000
"260",1231761,0,1,1,"PICE","ENG","GLA",60.5,1,"2018-JUL-20",6260000,450000
"261",1231781,0,0,1,"PINU","CON","LAT",62,0.674,"2002-JUL-18",6260000,530000
"262",1231781,0,0,2,"PICE","GLA","",26.8,0.209,"2002-JUL-18",6260000,530000
"263",1231781,0,0,3,"POPU","TRE","",10,0.07,"2002-JUL-18",6260000,530000
"264",1231781,0,0,4,"BETU","PAP","",1.2,0.047,"2002-JUL-18",6260000,530000
"265",1231781,0,1,1,"PICE","GLA","",56.2,0.538,"2019-JUL-24",6260000,530000
"266",1238556,0,0,1,"ABIE","LAS","",94.2,0.588,"2003-JUL-03",6240000,480000
"267",1238556,0,0,2,"TSUG","MER","",4.9,0.353,"2003-JUL-03",6240000,480000
"268",1238556,0,0,3,"TSUG","HET","",0.9,0.059,"2003-JUL-03",6240000,480000
"269",1238556,0,1,1,"ABIE","LAS","",92,0.5,"2021-AUG-10",6240000,480000
"270",1238556,0,1,2,"TSUG","MER","",5.9,0.389,"2021-AUG-10",6240000,480000
"271",1238556,0,1,3,"TSUG","HET","",2.2,0.111,"2021-AUG-10",6240000,480000
"272",1245451,0,0,1,"ABIE","LAS","",76.8,0.705,"2002-AUG-03",6220000,540000
"273",1245451,0,0,2,"TSUG","MER","",23.2,0.295,"2002-AUG-03",6220000,540000
"274",1245451,0,1,1,"ABIE","LAS","",72.3,0.674,"2021-AUG-12",6220000,540000
"275",1245451,0,1,2,"TSUG","MER","",27.7,0.326,"2021-AUG-12",6220000,540000
"276",1245481,0,0,1,"ABIE","LAS","",99.6,0.98,"2002-AUG-16",6230000,660000
"277",1245481,0,0,2,"PICE","ENG","",0.4,0.02,"2002-AUG-16",6230000,660000
"278",1245481,0,1,1,"ABIE","LAS","",99.6,0.976,"2017-JUL-24",6230000,660000
"279",1245481,0,1,2,"PICE","ENG","",0.4,0.024,"2017-JUL-24",6230000,660000
"280",1245546,0,0,1,"PICE","MAR","",64.6,0.781,"2000-JUL-30",6220000,540000
"281",1245546,0,0,2,"PICE","GLA","",27.9,0.141,"2000-JUL-30",6220000,540000
"282",1245546,0,0,3,"POPU","BAL","",5.9,0.047,"2000-JUL-30",6220000,540000
"283",1245546,0,0,4,"BETU","PAP","",0.8,0.016,"2000-JUL-30",6220000,540000
"284",1245546,0,0,5,"PICE","ENG","GLA",0.8,0.016,"2000-JUL-30",6220000,540000
"285",1245546,0,1,3,"POPU","BAL","",11.2,0.125,"2019-SEP-10",6220000,540000
"286",1245546,0,1,4,"BETU","PAP","",4.1,0.075,"2019-SEP-10",6220000,540000
"287",1245546,0,1,5,"POPU","TRE","",0.6,0.025,"2019-SEP-10",6220000,540000
"288",1245561,0,0,1,"POPU","TRE","",100,1,"2005-JUN-13",6220000,600000
"289",1245561,0,1,1,"POPU","TRE","",100,1,"2019-SEP-05",6220000,600000
"290",1252421,0,0,1,"PINU","CON","",86.5,0.754,"2005-JUN-26",6200000,520000
"291",1252421,0,0,2,"ABIE","LAS","",7.4,0.123,"2005-JUN-26",6200000,520000
"292",1252421,0,0,3,"PICE","ENG","",6,0.123,"2005-JUN-26",6200000,520000
"293",1252421,0,1,3,"PINU","CON","",28.3,0.227,"2019-SEP-09",6200000,520000
"294",1259201,0,1,1,"ABIE","LAS","",57.4,0.64,"2021-JUL-24",6180000,500000
"295",1259201,0,1,2,"POPU","BAL","",26.2,0.2,"2021-JUL-24",6180000,500000
"296",1259201,0,1,3,"TSUG","HET","",16.4,0.16,"2021-JUL-24",6180000,500000
"297",1259261,0,0,1,"PINU","CON","LAT",74.5,0.609,"2002-AUG-21",6190000,360000
"298",1259261,0,1,5,"ABIE","LAS","",2.1,0.077,"2018-JUL-04",6190000,360000
"299",1259296,0,0,1,"ABIE","LAS","",100,1,"2001-JUN-17",6180000,500000
"300",1259296,0,1,1,"ABIE","LAS","",100,1,"2018-JUL-09",6180000,500000
"301",1259336,0,0,1,"POPU","TRE","",97.2,0.913,"2001-JUL-30",6180000,660000
"302",1259336,0,1,1,"POPU","TRE","",96.7,0.84,"2019-SEP-07",6180000,660000
"303",1259336,0,1,2,"BETU","NEO","",2.7,0.12,"2019-SEP-07",6180000,660000
"304",1259336,0,1,3,"PICE","GLA","",0.6,0.04,"2019-SEP-07",6180000,660000
"305",1266111,0,1,1,"PICE","ENG","GLA",82.8,0.667,"2017-JUL-23",6170000,620000
"306",1266111,0,1,2,"ABIE","LAS","",17.2,0.333,"2017-JUL-23",6170000,620000
"307",1266166,0,0,1,"PICE","ENG","GLA",70.7,0.789,"2002-AUG-13",6160000,460000
"308",1266166,0,0,2,"PINU","CON","LAT",21.1,0.105,"2002-AUG-13",6160000,460000
"309",1266186,0,0,1,"PICE","GLA","",100,1,"2003-JUL-17",6160000,540000
"310",1266196,0,0,1,"PINU","CON","LAT",49.1,0.45,"2003-JUL-18",6160000,580000
"311",1266196,0,0,2,"PICE","MAR","",26.4,0.35,"2003-JUL-18",6160000,580000
"312",1266196,0,0,3,"POPU","BAL","",14.5,0.15,"2003-JUL-18",6160000,580000
"313",1266196,0,0,4,"PICE","ENG","GLA",10,0.05,"2003-JUL-18",6160000,580000
"314",1266221,0,0,1,"POPU","BAL","",100,1,"2001-JUL-28",6150000,680000
"315",1272951,0,0,1,"TSUG","HET","",94.4,0.917,"2002-JUL-06",6140000,460000
"316",1272951,0,0,2,"TSUG","MER","",5.6,0.083,"2002-JUL-06",6140000,460000
"317",1273001,0,0,1,"PICE","SPP","",65.6,0.55,"2002-JUL-09",6150000,660000
"318",1273001,0,0,2,"ABIE","LAS","",29.2,0.4,"2002-JUL-09",6150000,660000
"319",1273001,0,0,3,"PINU","CON","",5.1,0.05,"2002-JUL-09",6150000,660000
"320",1273001,0,1,1,"PICE","ENG","GLA",66.5,0.55,"2017-AUG-18",6150000,660000
"321",1273001,0,1,2,"ABIE","LAS","",28.7,0.4,"2017-AUG-18",6150000,660000
"322",1273001,0,1,3,"PINU","CON","LAT",4.8,0.05,"2017-AUG-18",6150000,660000
"323",1273031,0,0,1,"PICE","ENG","GLA",56.5,0.514,"2003-AUG-28",6150000,400000
"324",1273031,0,0,2,"PINU","CON","LAT",33.6,0.324,"2003-AUG-28",6150000,400000
"325",1273031,0,0,3,"ABIE","LAS","",9.9,0.162,"2003-AUG-28",6150000,400000
"326",1273031,0,1,1,"PICE","ENG","GLA",62.6,0.528,"2018-JUL-08",6150000,400000
"327",1273031,0,1,2,"ABIE","LAS","",19.9,0.306,"2018-JUL-08",6150000,400000
"328",1273031,0,1,3,"PINU","CON","",17.4,0.167,"2018-JUL-08",6150000,400000
"329",1279861,0,0,1,"TSUG","HET","",58.7,0.536,"2004-JUN-28",6130000,580000
"330",1279861,0,0,2,"THUJ","PLI","",21.9,0.429,"2004-JUN-28",6130000,580000
"331",1279861,0,0,3,"POPU","TRI","",19.4,0.036,"2004-JUN-28",6130000,580000
"332",1279861,0,1,1,"TSUG","HET","",59.9,0.52,"2017-JUL-22",6130000,580000
"333",1279861,0,1,2,"THUJ","PLI","",20.9,0.44,"2017-JUL-22",6130000,580000
"334",1279861,0,1,3,"POPU","TRI","",19.2,0.04,"2017-JUL-22",6130000,580000
"335",1279876,0,0,1,"ABIE","LAS","",100,1,"2003-AUG-18",6130000,640000
"336",1279876,0,1,1,"ABIE","LAS","",100,1,"2017-JUL-12",6130000,640000
"337",1279961,0,0,1,"PINU","CON","",93.7,0.875,"2000-JUL-28",6120000,600000
"338",1279961,0,0,2,"PICE","SPP","",3.3,0.083,"2000-JUL-28",6120000,600000
"339",1279961,0,0,3,"ABIE","LAS","",1.9,0.042,"2000-JUL-28",6120000,600000
"340",1279961,0,1,2,"PICE","ENG","",31.9,0.4,"2018-JUL-07",6120000,600000
"341",1279966,0,0,1,"PINU","CON","LAT",69.6,0.637,"2003-JUL-15",6120000,620000
"342",1279966,0,0,2,"PICE","ENG","GLA",20,0.22,"2003-JUL-15",6120000,620000
"343",1279966,0,0,3,"PICE","MAR","",6.9,0.099,"2003-JUL-15",6120000,620000
"344",1279966,0,0,4,"ABIE","LAS","",3,0.033,"2003-JUL-15",6120000,620000
"345",1279966,0,0,5,"POPU","TRE","",0.5,0.011,"2003-JUL-15",6120000,620000
"346",1279966,0,1,1,"PINU","CON","",56.7,0.526,"2018-JUL-06",6120000,620000
"347",1279966,0,1,2,"PICE","ENG","",27.1,0.276,"2018-JUL-06",6120000,620000
"348",1279966,0,1,3,"PICE","MAR","",8.2,0.118,"2018-JUL-06",6120000,620000
"349",1279966,0,1,4,"ABIE","LAS","",3.9,0.039,"2018-JUL-06",6120000,620000
"350",1279966,0,1,7,"POPU","TRE","",0.8,0.013,"2018-JUL-06",6120000,620000
"351",1286741,0,0,1,"TSUG","HET","",47.1,0.509,"2003-JUL-22",6110000,580000
"352",1286741,0,0,4,"THUJ","PLI","",7.5,0.094,"2003-JUL-22",6110000,580000
"353",1286741,0,0,5,"POPU","BAL","",3.7,0.019,"2003-JUL-22",6110000,580000
"354",1286741,0,1,1,"THUJ","PLI","",46.1,0.455,"2017-JUL-20",6110000,580000
"355",1286741,0,1,3,"PINU","CON","",16.9,0.182,"2017-JUL-20",6110000,580000
"356",1286771,0,1,1,"PICE","ENG","GLA",96.2,0.933,"2014-JUL-22",6110000,320000
"357",1286771,0,1,2,"PINU","CON","",3.8,0.067,"2014-JUL-22",6110000,320000
"358",1286856,0,0,1,"PINU","CON","LAT",63.4,0.506,"2003-JUN-29",6100000,660000
"359",1286856,0,0,2,"PICE","MAR","",36.6,0.494,"2003-JUN-29",6100000,660000
"360",1293651,0,1,1,"PINU","CON","",100,1,"2017-AUG-21",6090000,320000
"361",1293686,0,0,1,"ABIE","LAS","",79,0.75,"2002-AUG-20",6080000,460000
"362",1293686,0,0,2,"PICE","ENG","",14.9,0.214,"2002-AUG-20",6080000,460000
"363",1293686,0,0,3,"PINU","CON","LAT",6.1,0.036,"2002-AUG-20",6080000,460000
"364",1293686,0,1,1,"ABIE","LAS","",76.3,0.758,"2018-JUL-24",6080000,460000
"365",1293686,0,1,2,"PICE","ENG","",18.7,0.212,"2018-JUL-24",6080000,460000
"366",1293686,0,1,3,"PINU","CON","LAT",5.1,0.03,"2018-JUL-24",6080000,460000
"367",1293691,0,0,1,"ABIE","LAS","",100,1,"2002-AUG-19",6080000,480000
"368",1293691,0,1,1,"ABIE","LAS","",100,1,"2014-AUG-29",6080000,480000
"369",1293696,0,0,1,"PICE","ENG","GLA",36.7,0.578,"2001-JUN-18",6080000,500000
"370",1293696,0,0,4,"POPU","TRE","",11.3,0.089,"2001-JUN-18",6080000,500000
"371",1293696,0,1,1,"PICE","ENG","GLA",49.5,0.5,"2014-AUG-28",6080000,500000
"372",1293696,0,1,2,"ABIE","LAS","",33.1,0.409,"2014-AUG-28",6080000,500000
"373",1293696,0,1,3,"POPU","TRE","",17.4,0.091,"2014-AUG-28",6080000,500000
"374",1300521,0,0,1,"ABIE","LAS","",79,0.867,"2002-JUL-04",6070000,660000
"375",1300521,0,0,2,"PICE","ENG","GLA",21,0.133,"2002-JUL-04",6070000,660000
"376",1300521,0,1,1,"ABIE","LAS","",72.7,0.853,"2017-JUL-08",6070000,660000
"377",1300521,0,1,2,"PICE","ENG","GLA",27.3,0.147,"2017-JUL-08",6070000,660000
"378",1300611,0,0,1,"PICE","ENG","",82,0.704,"2001-JUL-29",6060000,640000
"379",1300611,0,0,2,"ABIE","LAS","",18,0.296,"2001-JUL-29",6060000,640000
"380",1300611,0,1,1,"PICE","ENG","",72.7,0.545,"2019-JUL-31",6060000,640000
"381",1300611,0,1,2,"ABIE","LAS","",27.3,0.455,"2019-JUL-31",6060000,640000
"382",1307371,0,0,1,"TSUG","MER","",53.7,0.526,"2003-JUL-25",6040000,540000
"383",1307371,0,0,2,"ABIE","LAS","",45.9,0.447,"2003-JUL-25",6040000,540000
"384",1307371,0,0,3,"ABIE","AMA","",0.4,0.026,"2003-JUL-25",6040000,540000
"385",1307371,0,1,1,"TSUG","MER","",55.7,0.571,"2017-AUG-16",6040000,540000
"386",1307371,0,1,2,"ABIE","LAS","",44.3,0.429,"2017-AUG-16",6040000,540000
"387",1307391,0,0,1,"ABIE","LAS","",55.6,0.5,"2002-JUL-01",6050000,620000
"388",1307391,0,0,2,"PINU","CON","",25.7,0.3,"2002-JUL-01",6050000,620000
"389",1307391,0,0,3,"PICE","SPP","",18.7,0.2,"2002-JUL-01",6050000,620000
"390",1307391,0,1,1,"PINU","CON","",46.5,0.75,"2017-AUG-19",6050000,620000
"391",1307391,0,1,2,"ABIE","LAS","",45.8,0.188,"2017-AUG-19",6050000,620000
"392",1307391,0,1,3,"PICE","ENG","GLA",7.8,0.063,"2017-AUG-19",6050000,620000
"393",1307401,0,0,1,"PICE","GLA","",59.4,0.536,"2001-AUG-28",6050000,660000
"394",1307401,0,0,2,"ABIE","LAS","",20.9,0.321,"2001-AUG-28",6050000,660000
"395",1307401,0,0,3,"PINU","CON","",19.6,0.143,"2001-AUG-28",6050000,660000
"396",1307401,0,1,1,"PICE","GLA","",59.4,0.533,"2017-JUL-10",6050000,660000
"397",1307401,0,1,2,"ABIE","LAS","",22,0.333,"2017-JUL-10",6050000,660000
"398",1307401,0,1,3,"PINU","CON","",18.5,0.133,"2017-JUL-10",6050000,660000
"399",1307441,0,0,1,"PINU","CON","",69.5,0.631,"2004-JUN-26",6040000,440000
"400",1307441,0,0,2,"PICE","MAR","",23.9,0.338,"2004-JUN-26",6040000,440000
"401",1307441,0,0,3,"POPU","TRE","",6.6,0.031,"2004-JUN-26",6040000,440000
"402",1307441,0,1,1,"PICE","MAR","",61.3,0.765,"2014-JUL-26",6040000,440000
"403",1307451,0,1,1,"ABIE","LAS","",61.4,0.759,"2014-AUG-26",6040000,480000
"404",1314251,0,0,1,"TSUG","MER","",74,0.5,"2003-JUL-23",6020000,540000
"405",1314251,0,0,2,"ABIE","AMA","",22.6,0.357,"2003-JUL-23",6020000,540000
"406",1314251,0,0,3,"TSUG","HET","",3.4,0.143,"2003-JUL-23",6020000,540000
"407",1314251,0,1,1,"TSUG","MER","",76.1,0.462,"2017-JUL-27",6020000,540000
"408",1314251,0,1,2,"ABIE","AMA","",19.8,0.385,"2017-JUL-27",6020000,540000
"409",1314251,0,1,3,"TSUG","HET","",4.1,0.154,"2017-JUL-27",6020000,540000
"410",1314291,0,0,1,"PINU","CON","",100,1,"2002-JUN-27",6030000,320000
"411",1314291,0,1,1,"PINU","CON","",100,1,"2017-AUG-20",6030000,320000
"412",1314311,0,0,1,"PINU","CON","LAT",80.6,0.677,"2002-AUG-12",6030000,400000
"413",1314311,0,0,2,"PICE","ENG","GLA",19.4,0.323,"2002-AUG-12",6030000,400000
"414",1314351,0,1,1,"PICE","ENG","GLA",100,1,"2014-AUG-18",6020000,560000
"415",1314376,0,0,1,"ABIE","LAS","",75.4,0.957,"2002-AUG-16",6020000,660000
"416",1314376,0,0,2,"PICE","ENG","",24.6,0.043,"2002-AUG-16",6020000,660000
"417",1314376,0,1,1,"ABIE","LAS","",74.9,0.96,"2014-AUG-23",6020000,660000
"418",1314376,0,1,2,"PICE","ENG","",25.1,0.04,"2014-AUG-23",6020000,660000
"419",1321141,0,0,1,"ABIE","LAS","",91.1,0.92,"2002-JUL-02",6010000,590000
"420",1321141,0,0,2,"PINU","ALB","",4.6,0.06,"2002-JUL-02",6010000,590000
"421",1321141,0,0,3,"TSUG","HET","",4.3,0.02,"2002-JUL-02",6010000,590000
"422",1321206,0,0,1,"POPU","TRE","",48.2,0.476,"2004-AUG-24",6000000,450000
"423",1321206,0,0,2,"PICE","ENG","GLA",27.7,0.333,"2004-AUG-24",6000000,450000
"424",1321206,0,0,3,"PINU","CON","",24.1,0.19,"2004-AUG-24",6000000,450000
"425",1321206,0,1,1,"POPU","TRE","",75.2,0.714,"2014-JUL-27",6000000,450000
"426",1321206,0,1,2,"PICE","ENG","GLA",24.8,0.286,"2014-JUL-27",6000000,450000
"427",1321236,0,0,1,"PICE","ENG","GLA",95.3,0.941,"2003-JUL-14",6000000,570000
"428",1321236,0,0,2,"POPU","TRI","",4.7,0.059,"2003-JUL-14",6000000,570000
"429",1321236,0,1,1,"PICE","ENG","GLA",92.6,0.914,"2014-AUG-18",6000000,570000
"430",1321236,0,1,2,"POPU","TRI","",6.7,0.057,"2014-AUG-18",6000000,570000
"431",1321236,0,1,3,"ABIE","LAS","",0.8,0.029,"2014-AUG-18",6000000,570000
"432",1327976,0,0,1,"THUJ","PLI","",74.1,0.444,"2004-JUL-02",5980000,410000
"433",1327976,0,0,3,"CHAM","NOO","",6.9,0.167,"2004-JUL-02",5980000,410000
"434",1327976,0,0,5,"TSUG","MER","",2.6,0.028,"2004-JUL-02",5980000,410000
"435",1327976,0,1,1,"THUJ","PLI","",75.5,0.457,"2017-AUG-14",5980000,410000
"436",1327976,0,1,5,"TSUG","MER","",2.4,0.029,"2017-AUG-14",5980000,410000
"437",1328041,0,1,1,"PICE","ENG","GLA",100,1,"2017-JUL-15",5990000,670000
"438",1328066,0,0,1,"ABIE","LAS","",100,1,"2001-JUN-24",5990000,370000
"439",1328066,0,1,1,"ABIE","LAS","",74.9,0.7,"2014-AUG-12",5990000,370000
"440",1328066,0,1,2,"POPU","TRE","",17.2,0.225,"2014-AUG-12",5990000,370000
"441",1328066,0,1,3,"PICE","ENG","GLA",7.9,0.075,"2014-AUG-12",5990000,370000
"442",1328086,0,0,1,"PINU","CON","",89.7,0.808,"2002-AUG-13",5980000,450000
"443",1328086,0,0,2,"PICE","ENG","GLA",10.3,0.192,"2002-AUG-13",5980000,450000
"444",1328106,0,0,1,"BETU","PAP","",69.3,0.727,"2002-AUG-15",5980000,530000
"445",1328106,0,0,2,"POPU","BAL","",17.6,0.182,"2002-AUG-15",5980000,530000
"446",1328106,0,0,3,"POPU","TRE","",13.1,0.091,"2002-AUG-15",5980000,530000
"447",1334886,0,0,3,"ABIE","AMA","",5.9,0.161,"2003-SEP-09",5960000,530000
"448",1334886,0,0,4,"TSUG","HET","",1.9,0.161,"2003-SEP-09",5960000,530000
"449",1334886,0,1,3,"ABIE","AMA","",6.2,0.156,"2017-AUG-09",5960000,530000
"450",1334886,0,1,4,"TSUG","HET","",2.5,0.156,"2017-AUG-09",5960000,530000
"451",1334956,0,0,1,"PINU","CON","",98.2,0.971,"2003-JUN-18",5970000,410000
"452",1334956,0,0,2,"PICE","ENG","GLA",1.8,0.029,"2003-JUN-18",5970000,410000
"453",1334961,0,0,1,"PICE","ENG","GLA",44.6,0.541,"2003-JUN-16",5960000,430000
"454",1334961,0,0,2,"PINU","CON","",39.3,0.243,"2003-JUN-16",5960000,430000
"455",1334961,0,0,3,"ABIE","LAS","",16.1,0.216,"2003-JUN-16",5960000,430000
"456",1334961,0,1,1,"PICE","ENG","GLA",76.5,0.692,"2014-JUL-20",5960000,430000
"457",1334961,0,1,2,"ABIE","LAS","",23.5,0.308,"2014-JUL-20",5960000,430000
"458",1334976,0,0,1,"PICE","ENG","GLA",89.6,0.8,"2003-JUL-26",5960000,490000
"459",1334976,0,0,2,"ABIE","LAS","",10.4,0.2,"2003-JUL-26",5960000,490000
"460",1334976,0,1,1,"PICE","ENG","GLA",96,0.929,"2014-JUL-18",5960000,490000
"461",1334976,0,1,2,"ABIE","LAS","",4,0.071,"2014-JUL-18",5960000,490000
"462",1334986,0,1,1,"PICE","ENG","GLA",78.4,0.756,"2014-AUG-09",5960000,530000
"463",1335001,0,0,1,"ABIE","LAS","",52.9,0.6,"2003-JUL-21",5960000,590000
"464",1335001,0,0,2,"PICE","ENG","",47.1,0.4,"2003-JUL-21",5960000,590000
"465",1341701,0,0,1,"TSUG","HET","",49.3,0.556,"2003-SEP-06",5930000,670000
"466",1341701,0,0,2,"THUJ","PLI","",40.7,0.278,"2003-SEP-06",5930000,670000
"467",1341751,0,0,1,"CHAM","NOO","",87,0.809,"2003-JUL-28",5940000,470000
"468",1341751,0,1,1,"CHAM","NOO","",82.2,0.727,"2017-AUG-11",5940000,470000
"469",1341756,0,1,1,"TSUG","HET","",59.2,0.711,"2017-AUG-12",5940000,490000
"470",1341776,0,0,1,"TSUG","HET","",100,1,"2003-JUL-27",5940000,570000
"471",1341776,0,1,1,"TSUG","HET","",99.4,1,"2017-AUG-10",5940000,570000
"472",1348646,0,0,1,"ABIE","AMA","",43.3,0.444,"2003-JUL-26",5920000,530000
"473",1348646,0,0,2,"PICE","SIT","",30.5,0.278,"2003-JUL-26",5920000,530000
"474",1348646,0,0,3,"TSUG","HET","",19.2,0.222,"2003-JUL-26",5920000,530000
"475",1348646,0,0,4,"ALNU","RUB","",7,0.056,"2003-JUL-26",5920000,530000
"476",1348646,0,1,3,"TSUG","HET","",20.6,0.235,"2017-AUG-08",5920000,530000
"477",1348646,0,1,4,"ALNU","RUB","",4.3,0.059,"2017-AUG-08",5920000,530000
"478",1348666,0,0,1,"TSUG","MER","",52.5,0.6,"2005-JUN-27",5930000,610000
"479",1348666,0,0,2,"ABIE","AMA","",47.5,0.4,"2005-JUN-27",5930000,610000
"480",1348666,0,1,1,"TSUG","MER","",63.5,0.682,"2017-JUL-19",5930000,610000
"481",1348666,0,1,2,"ABIE","AMA","",36.5,0.318,"2017-JUL-19",5930000,610000
"482",1348741,0,0,1,"PICE","ENG","GLA",59.5,0.519,"2003-JUL-18",5920000,510000
"483",1348741,0,0,2,"ABIE","LAS","",40.5,0.481,"2003-JUL-18",5920000,510000
"484",1348746,0,0,1,"PSEU","MEN","GLA",65.1,0.545,"2003-JUN-24",5920000,530000
"485",1348746,0,0,5,"PINU","CON","LAT",2.6,0.03,"2003-JUN-24",5920000,530000
"486",1348746,0,1,1,"PSEU","MEN","GLA",64.5,0.5,"2009-AUG-04",5920000,530000
"487",1348746,0,1,5,"PINU","CON","LAT",2.5,0.029,"2009-AUG-04",5920000,530000
"488",1348746,0,2,1,"PSEU","MEN","GLA",65.3,0.452,"2014-JUL-16",5920000,530000
"489",1348746,0,2,4,"BETU","PAP","",5,0.097,"2014-JUL-16",5920000,530000
"490",1348756,0,2,1,"PICE","ENG","GLA",86.7,0.882,"2014-AUG-30",5920000,570000
"491",1348756,0,2,2,"ABIE","LAS","",13.3,0.118,"2014-AUG-30",5920000,570000
"492",1355561,0,0,1,"PICE","SPP","",57.2,0.444,"2002-JUN-29",5910000,670000
"493",1355561,0,0,2,"PINU","CON","",21.9,0.296,"2002-JUN-29",5910000,670000
"494",1355561,0,0,3,"ABIE","LAS","",20.9,0.259,"2002-JUN-29",5910000,670000
"495",1355561,0,1,1,"PICE","ENG","GLA",57.5,0.519,"2017-JUL-18",5910000,670000
"496",1355561,0,1,2,"ABIE","LAS","",38.9,0.407,"2017-JUL-18",5910000,670000
"497",1355561,0,1,3,"PINU","CON","",3.7,0.074,"2017-JUL-18",5910000,670000
"498",1355576,0,0,3,"ABIE","LAS","",22.3,0.206,"2003-SEP-04",5910000,330000
"499",1355591,0,1,1,"PINU","CON","LAT",91.7,0.889,"2014-JUL-28",5910000,390000
"500",1355591,0,1,2,"PICE","ENG","GLA",8.3,0.111,"2014-JUL-28",5910000,390000
"501",1355611,0,1,1,"PICE","ENG","",65.5,0.667,"2009-AUG-03",5900000,470000
"502",1355611,0,1,2,"PICE","SPP","",24.2,0.167,"2009-AUG-03",5900000,470000
"503",1355611,0,1,3,"PINU","CON","",10.3,0.167,"2009-AUG-03",5900000,470000
"504",1355646,0,0,1,"ABIE","LAS","",63.1,0.763,"2003-JUL-08",5900000,610000
"505",1355646,0,0,2,"PICE","ENG","GLA",36.9,0.237,"2003-JUL-08",5900000,610000
"506",1355646,0,1,1,"ABIE","LAS","",61.5,0.769,"2013-SEP-15",5900000,610000
"507",1355646,0,1,2,"PICE","ENG","GLA",38.5,0.231,"2013-SEP-15",5900000,610000
"508",1355666,0,0,1,"TSUG","HET","",40,0.433,"2003-JUL-16",5890000,690000
"509",1355666,0,0,2,"THUJ","PLI","",36.7,0.367,"2003-JUL-16",5890000,690000
"510",1355666,0,0,3,"PICE","ENG","GLA",9.9,0.1,"2003-JUL-16",5890000,690000
"511",1355666,0,0,4,"BETU","PAP","",9.6,0.067,"2003-JUL-16",5890000,690000
"512",1355666,0,0,5,"PSEU","MEN","GLA",3.8,0.033,"2003-JUL-16",5890000,690000
"513",1355666,0,1,1,"TSUG","HET","",42.7,0.392,"2016-JUL-22",5890000,290000
"514",1355666,0,1,2,"THUJ","PLI","",23.9,0.297,"2016-JUL-22",5890000,290000
"515",1355666,0,1,3,"PINU","CON","",12.4,0.135,"2016-JUL-22",5890000,290000
"516",1355666,0,1,4,"PICE","ENG","GLA",12.2,0.095,"2016-JUL-22",5890000,290000
"517",1362461,0,0,1,"PINU","CON","LAT",78,0.792,"2002-AUG-11",5890000,350000
"518",1362461,0,0,2,"PICE","ENG","GLA",22,0.208,"2002-AUG-11",5890000,350000
"519",1362461,0,1,1,"PICE","ENG","GLA",86.4,0.714,"2014-JUL-29",5890000,350000
"520",1362461,0,1,2,"PINU","CON","LAT",13.6,0.286,"2014-JUL-29",5890000,350000
"521",1362476,0,0,3,"POPU","TRE","",4.2,0.019,"2004-JUL-29",5890000,410000
"522",1362486,0,0,1,"PINU","CON","LAT",72.1,0.75,"2003-JUL-07",5880000,450000
"523",1362486,0,0,2,"PICE","ENG","GLA",27.9,0.25,"2003-JUL-07",5880000,450000
"524",1362486,0,1,1,"PICE","ENG","GLA",91.9,0.889,"2013-AUG-30",5880000,450000
"525",1362486,0,1,2,"PINU","CON","LAT",8.1,0.111,"2013-AUG-30",5880000,450000
"526",1362501,0,0,1,"PINU","CON","LAT",97.6,0.973,"2002-JUL-12",5880000,510000
"527",1362501,0,0,2,"PICE","SPP","",2.4,0.027,"2002-JUL-12",5880000,510000
"528",1369366,0,1,1,"PINU","CON","LAT",81,0.815,"2013-AUG-27",5860000,450000
"529",1369366,0,1,2,"PICE","ENG","GLA",19,0.185,"2013-AUG-27",5860000,450000
"530",1369371,0,0,1,"PINU","CON","LAT",80.7,0.694,"2002-JUL-16",5860000,470000
"531",1369371,0,0,2,"PICE","MAR","",19.3,0.306,"2002-JUL-16",5860000,470000
"532",1369371,0,1,1,"PINU","CON","LAT",56,0.561,"2009-AUG-06",5860000,470000
"533",1369371,0,1,2,"PICE","MAR","",44,0.439,"2009-AUG-06",5860000,470000
"534",1369371,0,2,1,"PINU","CON","LAT",53.5,0.538,"2013-AUG-28",5860000,470000
"535",1369371,0,2,2,"PICE","MAR","",46.5,0.462,"2013-AUG-28",5860000,470000
"536",1369386,0,1,1,"PINU","CON","",94.6,0.935,"2013-AUG-22",5860000,530000
"537",1369386,0,1,2,"POPU","TRE","",5.4,0.065,"2013-AUG-22",5860000,530000
"538",1369431,0,0,1,"PICE","SPP","",72.3,0.545,"2002-JUL-15",5850000,300000
"539",1369431,0,0,2,"ABIE","LAS","",27,0.409,"2002-JUL-15",5850000,300000
"540",1369431,0,0,3,"TSUG","HET","",0.7,0.045,"2002-JUL-15",5850000,300000
"541",1369431,0,1,1,"ABIE","LAS","",49.7,0.5,"2016-JUL-23",5850000,300000
"542",1369431,0,1,2,"PICE","ENG","GLA",49.1,0.45,"2016-JUL-23",5850000,300000
"543",1369431,0,1,3,"TSUG","HET","",1.1,0.05,"2016-JUL-23",5850000,300000
"544",1376166,0,0,1,"TSUG","HET","",48.5,0.55,"2002-JUL-31",5840000,530000
"545",1376166,0,0,2,"ABIE","AMA","",32.3,0.225,"2002-JUL-31",5840000,530000
"546",1376271,0,0,1,"PINU","CON","LAT",94.5,0.923,"2002-JUL-17",5840000,550000
"547",1376271,0,0,2,"PICE","SPP","",5.5,0.077,"2002-JUL-17",5840000,550000
"548",1376296,0,0,1,"ABIE","LAS","",100,1,"2002-JUL-12",5830000,650000
"549",1376296,0,1,1,"ABIE","LAS","",100,1,"2013-AUG-23",5830000,650000
"550",1376306,0,0,1,"THUJ","PLI","",82.7,0.657,"2004-JUL-01",5830000,690000
"551",1376306,0,0,2,"TSUG","HET","",15.8,0.257,"2004-JUL-01",5830000,690000
"552",1376306,0,0,3,"PSEU","MEN","GLA",0.9,0.057,"2004-JUL-01",5830000,690000
"553",1376306,0,0,4,"PICE","SPP","",0.6,0.029,"2004-JUL-01",5830000,690000
"554",1376306,0,1,1,"THUJ","PLI","",62.5,0.622,"2014-SEP-09",5830000,690000
"555",1376306,0,1,4,"PICE","ENG","GLA",0.9,0.027,"2014-SEP-09",5830000,690000
"556",1383046,0,0,5,"TSUG","MER","",6.1,0.07,"2002-AUG-02",5820000,530000
"557",1383056,0,0,1,"THUJ","PLI","",52.8,0.421,"2002-AUG-03",5820000,570000
"558",1383056,0,0,5,"PINU","CON","CON",5.8,0.018,"2002-AUG-03",5820000,570000
"559",1383061,0,0,2,"TSUG","MER","",28.9,0.25,"2000-AUG-30",5830000,590000
"560",1383061,0,0,5,"THUJ","PLI","",1.9,0.083,"2000-AUG-30",5830000,590000
"561",1383116,0,0,1,"PICE","SPP","",56.8,0.726,"2004-JUN-20",5830000,410000
"562",1383116,0,0,2,"PINU","CON","LAT",43.2,0.274,"2004-JUN-20",5830000,410000
"563",1383116,0,1,1,"PICE","SPP","",91.4,0.9,"2013-AUG-07",5830000,410000
"564",1383116,0,1,2,"PINU","CON","LAT",8.6,0.1,"2013-AUG-07",5830000,410000
"565",1383146,0,0,1,"PINU","CON","LAT",93.2,0.872,"2003-JUL-05",5820000,530000
"566",1383146,0,0,2,"PSEU","MEN","GLA",5.9,0.106,"2003-JUL-05",5820000,530000
"567",1383146,0,0,3,"PICE","ENG","GLA",0.9,0.021,"2003-JUL-05",5820000,530000
"568",1383146,0,1,1,"PSEU","MEN","GLA",59.2,0.588,"2013-SEP-14",5820000,530000
"569",1383146,0,1,2,"PINU","CON","LAT",32.7,0.353,"2013-SEP-14",5820000,530000
"570",1383146,0,1,3,"PICE","ENG","GLA",8.1,0.059,"2013-SEP-14",5820000,530000
"571",1383151,0,0,1,"PINU","CON","LAT",68.9,0.571,"2003-JUL-01",5820000,550000
"572",1383151,0,0,2,"BETU","PAP","",16.1,0.19,"2003-JUL-01",5820000,550000
"573",1383151,0,0,3,"PICE","ENG","GLA",10.4,0.143,"2003-JUL-01",5820000,550000
"574",1383151,0,0,4,"PSEU","MEN","GLA",4.5,0.095,"2003-JUL-01",5820000,550000
"575",1383151,0,1,1,"PINU","CON","LAT",33.4,0.368,"2009-AUG-07",5820000,550000
"576",1383151,0,1,2,"BETU","PAP","",24.7,0.211,"2009-AUG-07",5820000,550000
"577",1383151,0,1,3,"PICE","ENG","GLA",22.7,0.211,"2009-AUG-07",5820000,550000
"578",1383151,0,1,4,"PSEU","MEN","GLA",19.2,0.211,"2009-AUG-07",5820000,550000
"579",1383151,0,2,1,"PINU","CON","LAT",30.9,0.318,"2013-JUL-25",5820000,550000
"580",1383151,0,2,4,"PICE","ENG","GLA",21.4,0.182,"2013-JUL-25",5820000,550000
"581",1383151,0,2,5,"POPU","TRE","",1.6,0.045,"2013-JUL-25",5820000,550000
"582",1389936,0,0,1,"TSUG","HET","",56.7,0.667,"2005-JUN-23",5800000,570000
"583",1389936,0,0,2,"ABIE","AMA","",42.6,0.292,"2005-JUN-23",5800000,570000
"584",1389936,0,0,3,"THUJ","PLI","",0.7,0.042,"2005-JUN-23",5800000,570000
"585",1396821,0,0,1,"CHAM","NOO","",67.2,0.533,"2000-SEP-01",5790000,590000
"586",1396821,0,0,2,"THUJ","PLI","",19.7,0.267,"2000-SEP-01",5790000,590000
"587",1396821,0,0,5,"ABIE","AMA","",1.2,0.022,"2000-SEP-01",5790000,590000
"588",1396871,0,0,1,"PINU","CON","LAT",100,1,"2003-JUN-26",5790000,390000
"589",1396871,0,1,1,"PINU","CON","LAT",99.5,0.99,"2013-AUG-09",5790000,390000
"590",1396871,0,1,2,"PICE","ENG","GLA",0.5,0.01,"2013-AUG-09",5790000,390000
"591",1396896,0,0,1,"PINU","CON","LAT",100,1,"2003-JUL-07",5780000,490000
"592",1396896,0,1,1,"PINU","CON","LAT",100,1,"2013-SEP-12",5780000,490000
"593",1396931,0,0,1,"PINU","CON","LAT",63.8,0.813,"2001-OCT-04",5780000,630000
"594",1396936,0,0,1,"ABIE","LAS","",95.8,0.944,"2003-JUL-24",5770000,650000
"595",1396936,0,0,2,"PICE","ENG","",4.2,0.056,"2003-JUL-24",5770000,650000
"596",1396936,0,1,1,"ABIE","LAS","",87.1,0.905,"2013-JUL-19",5770000,650000
"597",1396936,0,1,2,"PICE","ENG","",12.9,0.095,"2013-JUL-19",5770000,650000
"598",1403691,0,0,1,"THUJ","PLI","",77.7,0.853,"2002-JUL-29",5760000,560000
"599",1403691,0,0,2,"PINU","CON","CON",14.5,0.118,"2002-JUL-29",5760000,560000
"600",1403691,0,0,3,"CHAM","NOO","",7.8,0.029,"2002-JUL-29",5760000,560000
"601",1403701,0,0,1,"TSUG","HET","",48.2,0.634,"2002-JUL-28",5770000,600000
"602",1403701,0,0,2,"ALNU","RUB","",36.5,0.239,"2002-JUL-28",5770000,600000
"603",1403701,0,0,3,"ABIE","AMA","",10.4,0.07,"2002-JUL-28",5770000,600000
"604",1403701,0,0,4,"PICE","SIT","",4.9,0.056,"2002-JUL-28",5770000,600000
"605",1403851,0,0,1,"TSUG","MER","",80.2,0.81,"2000-AUG-20",5740000,370000
"606",1403851,0,1,1,"TSUG","MER","",71,0.75,"2016-JUL-24",5740000,370000
"607",1403851,0,1,4,"TSUG","MER","HET",4.6,0.05,"2016-JUL-24",5740000,370000
"608",1403871,0,0,3,"TSUG","HET","",7.6,0.15,"2003-JUL-20",5730000,450000
"609",1403871,0,1,3,"TSUG","MER","",8.3,0.136,"2016-JUL-20",5730000,450000
"610",1410631,0,0,1,"PINU","CON","LAT",100,1,"2003-JUL-08",5750000,380000
"611",1410631,0,1,1,"PINU","CON","LAT",100,1,"2013-AUG-10",5750000,380000
"612",1410686,0,0,1,"PSEU","MEN","GLA",84,0.775,"2003-JUL-02",5740000,600000
"613",1410686,0,0,2,"POPU","TRE","",11.5,0.2,"2003-JUL-02",5740000,600000
"614",1410686,0,0,3,"PINU","CON","LAT",4.5,0.025,"2003-JUL-02",5740000,600000
"615",1410686,0,1,1,"PSEU","MEN","GLA",91.8,0.868,"2013-JUL-21",5740000,600000
"616",1410686,0,1,2,"POPU","TRE","",8.2,0.132,"2013-JUL-21",5740000,600000
"617",1410696,0,0,1,"PINU","CON","LAT",98.2,0.98,"2002-JUN-18",5730000,640000
"618",1410696,0,0,2,"PSEU","MEN","GLA",1.8,0.02,"2002-JUN-18",5730000,640000
"619",1410696,0,1,1,"PSEU","MEN","GLA",71.4,0.6,"2013-JUL-17",5730000,640000
"620",1410696,0,1,2,"PICE","ENG","GLA",15.8,0.2,"2013-JUL-17",5730000,640000
"621",1410696,0,1,3,"PINU","CON","LAT",12.8,0.2,"2013-JUL-17",5730000,640000
"622",1410756,0,0,1,"ABIE","LAS","",50,0.579,"2000-AUG-16",5710000,470000
"623",1410756,0,0,2,"PICE","SPP","",30.2,0.211,"2000-AUG-16",5710000,470000
"624",1410756,0,0,3,"TSUG","HET","",8.1,0.105,"2000-AUG-16",5710000,470000
"625",1410756,0,1,1,"ABIE","LAS","",47.4,0.563,"2016-JUL-19",5710000,470000
"626",1410756,0,1,2,"PICE","ENG","GLA",29.7,0.188,"2016-JUL-19",5710000,470000
"627",1410756,0,1,3,"TSUG","HET","",14.2,0.188,"2016-JUL-19",5710000,470000
"628",1410756,0,1,4,"PSEU","MEN","",8.7,0.063,"2016-JUL-19",5710000,470000
"629",1410761,0,0,1,"PSEU","MEN","GLA",49.3,0.375,"2002-JUL-09",5710000,490000
"630",1410761,0,0,2,"PICE","SPP","",25.8,0.313,"2002-JUL-09",5710000,490000
"631",1410761,0,1,1,"PSEU","MEN","",51.5,0.381,"2016-AUG-17",5710000,490000
"632",1410761,0,1,2,"PICE","ENG","GLA",27.4,0.333,"2016-AUG-17",5710000,490000
"633",1410761,0,1,4,"PINU","CON","",3.7,0.095,"2016-AUG-17",5710000,490000
"634",1417516,0,0,1,"PINU","CON","LAT",79.6,0.606,"2004-JUN-21",5730000,400000
"635",1417516,0,0,2,"PSEU","MEN","GLA",11.4,0.152,"2004-JUN-21",5730000,400000
"636",1417516,0,0,3,"PICE","SPP","",6.7,0.121,"2004-JUN-21",5730000,400000
"637",1417516,0,0,4,"POPU","TRE","",2.3,0.121,"2004-JUN-21",5730000,400000
"638",1417516,0,1,1,"PINU","CON","LAT",37,0.35,"2013-AUG-12",5730000,400000
"639",1417516,0,1,2,"PSEU","MEN","GLA",36.4,0.25,"2013-AUG-12",5730000,400000
"640",1417516,0,1,3,"PICE","SPP","",20,0.2,"2013-AUG-12",5730000,400000
"641",1417516,0,1,4,"POPU","TRE","",6.5,0.2,"2013-AUG-12",5730000,400000
"642",1417521,0,0,1,"PINU","CON","LAT",100,1,"2004-JUN-24",5720000,420000
"643",1417521,0,1,1,"PINU","CON","LAT",100,1,"2013-AUG-13",5720000,420000
"644",1417526,0,0,1,"PINU","CON","LAT",100,1,"2003-AUG-27",5720000,440000
"645",1417526,0,1,1,"PINU","CON","LAT",100,1,"2013-AUG-24",5720000,440000
"646",1417536,0,0,1,"PINU","CON","LAT",100,1,"2004-JUN-14",5720000,480000
"647",1417536,0,1,1,"PINU","CON","LAT",100,1,"2013-AUG-17",5720000,480000
"648",1417566,0,1,1,"PINU","CON","LAT",100,1,"2009-AUG-20",5720000,600000
"649",1417566,0,2,1,"PINU","CON","",91.9,0.917,"2013-JUL-07",5720000,600000
"650",1417566,0,2,2,"PICE","ENG","GLA",8.1,0.083,"2013-JUL-07",5720000,600000
"651",1417576,0,0,1,"PINU","CON","LAT",71.3,0.51,"2004-JUN-18",5710000,640000
"652",1417576,0,0,2,"PSEU","MEN","GLA",28.7,0.49,"2004-JUN-18",5710000,640000
"653",1417576,0,1,1,"PSEU","MEN","GLA",91.6,0.852,"2009-AUG-21",5710000,640000
"654",1417576,0,1,2,"PINU","CON","LAT",8.4,0.148,"2009-AUG-21",5710000,640000
"655",1417576,0,2,1,"PSEU","MEN","GLA",93.1,0.875,"2013-JUL-09",5710000,640000
"656",1417576,0,2,2,"PINU","CON","LAT",6.9,0.125,"2013-JUL-09",5710000,640000
"657",1417646,0,0,1,"PSEU","MEN","GLA",72.4,0.6,"2000-AUG-17",5680000,500000
"658",1424411,0,0,1,"PINU","CON","LAT",87.6,0.724,"2000-AUG-30",5700000,460000
"659",1424411,0,0,2,"ABIE","LAS","",6.4,0.138,"2000-AUG-30",5700000,460000
"660",1424411,0,0,3,"PICE","SPP","",6,0.138,"2000-AUG-30",5700000,460000
"661",1424411,0,1,1,"PINU","CON","LAT",66.3,0.579,"2013-AUG-15",5700000,460000
"662",1424411,0,1,2,"ABIE","LAS","",17,0.211,"2013-AUG-15",5700000,460000
"663",1424411,0,1,3,"PICE","SPP","",16.7,0.211,"2013-AUG-15",5700000,460000
"664",1424421,0,0,1,"PINU","CON","LAT",100,1,"2003-JUN-30",5700000,500000
"665",1424421,0,1,1,"PINU","CON","LAT",98,0.974,"2013-SEP-13",5700000,500000
"666",1424421,0,1,2,"PICE","ENG","",2,0.026,"2013-SEP-13",5700000,500000
"667",1424456,0,0,3,"POPU","TRE","",11,0.058,"2004-JUN-16",5690000,640000
"668",1424456,0,1,1,"PICE","SPP","",71.3,0.772,"2013-JUN-27",5690000,640000
"669",1424456,0,1,2,"PINU","CON","LAT",14.6,0.175,"2013-JUN-27",5690000,640000
"670",1424456,0,1,3,"POPU","TRE","",14.1,0.053,"2013-JUN-27",5690000,640000
"671",1424471,0,0,1,"PSEU","MEN","GLA",79.8,0.75,"2002-JUN-23",5690000,700000
"672",1424471,0,1,1,"PSEU","MEN","GLA",96.1,0.912,"2014-JUL-09",5690000,700000
"673",1424471,0,1,2,"BETU","PAP","",3.9,0.088,"2014-JUL-09",5690000,700000
"674",1431281,0,0,1,"PINU","CON","LAT",98.1,0.991,"2000-AUG-31",5680000,420000
"675",1431281,0,0,2,"PICE","SPP","",1.9,0.009,"2000-AUG-31",5680000,420000
"676",1431326,0,0,1,"PINU","CON","LAT",53.6,0.556,"2001-MAY-24",5680000,600000
"677",1431326,0,0,2,"PSEU","MEN","GLA",46.4,0.444,"2001-MAY-24",5680000,600000
"678",1431326,0,1,1,"PSEU","MEN","GLA",100,1,"2009-AUG-18",5680000,600000
"679",1431326,0,2,1,"PSEU","MEN","GLA",100,1,"2013-JUN-23",5680000,600000
"680",1431371,0,0,1,"THUJ","PLI","",45.6,0.622,"2002-JUL-06",5660000,360000
"681",1431371,0,0,3,"TSUG","HET","",12,0.133,"2002-JUL-06",5660000,360000
"682",1431371,0,1,1,"THUJ","PLI","",52.3,0.61,"2015-JUL-31",5660000,360000
"683",1431371,0,1,3,"TSUG","HET","",13.6,0.146,"2015-JUL-31",5660000,360000
"684",1431401,0,0,1,"PICE","SPP","",94.7,0.853,"2000-AUG-18",5650000,480000
"685",1431401,0,0,2,"ABIE","LAS","",4.6,0.118,"2000-AUG-18",5650000,480000
"686",1431401,0,0,3,"THUJ","PLI","",0.7,0.029,"2000-AUG-18",5650000,480000
"687",1438116,0,0,1,"TSUG","HET","",51.5,0.574,"2003-JUL-01",5670000,660000
"688",1438116,0,0,2,"ALNU","RUB","",41.6,0.279,"2003-JUL-01",5670000,660000
"689",1438116,0,0,3,"THUJ","PLI","",6.9,0.148,"2003-JUL-01",5670000,660000
"690",1438251,0,0,1,"THUJ","PLI","",46.9,0.5,"2003-JUL-18",5640000,360000
"691",1438251,0,0,2,"TSUG","HET","",45.3,0.438,"2003-JUL-18",5640000,360000
"692",1438251,0,0,3,"BETU","PAP","",7.8,0.063,"2003-JUL-18",5640000,360000
"693",1438251,0,1,1,"THUJ","PLI","",52.2,0.545,"2015-AUG-02",5640000,360000
"694",1438251,0,1,2,"TSUG","HET","",46.3,0.364,"2015-AUG-02",5640000,360000
"695",1438251,0,1,3,"TAXU","BRE","",1.5,0.091,"2015-AUG-02",5640000,360000
"696",1445086,0,0,1,"PSEU","MEN","GLA",100,1,"2003-JUL-22",5640000,600000
"697",1445086,0,1,1,"PSEU","MEN","GLA",100,1,"2014-JUL-02",5640000,600000
"698",1445106,0,0,1,"PSEU","MEN","GLA",92,0.75,"2003-JUL-21",5630000,680000
"699",1445106,0,0,2,"PICE","GLA","",4.6,0.15,"2003-JUL-21",5630000,680000
"700",1445106,0,0,3,"BETU","PAP","",1.7,0.05,"2003-JUL-21",5630000,680000
"701",1445106,0,0,4,"POPU","TRE","",1.7,0.05,"2003-JUL-21",5630000,680000
"702",1445106,0,1,1,"PSEU","MEN","GLA",92.9,0.81,"2009-AUG-17",5630000,680000
"703",1445106,0,1,2,"PICE","GLA","",3.7,0.095,"2009-AUG-17",5630000,680000
"704",1445106,0,2,1,"PSEU","MEN","GLA",96.6,0.9,"2014-JUL-03",5630000,680000
"705",1445106,0,2,2,"BETU","PAP","",1.7,0.05,"2014-JUL-03",5630000,680000
"706",1445106,0,2,3,"PICE","GLA","",1.7,0.05,"2014-JUL-03",5630000,680000
"707",1445166,0,1,1,"ABIE","LAS","",100,1,"2016-AUG-14",5610000,490000
"708",1445171,0,0,1,"ABIE","LAS","",100,1,"2003-AUG-20",5600000,510000
"709",1445171,0,1,1,"ABIE","LAS","",100,1,"2016-JUL-18",5600000,510000
"710",1451876,0,0,1,"TSUG","HET","",81.8,0.955,"2003-JUN-30",5630000,660000
"711",1451876,0,0,2,"ABIE","AMA","",18.2,0.045,"2003-JUN-30",5630000,660000
"712",1451886,0,0,1,"TSUG","HET","",60.6,0.738,"2002-JUL-02",5630000,700000
"713",1451906,0,0,1,"TSUG","HET","",82,0.818,"2003-JUL-04",5630000,360000
"714",1451906,0,0,2,"ABIE","AMA","",14.3,0.091,"2003-JUL-04",5630000,360000
"715",1451906,0,0,3,"TSUG","MER","",3.7,0.091,"2003-JUL-04",5630000,360000
"716",1451976,0,0,1,"POPU","TRE","",89.9,0.8,"2002-JUN-22",5620000,640000
"717",1451976,0,0,2,"PICE","SPP","",10.1,0.2,"2002-JUN-22",5620000,640000
"718",1452016,0,0,1,"TSUG","HET","",77.2,0.706,"2004-JUL-26",5600000,370000
"719",1452016,0,0,2,"THUJ","PLI","",22.8,0.294,"2004-JUL-26",5600000,370000
"720",1452016,0,1,1,"TSUG","HET","",76.6,0.677,"2015-AUG-04",5600000,370000
"721",1452016,0,1,2,"THUJ","PLI","",23.4,0.323,"2015-AUG-04",5600000,370000
"722",1452066,0,0,1,"PSEU","MEN","GLA",91.5,0.786,"2002-JUL-10",5580000,570000
"723",1452066,0,0,2,"PINU","CON","LAT",8.5,0.214,"2002-JUL-10",5580000,570000
"724",1452066,0,1,1,"PSEU","MEN","",95.6,0.857,"2016-JUL-13",5580000,570000
"725",1452066,0,1,2,"PINU","CON","",4.4,0.143,"2016-JUL-13",5580000,570000
"726",1458736,0,0,1,"TSUG","HET","",95.3,0.952,"2002-JUN-29",5600000,580000
"727",1458736,0,0,2,"THUJ","PLI","",3.5,0.032,"2002-JUN-29",5600000,580000
"728",1458736,0,0,3,"PICE","SIT","",1.2,0.016,"2002-JUN-29",5600000,580000
"729",1458736,0,1,1,"TSUG","HET","",96.6,0.959,"2009-AUG-26",5600000,580000
"730",1458736,0,1,2,"THUJ","PLI","",3.4,0.041,"2009-AUG-26",5600000,580000
"731",1458736,0,2,1,"TSUG","HET","",96.8,0.957,"2016-JUL-01",5600000,580000
"732",1458736,0,2,2,"THUJ","PLI","",3.2,0.043,"2016-JUL-01",5600000,580000
"733",1458761,0,0,1,"TSUG","HET","",51.6,0.613,"2001-OCT-04",5610000,680000
"734",1458761,0,0,2,"ALNU","RUB","",35.7,0.323,"2001-OCT-04",5610000,680000
"735",1458761,0,0,3,"PSEU","MEN","MEN",12.5,0.032,"2001-OCT-04",5610000,680000
"736",1458761,0,0,4,"THUJ","PLI","",0.2,0.032,"2001-OCT-04",5610000,680000
"737",1458861,0,0,1,"PSEU","MEN","GLA",98.1,0.929,"2000-JUL-24",5590000,660000
"738",1458861,0,0,2,"JUNI","SCO","",1.9,0.071,"2000-JUL-24",5590000,660000
"739",1458861,0,1,1,"PSEU","MEN","GLA",97.9,0.926,"2014-JUN-26",5590000,660000
"740",1458861,0,1,2,"JUNI","SCO","",2.1,0.074,"2014-JUN-26",5590000,660000
"741",1458951,0,0,1,"PSEU","MEN","GLA",68,0.905,"2001-MAY-26",5550000,590000
"742",1458951,0,1,1,"PSEU","MEN","",75,0.939,"2016-JUL-12",5550000,590000
"743",1465656,0,0,1,"TSUG","HET","",65.8,0.838,"2000-SEP-15",5590000,320000
"744",1465656,0,0,2,"PSEU","MEN","MEN",27.3,0.108,"2000-SEP-15",5590000,320000
"745",1465656,0,0,3,"THUJ","PLI","",6.9,0.054,"2000-SEP-15",5590000,320000
"746",1465691,0,0,1,"ABIE","AMA","",51.6,0.524,"2001-AUG-30",5580000,460000
"747",1465691,0,0,2,"TSUG","MER","",38.4,0.429,"2001-AUG-30",5580000,460000
"748",1465691,0,0,3,"CHAM","NOO","",10,0.048,"2001-AUG-30",5580000,460000
"749",1465761,0,0,1,"PSEU","MEN","GLA",83,0.769,"2002-JUN-20",5570000,310000
"750",1465761,0,0,2,"ABIE","LAS","",17,0.231,"2002-JUN-20",5570000,310000
"751",1465761,0,1,1,"PSEU","MEN","GLA",100,1,"2015-AUG-05",5570000,310000
"752",1465781,0,0,1,"PSEU","MEN","GLA",100,1,"2003-JUL-16",5560000,390000
"753",1465781,0,1,1,"PSEU","MEN","GLA",100,1,"2015-JUL-14",5560000,390000
"754",1465821,0,0,1,"PINU","ALB","",44.8,0.458,"2003-AUG-19",5540000,550000
"755",1465821,0,0,4,"LARI","OCC","",11.8,0.083,"2003-AUG-19",5540000,550000
"756",1465821,0,0,6,"POPU","TRE","",2.2,0.042,"2003-AUG-19",5540000,550000
"757",1465841,0,0,1,"ABIE","LAS","",52.6,0.556,"2001-MAY-28",5530000,630000
"758",1465841,0,0,2,"PICE","ENG","",47.4,0.444,"2001-MAY-28",5530000,630000
"759",1465841,0,1,1,"PICE","ENG","",50.4,0.52,"2016-JUL-03",5530000,630000
"760",1465841,0,1,2,"ABIE","LAS","",49.6,0.48,"2016-JUL-03",5530000,630000
"761",1472531,0,1,1,"ABIE","AMA","",100,1,"2016-JUN-30",5570000,300000
"762",1472541,0,0,1,"ALNU","RUB","",40,0.333,"2000-SEP-16",5570000,340000
"763",1472541,0,0,2,"PSEU","MEN","MEN",32,0.333,"2000-SEP-16",5570000,340000
"764",1472541,0,0,3,"TSUG","HET","",28,0.333,"2000-SEP-16",5570000,340000
"765",1472691,0,0,1,"PSEU","MEN","GLA",51.6,0.459,"2001-MAY-30",5520000,500000
"766",1472691,0,0,2,"LARI","OCC","",45.2,0.432,"2001-MAY-30",5520000,500000
"767",1472691,0,0,3,"TSUG","HET","",2,0.054,"2001-MAY-30",5520000,500000
"768",1472691,0,0,4,"ABIE","LAS","",0.6,0.027,"2001-MAY-30",5520000,500000
"769",1472691,0,0,5,"PICE","ENG","",0.6,0.027,"2001-MAY-30",5520000,500000
"770",1472691,0,1,1,"LARI","OCC","",47.5,0.462,"2016-JUL-09",5520000,500000
"771",1472691,0,1,2,"PSEU","MEN","",47.3,0.423,"2016-JUL-09",5520000,500000
"772",1472691,0,1,3,"TSUG","HET","",4.2,0.077,"2016-JUL-09",5520000,500000
"773",1472691,0,1,4,"ABIE","LAS","",1,0.038,"2016-JUL-09",5520000,500000
"774",1472701,0,0,1,"ABIE","LAS","",48.6,0.7,"2000-SEP-11",5520000,540000
"775",1472701,0,0,2,"PINU","ALB","",30.3,0.175,"2000-SEP-11",5520000,540000
"776",1472701,0,0,3,"LARI","LYA","",21.1,0.125,"2000-SEP-11",5520000,540000
"777",1472701,0,1,1,"ABIE","LAS","",45.5,0.644,"2016-JUL-07",5520000,540000
"778",1472701,0,1,2,"PINU","ALB","",30.4,0.178,"2016-JUL-07",5520000,540000
"779",1472701,0,1,3,"LARI","LYA","",23.3,0.156,"2016-JUL-07",5520000,540000
"780",1472701,0,1,4,"PICE","ENG","",0.9,0.022,"2016-JUL-07",5520000,540000
"781",1479401,0,0,1,"PSEU","MEN","MEN",77.7,0.714,"2001-JUN-06",5550000,680000
"782",1479401,0,0,4,"TSUG","HET","",3.4,0.071,"2001-JUN-06",5550000,680000
"783",1479401,0,1,1,"PSEU","MEN","MEN",78.3,0.714,"2009-AUG-25",5550000,680000
"784",1479401,0,1,3,"TSUG","HET","",4.6,0.107,"2009-AUG-25",5550000,680000
"785",1479401,0,2,1,"PSEU","MEN","",84.3,0.76,"2016-JUN-27",5550000,680000
"786",1479406,0,0,1,"THUJ","PLI","",41.2,0.286,"2002-JUL-06",5550000,700000
"787",1479406,0,0,2,"CHAM","NOO","",37.8,0.25,"2002-JUL-06",5550000,700000
"788",1479406,0,0,3,"TSUG","HET","",17.7,0.25,"2002-JUL-06",5550000,700000
"789",1479406,0,0,4,"ABIE","AMA","",1.7,0.143,"2002-JUL-06",5550000,700000
"790",1479406,0,0,5,"TAXU","BRE","",0.8,0.036,"2002-JUL-06",5550000,700000
"791",1479406,0,0,6,"TSUG","MER","",0.8,0.036,"2002-JUL-06",5550000,700000
"792",1479406,0,1,1,"THUJ","PLI","",42.9,0.323,"2016-JUN-29",5550000,700000
"793",1479486,0,1,1,"PSEU","MEN","",92.5,0.833,"2016-AUG-08",5540000,590000
"794",1479486,0,1,2,"PINU","CON","",7.5,0.167,"2016-AUG-08",5540000,590000
"795",1479566,0,0,1,"ABIE","LAS","",83.5,0.9,"2004-JUL-28",5510000,480000
"796",1479566,0,0,2,"PINU","ALB","",15.5,0.067,"2004-JUL-28",5510000,480000
"797",1479566,0,0,3,"TSUG","MER","",1,0.033,"2004-JUL-28",5510000,480000
"798",1479566,0,1,1,"ABIE","LAS","",97.5,0.944,"2015-JUL-22",5510000,480000
"799",1479566,0,1,2,"TSUG","MER","",2.5,0.056,"2015-JUL-22",5510000,480000
"800",1479586,0,0,1,"PSEU","MEN","",97,0.813,"2002-JUL-09",5500000,560000
"801",1479586,0,0,2,"JUNI","SCO","",3,0.188,"2002-JUL-09",5500000,560000
"802",1479586,0,1,1,"PSEU","MEN","",96.8,0.786,"2016-JUN-30",5500000,560000
"803",1479586,0,1,2,"JUNI","SCO","",2.3,0.143,"2016-JUN-30",5500000,560000
"804",1479586,0,1,3,"JUNI","SPP","",0.9,0.071,"2016-JUN-30",5500000,560000
"805",1486291,0,0,3,"TSUG","HET","",11.4,0.083,"2002-JUL-16",5530000,290000
"806",1486291,0,1,3,"THUJ","PLI","",11.3,0.063,"2016-AUG-12",5530000,290000
"807",1486426,0,0,1,"PINU","CON","LAT",73.7,0.538,"2003-AUG-21",5500000,400000
"808",1486426,0,0,2,"LARI","OCC","",15.2,0.231,"2003-AUG-21",5500000,400000
"809",1486426,0,1,5,"PSEU","MEN","GLA",9.7,0.111,"2015-JUL-15",5500000,400000
"810",1486451,0,0,1,"ABIE","LAS","",96.5,0.93,"2000-SEP-08",5480000,500000
"811",1486451,0,0,2,"LARI","LYA","",3.5,0.07,"2000-SEP-08",5480000,500000
"812",1486451,0,1,1,"ABIE","LAS","",99.2,0.971,"2016-JUL-11",5480000,500000
"813",1486451,0,1,2,"LARI","LYA","",0.8,0.029,"2016-JUL-11",5480000,500000
"814",1486471,0,1,1,"PSEU","MEN","",80,0.667,"2016-JUL-02",5470000,580000
"815",1486471,0,1,2,"LARI","OCC","",20,0.333,"2016-JUL-02",5470000,580000
"816",1486476,0,0,1,"PINU","CON","LAT",75.6,0.874,"2000-SEP-12",5470000,600000
"817",1486476,0,0,2,"PSEU","MEN","GLA",23.5,0.116,"2000-SEP-12",5470000,600000
"818",1486476,0,0,3,"LARI","OCC","",0.9,0.011,"2000-SEP-12",5470000,600000
"819",1486476,0,1,1,"PINU","CON","",73.1,0.865,"2016-JUL-01",5470000,600000
"820",1486476,0,1,2,"PSEU","MEN","",25.7,0.125,"2016-JUL-01",5470000,600000
"821",1486476,0,1,3,"LARI","OCC","",1.3,0.01,"2016-JUL-01",5470000,600000
"822",1493196,0,0,1,"PSEU","MEN","MEN",92.9,0.815,"2003-JUL-05",5510000,390000
"823",1493196,0,0,2,"ARBU","MEN","",6.7,0.148,"2003-JUL-05",5510000,390000
"824",1493196,0,0,3,"PINU","CON","CON",0.4,0.037,"2003-JUL-05",5510000,390000
"825",1493241,0,0,1,"TSUG","HET","",77.4,0.648,"2001-OCT-01",5500000,570000
"826",1493241,0,0,2,"THUJ","PLI","",17.4,0.296,"2001-OCT-01",5500000,570000
"827",1493241,0,0,3,"PSEU","MEN","MEN",5.2,0.056,"2001-OCT-01",5500000,570000
"828",1493241,0,1,1,"TSUG","HET","",77,0.667,"2009-AUG-28",5500000,570000
"829",1493241,0,1,2,"THUJ","PLI","",19.4,0.313,"2009-AUG-28",5500000,570000
"830",1493241,0,1,3,"PSEU","MEN","",3.6,0.021,"2009-AUG-28",5500000,570000
"831",1493241,0,2,1,"TSUG","HET","",77.9,0.729,"2016-AUG-07",5500000,570000
"832",1493241,0,2,2,"THUJ","PLI","",18.5,0.25,"2016-AUG-07",5500000,570000
"833",1493241,0,2,3,"PSEU","MEN","",3.6,0.021,"2016-AUG-07",5500000,570000
"834",1493286,0,1,1,"PINU","PON","",100,1,"2015-AUG-11",5490000,320000
"835",1493316,0,0,1,"PICE","ENG","GLA",81.7,0.776,"2003-JUN-20",5470000,440000
"836",1493316,0,0,2,"ABIE","LAS","",15.6,0.19,"2003-JUN-20",5470000,440000
"837",1493316,0,0,3,"TSUG","HET","",2.7,0.034,"2003-JUN-20",5470000,440000
"838",1493316,0,1,1,"PICE","ENG","GLA",82.4,0.754,"2015-JUL-19",5470000,440000
"839",1493316,0,1,2,"ABIE","LAS","",15.5,0.228,"2015-JUL-19",5470000,440000
"840",1493316,0,1,3,"TSUG","HET","",2.1,0.018,"2015-JUL-19",5470000,440000
"841",1493341,0,0,1,"ABIE","LAS","",76.4,0.813,"2003-AUG-18",5460000,540000
"842",1493341,0,0,2,"PICE","ENG","GLA",15.9,0.125,"2003-AUG-18",5460000,540000
"843",1493341,0,0,3,"PSEU","MEN","GLA",7.7,0.063,"2003-AUG-18",5460000,540000
"844",1493381,0,0,1,"ABIE","LAS","",71.6,0.872,"2004-JUL-30",5440000,690000
"845",1493381,0,0,2,"LARI","LYA","",19.1,0.103,"2004-JUL-30",5440000,690000
"846",1493381,0,0,3,"PINU","ALB","",9.4,0.026,"2004-JUL-30",5440000,690000
"847",1493381,0,1,1,"ABIE","LAS","",75.5,0.9,"2016-JUL-05",5440000,690000
"848",1493381,0,1,2,"LARI","LYA","",15.6,0.075,"2016-JUL-05",5440000,690000
"849",1493381,0,1,3,"PINU","ALB","",8.9,0.025,"2016-JUL-05",5440000,690000
"850",1500046,0,0,1,"CHAM","NOO","",52.2,0.521,"2003-JUL-09",5490000,710000
"851",1500046,0,1,1,"CHAM","NOO","",55.4,0.532,"2016-AUG-05",5490000,710000
"852",1500051,0,0,3,"ABIE","AMA","",6.3,0.194,"2005-JUL-03",5490000,290000
"853",1500051,0,1,3,"ABIE","AMA","",6.8,0.189,"2016-AUG-11",5490000,290000
"854",1500066,0,0,4,"TSUG","MER","",8.6,0.032,"2002-JUL-17",5490000,350000
"855",1500066,0,1,4,"TSUG","MER","",9.1,0.03,"2016-AUG-04",5490000,350000
"856",1500201,0,0,1,"LARI","OCC","",39.2,0.393,"2002-JUL-12",5450000,450000
"857",1500201,0,0,2,"THUJ","PLI","",22.8,0.357,"2002-JUL-12",5450000,450000
"858",1500241,0,0,1,"PINU","CON","LAT",63,0.5,"2004-JUL-29",5430000,610000
"859",1500241,0,1,3,"LARI","OCC","",17.2,0.167,"2016-JUL-06",5430000,610000
"860",1506946,0,0,1,"PSEU","MEN","MEN",62.2,0.565,"2000-AUG-24",5470000,350000
"861",1506946,0,0,2,"PINU","CON","CON",27.2,0.217,"2000-AUG-24",5470000,350000
"862",1506946,0,0,3,"TSUG","HET","",8.8,0.174,"2000-AUG-24",5470000,350000
"863",1506946,0,0,4,"THUJ","PLI","",1.8,0.043,"2000-AUG-24",5470000,350000
"864",1506946,0,1,1,"PSEU","MEN","",58.4,0.595,"2016-JUN-22",5470000,350000
"865",1506946,0,1,4,"THUJ","PLI","",3.3,0.027,"2016-JUN-22",5470000,350000
"866",1506996,0,0,1,"PSEU","MEN","MEN",43.9,0.333,"2005-MAY-10",5460000,550000
"867",1506996,0,0,2,"THUJ","PLI","",28.6,0.333,"2005-MAY-10",5460000,550000
"868",1506996,0,0,3,"TSUG","HET","",27.5,0.333,"2005-MAY-10",5460000,550000
"869",1506996,0,1,3,"TSUG","HET","",21.9,0.3,"2016-AUG-09",5460000,550000
"870",1507026,0,0,1,"PINU","CON","",84.8,0.87,"2001-AUG-23",5450000,670000
"871",1507026,0,1,1,"PINU","CON","LAT",50.4,0.625,"2013-SEP-05",5450000,670000
"872",1507026,0,1,2,"PSEU","MEN","",26.4,0.25,"2013-SEP-05",5450000,670000
"873",1507026,0,1,3,"ABIE","LAS","",23.2,0.125,"2013-SEP-05",5450000,670000
"874",1507036,0,0,1,"PINU","CON","LAT",93.6,0.953,"2003-JUL-15",5450000,710000
"875",1507036,0,0,2,"PICE","ENG","",6.4,0.047,"2003-JUL-15",5450000,710000
"876",1507036,0,1,1,"PINU","CON","LAT",96.1,0.966,"2013-SEP-10",5450000,710000
"877",1507036,0,1,2,"PICE","ENG","",3.9,0.034,"2013-SEP-10",5450000,710000
"878",1507051,0,0,1,"PICE","SPP","",65.3,0.692,"2002-JUL-04",5440000,330000
"879",1507051,0,0,2,"ABIE","LAS","",34.7,0.308,"2002-JUL-04",5440000,330000
"880",1507051,0,1,1,"PICE","SPP","",68.5,0.75,"2015-AUG-08",5440000,330000
"881",1507051,0,1,2,"ABIE","LAS","",29.7,0.208,"2015-AUG-08",5440000,330000
"882",1507051,0,1,3,"PSEU","MEN","GLA",1.9,0.042,"2015-AUG-08",5440000,330000
"883",1507066,0,0,1,"PSEU","MEN","GLA",95.9,0.947,"2003-JUN-03",5440000,390000
"884",1507066,0,0,2,"LARI","OCC","",4.1,0.053,"2003-JUN-03",5440000,390000
"885",1507066,0,1,1,"PSEU","MEN","GLA",96.3,0.875,"2015-AUG-09",5440000,390000
"886",1507066,0,1,2,"BETU","PAP","",3.7,0.125,"2015-AUG-09",5440000,390000
"887",1507071,0,0,1,"PINU","PON","",61.2,0.714,"2003-JUN-27",5430000,410000
"888",1507071,0,0,2,"PSEU","MEN","GLA",38.8,0.286,"2003-JUN-27",5430000,410000
"889",1507071,0,1,1,"PINU","PON","",63.2,0.714,"2015-JUL-24",5430000,410000
"890",1507071,0,1,2,"PSEU","MEN","GLA",36.8,0.286,"2015-JUL-24",5430000,410000
"891",1513916,0,0,1,"PINU","CON","LAT",99.3,0.982,"2002-JUL-03",5430000,710000
"892",1513916,0,0,2,"PICE","SPP","",0.7,0.018,"2002-JUL-03",5430000,710000
"893",1513916,0,1,1,"PINU","CON","LAT",99.1,0.982,"2015-AUG-13",5430000,710000
"894",1513916,0,1,2,"PICE","SPP","",0.9,0.018,"2015-AUG-13",5430000,710000
"895",1520716,0,0,1,"TSUG","HET","",49.3,0.75,"2001-OCT-30",5430000,390000
"896",1520716,0,0,4,"ACER","MAC","",1.5,0.016,"2001-OCT-30",5430000,390000
"897",1520716,0,1,1,"TSUG","HET","",50.4,0.78,"2016-JUN-20",5430000,390000
"898",1520716,0,1,2,"PSEU","MEN","",24.2,0.119,"2016-JUN-20",5430000,390000
"899",1520716,0,1,3,"ALNU","RUB","",23.3,0.085,"2016-JUN-20",5430000,390000
"900",1520716,0,1,4,"ACER","MAC","",2.1,0.017,"2016-JUN-20",5430000,390000
"901",1534491,0,0,1,"PSEU","MEN","MEN",100,1,"2000-JUN-22",5380000,450000
"902",1534491,0,1,1,"PSEU","MEN","",100,1,"2009-AUG-24",5380000,450000
"903",1534491,0,2,1,"PSEU","MEN","",99.2,0.966,"2016-JUN-21",5380000,450000
"904",1534491,0,2,2,"PINU","MON","",0.8,0.034,"2016-JUN-21",5380000,450000
