"","...1","nfi_plot","loc_id","meas_num","species_num","genus","species","variety","percent","species_ltrel","meas_date","utm_n","utm_e"
"1",1,1100891,0,0,1,"ABIE","LAS",NA,64.5,0.8,"2003-JUN-30",6620000,540000
"2",2,1100891,0,0,2,"PICE","SPP",NA,35.5,0.2,"2003-JUN-30",6620000,540000
"3",3,1100891,0,1,1,"ABIE","LAS",NA,68.8,0.875,"2021-JUL-18",6620000,540000
"4",4,1100891,0,1,2,"PICE","SPP",NA,31.2,0.125,"2021-JUL-18",6620000,540000
"5",5,1100951,0,0,1,"PICE","GLA",NA,95.6,0.88,"2005-JUL-13",6640000,440000
"6",6,1100951,0,0,2,"POPU","TRE",NA,4.4,0.12,"2005-JUL-13",6640000,440000
"7",7,1100951,0,1,1,"PICE","GLA",NA,95.7,0.88,"2020-AUG-07",6640000,440000
"8",8,1100951,0,1,2,"POPU","TRE",NA,4.3,0.12,"2020-AUG-07",6640000,440000
"9",9,1100981,0,0,1,"PICE","SPP",NA,93.9,0.919,"2003-JUL-21",6640000,560000
"10",10,1100981,0,0,2,"BETU","NEO",NA,6.1,0.081,"2003-JUL-21",6640000,560000
"11",11,1100981,0,1,1,"PICE","GLA",NA,96.7,0.962,"2020-AUG-11",6640000,560000
"12",12,1100981,0,1,2,"BETU","NEO",NA,3.3,0.038,"2020-AUG-11",6640000,560000
"13",13,1100996,0,0,1,"PINU","CON",NA,84,0.769,"2003-JUL-19",6650000,620000
"14",14,1100996,0,0,2,"PICE","SPP",NA,12.7,0.192,"2003-JUL-19",6650000,620000
"15",15,1100996,0,0,3,"PICE","MAR",NA,3.3,0.038,"2003-JUL-19",6650000,620000
"16",16,1100996,0,1,1,"PINU","CON","LAT",73.3,0.629,"2020-AUG-21",6650000,620000
"17",17,1100996,0,1,2,"PICE","MAR",NA,26.7,0.371,"2020-AUG-21",6650000,620000
"18",18,1101011,0,0,1,"PICE","SPP",NA,88.4,0.857,"2003-JUL-18",6650000,340000
"19",19,1101011,0,0,2,"ABIE","LAS",NA,11.6,0.143,"2003-JUL-18",6650000,340000
"20",20,1101011,0,1,1,"PICE","GLA",NA,78.6,0.724,"2020-JUL-19",6650000,340000
"21",21,1101011,0,1,2,"ABIE","LAS",NA,21.4,0.276,"2020-JUL-19",6650000,340000
"22",22,1101036,0,0,1,"PICE","GLA",NA,97.5,0.846,"2004-AUG-16",6640000,440000
"23",23,1101036,0,0,2,"BETU","SPP",NA,2.5,0.154,"2004-AUG-16",6640000,440000
"24",24,1101036,0,1,1,"PICE","GLA",NA,87.9,0.556,"2020-JUL-18",6640000,440000
"25",26,1107841,0,0,1,"PICE","SPP",NA,85.2,0.878,"2003-JUL-16",6620000,480000
"26",27,1107841,0,0,2,"PINU","CON",NA,12.5,0.1,"2003-JUL-16",6620000,480000
"27",28,1107841,0,1,1,"PICE","MAR",NA,68.9,0.688,"2020-AUG-08",6620000,480000
"28",29,1107841,0,1,2,"PICE","GLA",NA,17.2,0.203,"2020-AUG-08",6620000,480000
"29",30,1107841,0,1,3,"PINU","CON","LAT",13.9,0.109,"2020-AUG-08",6620000,480000
"30",31,1107881,0,0,1,"PINU","CON",NA,80.7,0.864,"2001-AUG-19",6630000,640000
"31",32,1107881,0,0,2,"PICE","MAR",NA,19.3,0.136,"2001-AUG-19",6630000,640000
"32",33,1107881,0,1,1,"PINU","CON","LAT",73.3,0.777,"2020-AUG-10",6630000,640000
"33",34,1107881,0,1,2,"PICE","MAR",NA,26.7,0.223,"2020-AUG-10",6630000,640000
"34",35,1107901,0,0,1,"PICE","ENG","GLA",73.2,0.75,"2001-JUL-14",6630000,380000
"35",36,1107901,0,0,2,"ABIE","LAS",NA,26.8,0.25,"2001-JUL-14",6630000,380000
"36",37,1107901,0,1,1,"PICE","ENG","GLA",76.1,0.757,"2020-JUL-20",6630000,380000
"37",38,1107901,0,1,2,"ABIE","LAS",NA,23.9,0.243,"2020-JUL-20",6630000,380000
"38",39,1107906,0,0,1,"PICE","MAR",NA,48.9,0.732,"2004-AUG-19",6630000,4e+05
"39",40,1107906,0,0,2,"PINU","CON",NA,27,0.146,"2004-AUG-19",6630000,4e+05
"40",41,1107906,0,0,3,"BETU","PAP",NA,24.1,0.122,"2004-AUG-19",6630000,4e+05
"41",42,1107906,0,1,1,"PICE","MAR",NA,54.4,0.742,"2020-JUL-23",6630000,4e+05
"42",43,1107906,0,1,2,"BETU","PAP",NA,28.6,0.129,"2020-JUL-23",6630000,4e+05
"43",44,1107906,0,1,3,"PINU","CON",NA,16.3,0.097,"2020-JUL-23",6630000,4e+05
"44",45,1107906,0,1,4,"ABIE","LAS",NA,0.8,0.032,"2020-JUL-23",6630000,4e+05
"45",46,1107921,0,0,1,"PICE","MAR",NA,72.7,0.875,"2001-JUL-16",6620000,460000
"46",47,1107921,0,0,2,"LARI","LAR",NA,27.3,0.125,"2001-JUL-16",6620000,460000
"47",48,1107921,0,1,1,"PICE","MAR",NA,64.6,0.857,"2020-JUL-15",6620000,460000
"48",49,1107921,0,1,2,"LARI","LAR",NA,35.4,0.143,"2020-JUL-15",6620000,460000
"49",50,1114666,0,0,1,"PICE","SPP",NA,100,1,"2002-JUL-30",6590000,6e+05
"50",51,1114666,0,1,1,"PICE","ENG","GLA",100,1,"2021-JUL-21",6590000,6e+05
"51",52,1114726,0,0,1,"PINU","CON",NA,80.9,0.757,"2002-JUL-28",6600000,5e+05
"52",53,1114726,0,0,2,"PICE","SPP",NA,19.1,0.243,"2002-JUL-28",6600000,5e+05
"53",54,1114726,0,1,1,"PINU","CON","LAT",74.4,0.722,"2020-AUG-09",6600000,5e+05
"54",55,1114726,0,1,2,"PICE","GLA",NA,24.8,0.259,"2020-AUG-09",6600000,5e+05
"55",56,1114726,0,1,3,"PICE","MAR",NA,0.8,0.019,"2020-AUG-09",6600000,5e+05
"56",58,1114741,0,0,1,"PICE","MAR",NA,91.4,0.937,"2005-JUL-09",6600000,560000
"57",59,1114741,0,0,2,"POPU","BAL",NA,5.4,0.048,"2005-JUL-09",6600000,560000
"58",60,1114741,0,0,3,"PINU","CON","LAT",3.2,0.016,"2005-JUL-09",6600000,560000
"59",61,1114741,0,1,1,"PICE","MAR",NA,79.1,0.76,"2020-AUG-17",6600000,560000
"60",62,1114741,0,1,2,"POPU","BAL",NA,15.3,0.18,"2020-AUG-17",6600000,560000
"61",63,1114761,0,0,1,"PICE","GLA",NA,65.2,0.563,"2005-JUL-07",6610000,640000
"62",64,1114761,0,0,2,"BETU","PAP",NA,17.5,0.25,"2005-JUL-07",6610000,640000
"63",65,1114761,0,0,3,"PICE","MAR",NA,10.3,0.125,"2005-JUL-07",6610000,640000
"64",66,1114761,0,1,1,"PICE","GLA",NA,76.8,0.778,"2020-AUG-12",6610000,640000
"65",69,1114846,0,0,1,"POPU","TRE",NA,81,0.776,"2002-JUL-15",6600000,640000
"66",70,1114846,0,0,2,"PICE","GLA",NA,19,0.224,"2002-JUL-15",6600000,640000
"67",71,1114846,0,1,1,"POPU","TRE",NA,62.1,0.55,"2019-JUL-15",6600000,640000
"68",72,1114846,0,1,2,"PICE","GLA",NA,37.2,0.433,"2019-JUL-15",6600000,640000
"69",73,1114846,0,1,3,"PSEU","MEN","GLA",0.7,0.017,"2019-JUL-15",6600000,640000
"70",74,1121576,0,0,1,"ABIE","LAS",NA,100,1,"2001-AUG-21",6580000,380000
"71",75,1121576,0,1,1,"ABIE","LAS",NA,100,1,"2021-AUG-17",6580000,380000
"72",76,1121621,0,0,1,"PICE","GLA",NA,73.1,0.722,"2001-AUG-24",6580000,560000
"73",77,1121621,0,0,2,"PINU","CON",NA,26.9,0.278,"2001-AUG-24",6580000,560000
"74",78,1121621,0,1,1,"PICE","GLA",NA,79.7,0.704,"2020-AUG-19",6580000,560000
"75",79,1121621,0,1,2,"PINU","CON","LAT",18.7,0.222,"2020-AUG-19",6580000,560000
"76",80,1121621,0,1,3,"PICE","MAR",NA,1.6,0.074,"2020-AUG-19",6580000,560000
"77",82,1128496,0,0,1,"PICE","SPP",NA,100,1,"2002-JUL-27",6560000,540000
"78",83,1128496,0,1,1,"PICE","GLA",NA,100,1,"2020-AUG-14",6560000,540000
"79",86,1128606,0,0,1,"PICE","MAR",NA,100,1,"2002-JUL-09",6560000,640000
"80",87,1128606,0,1,1,"PICE","MAR",NA,100,1,"2019-JUL-02",6560000,640000
"81",88,1128611,0,0,1,"POPU","TRE",NA,82.9,0.945,"2002-JUL-13",6560000,660000
"82",89,1128611,0,1,1,"POPU","TRE",NA,73.7,0.85,"2019-JUL-04",6560000,660000
"83",90,1135306,0,0,1,"ABIE","LAS",NA,100,1,"2003-JUL-23",6530000,610000
"84",91,1135306,0,1,1,"ABIE","LAS",NA,100,1,"2021-JUL-20",6530000,610000
"85",92,1135321,0,0,1,"ABIE","LAS",NA,100,1,"2003-JUL-25",6530000,670000
"86",93,1135321,0,1,1,"ABIE","LAS",NA,100,1,"2021-JUL-19",6530000,670000
"87",94,1135396,0,0,1,"PICE","MAR",NA,57.8,0.667,"2002-JUL-31",6550000,620000
"88",95,1135396,0,0,2,"PICE","SPP",NA,32.6,0.222,"2002-JUL-31",6550000,620000
"89",96,1135396,0,0,3,"PINU","CON",NA,9.6,0.111,"2002-JUL-31",6550000,620000
"90",97,1135396,0,1,1,"PICE","MAR",NA,51.2,0.643,"2020-AUG-13",6550000,620000
"91",98,1135396,0,1,2,"PICE","GLA",NA,48.8,0.357,"2020-AUG-13",6550000,620000
"92",99,1135431,0,0,1,"PICE","MAR",NA,100,1,"2000-AUG-26",6550000,420000
"93",100,1135431,0,1,1,"PICE","MAR",NA,100,1,"2020-JUL-04",6550000,420000
"94",101,1135451,0,0,1,"PICE","MAR",NA,96.2,0.966,"2004-AUG-27",6540000,5e+05
"95",102,1135451,0,0,2,"PICE","GLA",NA,3.8,0.034,"2004-AUG-27",6540000,5e+05
"96",103,1135451,0,1,1,"PICE","MAR",NA,96.7,0.978,"2019-JUN-26",6540000,5e+05
"97",104,1135451,0,1,2,"PICE","GLA",NA,3.3,0.022,"2019-JUN-26",6540000,5e+05
"98",105,1135456,0,0,1,"PICE","GLA",NA,85.4,0.615,"2004-AUG-11",6540000,520000
"99",106,1135456,0,0,2,"PICE","MAR",NA,7,0.154,"2004-AUG-11",6540000,520000
"100",107,1135456,0,0,5,"BETU","SPP",NA,1.3,0.077,"2004-AUG-11",6540000,520000
"101",108,1135456,0,1,1,"PICE","GLA",NA,83.1,0.615,"2019-JUL-07",6540000,520000
"102",109,1135456,0,1,2,"PICE","MAR",NA,7.8,0.154,"2019-JUL-07",6540000,520000
"103",110,1135471,0,0,1,"LARI","LAR",NA,100,1,"2003-JUN-16",6540000,580000
"104",111,1135471,0,1,1,"LARI","LAR",NA,100,1,"2019-JUL-22",6540000,580000
"105",112,1142211,0,0,1,"PICE","SPP",NA,100,1,"2003-JUN-24",6520000,360000
"106",113,1142211,0,1,1,"PICE","ENG","GLA",100,1,"2021-AUG-16",6520000,360000
"107",116,1142316,0,0,1,"PINU","CON","LAT",100,1,"2003-JUL-30",6530000,440000
"108",117,1142316,0,1,1,"PICE","MAR",NA,62.7,0.778,"2020-JUL-06",6530000,440000
"109",118,1142316,0,1,2,"PINU","CON",NA,37.3,0.222,"2020-JUL-06",6530000,440000
"110",119,1142331,0,0,1,"PICE","MAR",NA,92.5,0.929,"2004-AUG-14",6520000,5e+05
"111",120,1142331,0,0,2,"LARI","LAR",NA,7.5,0.071,"2004-AUG-14",6520000,5e+05
"112",121,1142331,0,1,1,"PICE","MAR",NA,91.8,0.944,"2019-JUL-06",6520000,5e+05
"113",122,1142331,0,1,2,"LARI","LAR",NA,8.2,0.056,"2019-JUL-06",6520000,5e+05
"114",123,1142341,0,0,1,"BETU","PAP",NA,83.9,0.5,"2004-AUG-20",6520000,540000
"115",124,1142341,0,0,2,"PICE","GLA",NA,16.1,0.5,"2004-AUG-20",6520000,540000
"116",125,1142341,0,1,1,"BETU","PAP",NA,65.6,0.5,"2019-JUL-23",6520000,540000
"117",126,1142341,0,1,2,"PICE","GLA",NA,34.4,0.5,"2019-JUL-23",6520000,540000
"118",127,1149076,0,0,1,"ABIE","LAS",NA,100,1,"2001-AUG-23",6490000,650000
"119",128,1149076,0,1,1,"ABIE","LAS",NA,100,1,"2021-JUL-22",6490000,650000
"120",129,1149111,0,0,1,"PICE","SPP",NA,90.4,0.773,"2003-JUL-26",6500000,440000
"121",130,1149111,0,0,2,"ABIE","LAS",NA,9.6,0.227,"2003-JUL-26",6500000,440000
"122",131,1149111,0,1,1,"PICE","SPP",NA,80.2,0.654,"2021-AUG-18",6500000,440000
"123",132,1149111,0,1,2,"ABIE","LAS",NA,19.8,0.346,"2021-AUG-18",6500000,440000
"124",133,1149116,0,0,1,"ABIE","LAS",NA,95.8,0.973,"2002-JUL-23",6500000,460000
"125",134,1149116,0,0,2,"PICE","SPP",NA,4.2,0.027,"2002-JUL-23",6500000,460000
"126",135,1149116,0,1,1,"ABIE","LAS",NA,95.6,0.971,"2021-JUL-16",6500000,460000
"127",136,1149116,0,1,2,"PICE","SPP",NA,4.4,0.029,"2021-JUL-16",6500000,460000
"128",137,1149246,0,0,1,"LARI","LAR",NA,100,1,"2001-JUL-19",6500000,640000
"129",138,1149246,0,1,1,"LARI","LAR",NA,100,1,"2019-JUL-11",6500000,640000
"130",139,1156121,0,0,1,"PICE","MAR",NA,57.7,0.78,"2003-JUN-18",6480000,610000
"131",140,1156121,0,0,2,"LARI","LAR",NA,27.5,0.146,"2003-JUN-18",6480000,610000
"132",141,1156121,0,0,3,"PICE","GLA",NA,14.8,0.073,"2003-JUN-18",6480000,610000
"133",142,1156121,0,1,1,"PICE","MAR",NA,52.8,0.783,"2019-JUL-12",6480000,610000
"134",143,1156121,0,1,2,"LARI","LAR",NA,29.7,0.13,"2019-JUL-12",6480000,610000
"135",144,1156121,0,1,3,"PICE","GLA",NA,16.8,0.065,"2019-JUL-12",6480000,610000
"136",145,1156121,0,1,4,"BETU","NEO",NA,0.7,0.022,"2019-JUL-12",6480000,610000
"137",146,1162841,0,0,1,"ABIE","LAS",NA,100,1,"2003-JUN-26",6460000,330000
"138",147,1162841,0,1,1,"ABIE","LAS",NA,100,1,"2020-JUL-15",6460000,330000
"139",148,1162966,0,0,1,"PICE","MAR",NA,58.2,0.581,"2004-AUG-24",6460000,470000
"140",149,1162966,0,0,2,"ABIE","LAS",NA,31.8,0.29,"2004-AUG-24",6460000,470000
"141",150,1162966,0,0,3,"PICE","GLA",NA,10,0.129,"2004-AUG-24",6460000,470000
"142",151,1162966,0,1,1,"PICE","MAR",NA,51.4,0.574,"2020-JUL-07",6460000,470000
"143",152,1162966,0,1,2,"ABIE","LAS",NA,38.1,0.295,"2020-JUL-07",6460000,470000
"144",153,1162966,0,1,3,"PICE","GLA",NA,10.5,0.131,"2020-JUL-07",6460000,470000
"145",156,1163006,0,0,1,"LARI","LAR",NA,63.1,0.647,"2001-JUL-19",6460000,630000
"146",157,1163006,0,0,2,"PICE","MAR",NA,36.9,0.353,"2001-JUL-19",6460000,630000
"147",158,1163006,0,1,1,"LARI","LAR",NA,66.3,0.733,"2019-JUL-17",6460000,630000
"148",159,1163006,0,1,2,"PICE","MAR",NA,33.7,0.267,"2019-JUL-17",6460000,630000
"149",162,1169811,0,0,1,"ABIE","LAS",NA,60.5,0.433,"2003-JUL-24",6450000,330000
"150",163,1169811,0,0,2,"PICE","ENG","GLA",25.7,0.367,"2003-JUL-24",6450000,330000
"151",164,1169811,0,0,3,"PINU","CON","LAT",13.9,0.2,"2003-JUL-24",6450000,330000
"152",165,1169811,0,1,3,"PINU","CON",NA,10.6,0.148,"2018-JUL-17",6450000,330000
"153",166,1176611,0,0,1,"POPU","TRE",NA,55.2,0.75,"2002-AUG-01",6420000,370000
"154",167,1176611,0,1,1,"POPU","TRE",NA,56.3,0.684,"2021-AUG-07",6420000,370000
"155",168,1176651,0,0,1,"PICE","MAR",NA,100,1,"2001-AUG-18",6420000,530000
"156",169,1176651,0,1,1,"PICE","MAR",NA,100,1,"2021-AUG-04",6420000,530000
"157",170,1176656,0,0,1,"ABIE","LAS",NA,100,1,"2003-JUN-27",6420000,550000
"158",171,1176656,0,1,1,"ABIE","LAS",NA,100,1,"2021-JUL-31",6420000,550000
"159",173,1183516,0,0,1,"PICE","ENG","GLA",59.6,0.579,"2005-JUL-18",6400000,470000
"160",174,1183516,0,0,2,"POPU","TRE",NA,33.5,0.316,"2005-JUL-18",6400000,470000
"161",175,1183516,0,0,3,"ABIE","LAS",NA,6.9,0.105,"2005-JUL-18",6400000,470000
"162",176,1183516,0,1,1,"PICE","ENG","GLA",51.6,0.429,"2021-JUL-29",6400000,470000
"163",177,1183601,0,0,1,"PICE","GLA",NA,83.9,0.934,"2003-JUN-21",6400000,450000
"164",178,1183601,0,0,2,"POPU","BAL",NA,16.1,0.066,"2003-JUN-21",6400000,450000
"165",179,1183601,0,1,1,"PICE","GLA",NA,85.3,0.931,"2019-JUL-20",6400000,450000
"166",180,1183601,0,1,2,"POPU","BAL",NA,14.7,0.069,"2019-JUL-20",6400000,450000
"167",181,1190376,0,0,1,"PICE","SPP",NA,87.2,0.775,"2002-JUL-24",6380000,390000
"168",182,1190376,0,0,2,"POPU","BAL",NA,12.8,0.225,"2002-JUL-24",6380000,390000
"169",183,1190376,0,1,1,"PICE","SPP",NA,88.4,0.75,"2021-AUG-02",6380000,390000
"170",184,1190376,0,1,2,"POPU","BAL",NA,11.6,0.25,"2021-AUG-02",6380000,390000
"171",185,1190456,0,0,1,"PICE","ENG","GLA",86.1,0.679,"2003-JUL-25",6390000,350000
"172",186,1190456,0,0,2,"ABIE","LAS",NA,11.4,0.286,"2003-JUL-25",6390000,350000
"173",187,1190456,0,0,3,"PINU","CON","LAT",2.5,0.036,"2003-JUL-25",6390000,350000
"174",188,1190456,0,1,1,"PICE","ENG","GLA",86.4,0.621,"2018-JUL-14",6390000,350000
"175",189,1190456,0,1,2,"ABIE","LAS",NA,13.6,0.379,"2018-JUL-14",6390000,350000
"176",190,1197411,0,0,1,"PICE","MAR",NA,100,1,"2001-JUL-24",6360000,650000
"177",191,1197411,0,1,1,"PICE","MAR",NA,66.5,0.667,"2019-SEP-08",6360000,650000
"178",192,1197411,0,1,2,"LARI","LAR",NA,33.5,0.333,"2019-SEP-08",6360000,650000
"179",195,1204261,0,0,1,"PICE","MAR",NA,100,1,"2003-JUN-26",6340000,530000
"180",196,1204261,0,1,1,"PICE","MAR",NA,98.7,0.983,"2019-JUL-26",6340000,530000
"181",197,1204261,0,1,2,"PICE","GLA",NA,1.3,0.017,"2019-JUL-26",6340000,530000
"182",198,1204271,0,0,1,"PINU","CON","LAT",93.3,0.846,"2002-JUL-21",6340000,570000
"183",199,1204271,0,0,2,"PICE","GLA",NA,4.1,0.077,"2002-JUL-21",6340000,570000
"184",200,1204271,0,0,3,"PICE","MAR",NA,2.6,0.077,"2002-JUL-21",6340000,570000
"185",201,1204271,0,1,1,"PICE","MAR",NA,47.9,0.571,"2019-JUL-27",6340000,570000
"186",202,1204271,0,1,2,"PICE","GLA",NA,36.4,0.286,"2019-JUL-27",6340000,570000
"187",203,1204271,0,1,3,"PINU","CON",NA,15.7,0.143,"2019-JUL-27",6340000,570000
"188",206,1204281,0,0,1,"POPU","TRE",NA,74.3,0.773,"2001-JUL-25",6340000,610000
"189",207,1204281,0,0,2,"PICE","GLA",NA,19.2,0.213,"2001-JUL-25",6340000,610000
"190",208,1204281,0,0,3,"PINU","CON",NA,6.5,0.013,"2001-JUL-25",6340000,610000
"191",209,1204281,0,1,1,"POPU","TRE",NA,61.5,0.6,"2019-JUL-23",6340000,610000
"192",210,1204281,0,1,2,"PICE","GLA",NA,33,0.386,"2019-JUL-23",6340000,610000
"193",211,1204281,0,1,3,"PINU","CON",NA,5.4,0.014,"2019-JUL-23",6340000,610000
"194",212,1211016,0,0,1,"ABIE","LAS",NA,100,1,"2002-JUL-25",6320000,390000
"195",213,1211016,0,1,1,"ABIE","LAS",NA,100,1,"2021-AUG-16",6320000,390000
"196",214,1211056,0,0,1,"ABIE","LAS",NA,98.4,0.982,"2005-JUL-17",6320000,550000
"197",215,1211056,0,0,2,"PICE","ENG",NA,1.6,0.018,"2005-JUL-17",6320000,550000
"198",216,1211056,0,1,1,"ABIE","LAS",NA,97.8,0.981,"2018-JUL-12",6320000,550000
"199",217,1211056,0,1,2,"PICE","ENG",NA,2.2,0.019,"2018-JUL-12",6320000,550000
"200",218,1211116,0,0,1,"PICE","ENG",NA,64.1,0.613,"2005-JUN-18",6330000,430000
"201",219,1211116,0,0,2,"ABIE","LAS",NA,35.9,0.387,"2005-JUN-18",6330000,430000
"202",220,1211116,0,1,1,"PICE","ENG",NA,61.5,0.613,"2018-JUL-15",6330000,430000
"203",221,1211116,0,1,2,"ABIE","LAS",NA,38.5,0.387,"2018-JUL-15",6330000,430000
"204",222,1217986,0,0,1,"ABIE","LAS",NA,89.4,0.867,"2003-JUL-27",6310000,390000
"205",223,1217986,0,0,2,"PINU","CON","LAT",9.8,0.1,"2003-JUL-27",6310000,390000
"206",224,1217986,0,0,3,"PICE","ENG","GLA",0.8,0.033,"2003-JUL-27",6310000,390000
"207",225,1217986,0,1,1,"ABIE","LAS",NA,97.5,0.947,"2018-JUL-21",6310000,390000
"208",226,1217986,0,1,2,"PICE","ENG","GLA",1.3,0.026,"2018-JUL-21",6310000,390000
"209",227,1217986,0,1,3,"PINU","CON",NA,1.3,0.026,"2018-JUL-21",6310000,390000
"210",228,1217991,0,0,1,"ABIE","LAS",NA,82.7,0.898,"2003-JUN-23",6310000,410000
"211",229,1217991,0,0,2,"PICE","ENG","GLA",11.8,0.061,"2003-JUN-23",6310000,410000
"212",230,1217991,0,0,3,"PINU","CON","LAT",5.4,0.041,"2003-JUN-23",6310000,410000
"213",231,1217991,0,1,1,"ABIE","LAS",NA,87.2,0.929,"2018-JUL-18",6310000,410000
"214",232,1217991,0,1,2,"PICE","ENG","GLA",12.8,0.071,"2018-JUL-18",6310000,410000
"215",233,1217996,0,0,1,"PICE","GLA",NA,98.7,0.95,"2002-AUG-18",6310000,430000
"216",234,1217996,0,0,2,"ABIE","LAS",NA,1.3,0.05,"2002-AUG-18",6310000,430000
"217",235,1217996,0,1,1,"PICE","GLA",NA,98.3,0.923,"2018-JUL-11",6310000,430000
"218",236,1217996,0,1,2,"ABIE","LAS",NA,1.7,0.077,"2018-JUL-11",6310000,430000
"219",237,1224876,0,0,1,"ABIE","LAS",NA,96.1,0.976,"2005-JUN-19",6290000,430000
"220",238,1224876,0,0,2,"ABIE","AMA",NA,3.9,0.024,"2005-JUN-19",6290000,430000
"221",239,1224876,0,1,1,"ABIE","LAS",NA,100,1,"2018-JUL-13",6290000,430000
"222",240,1224886,0,0,1,"PICE","ENG","GLA",96.1,0.973,"2002-JUL-06",6280000,470000
"223",241,1224886,0,0,2,"ABIE","LAS",NA,3.9,0.027,"2002-JUL-06",6280000,470000
"224",242,1224886,0,1,1,"PICE","ENG","GLA",94.6,0.97,"2019-JUL-28",6280000,470000
"225",243,1224886,0,1,2,"ABIE","LAS",NA,5.4,0.03,"2019-JUL-28",6280000,470000
"226",244,1224896,0,0,3,"PINU","CON","LAT",12.4,0.094,"2002-AUG-08",6280000,510000
"227",245,1224896,0,0,4,"POPU","BAL",NA,2.7,0.047,"2002-AUG-08",6280000,510000
"228",246,1224896,0,1,1,"PICE","ENG","GLA",52.7,0.64,"2019-JUL-29",6280000,510000
"229",247,1224896,0,1,2,"POPU","TRE",NA,29.9,0.18,"2019-JUL-29",6280000,510000
"230",248,1224896,0,1,3,"PINU","CON",NA,15.1,0.14,"2019-JUL-29",6280000,510000
"231",249,1224896,0,1,4,"POPU","BAL",NA,2.2,0.04,"2019-JUL-29",6280000,510000
"232",250,1224916,0,0,1,"PICE","ENG","GLA",78.5,0.694,"2003-JUN-24",6280000,590000
"233",251,1224916,0,0,2,"POPU","TRE",NA,16.9,0.25,"2003-JUN-24",6280000,590000
"234",252,1224916,0,0,3,"BETU","NEO",NA,4.6,0.056,"2003-JUN-24",6280000,590000
"235",253,1224916,0,1,1,"PICE","GLA",NA,77.1,0.69,"2019-JUL-22",6280000,590000
"236",254,1224916,0,1,2,"POPU","TRE",NA,20,0.276,"2019-JUL-22",6280000,590000
"237",255,1224916,0,1,3,"BETU","NEO",NA,2.8,0.034,"2019-JUL-22",6280000,590000
"238",258,1231761,0,0,1,"PICE","ENG","GLA",70.2,0.698,"2000-AUG-01",6260000,450000
"239",259,1231761,0,0,2,"POPU","BAL",NA,17.8,0.209,"2000-AUG-01",6260000,450000
"240",260,1231761,0,1,1,"PICE","ENG","GLA",60.5,1,"2018-JUL-20",6260000,450000
"241",261,1231781,0,0,1,"PINU","CON","LAT",62,0.674,"2002-JUL-18",6260000,530000
"242",262,1231781,0,0,2,"PICE","GLA",NA,26.8,0.209,"2002-JUL-18",6260000,530000
"243",263,1231781,0,0,3,"POPU","TRE",NA,10,0.07,"2002-JUL-18",6260000,530000
"244",264,1231781,0,0,4,"BETU","PAP",NA,1.2,0.047,"2002-JUL-18",6260000,530000
"245",265,1231781,0,1,1,"PICE","GLA",NA,56.2,0.538,"2019-JUL-24",6260000,530000
"246",266,1238556,0,0,1,"ABIE","LAS",NA,94.2,0.588,"2003-JUL-03",6240000,480000
"247",267,1238556,0,0,2,"TSUG","MER",NA,4.9,0.353,"2003-JUL-03",6240000,480000
"248",268,1238556,0,0,3,"TSUG","HET",NA,0.9,0.059,"2003-JUL-03",6240000,480000
"249",269,1238556,0,1,1,"ABIE","LAS",NA,92,0.5,"2021-AUG-10",6240000,480000
"250",270,1238556,0,1,2,"TSUG","MER",NA,5.9,0.389,"2021-AUG-10",6240000,480000
"251",271,1238556,0,1,3,"TSUG","HET",NA,2.2,0.111,"2021-AUG-10",6240000,480000
"252",272,1245451,0,0,1,"ABIE","LAS",NA,76.8,0.705,"2002-AUG-03",6220000,540000
"253",273,1245451,0,0,2,"TSUG","MER",NA,23.2,0.295,"2002-AUG-03",6220000,540000
"254",274,1245451,0,1,1,"ABIE","LAS",NA,72.3,0.674,"2021-AUG-12",6220000,540000
"255",275,1245451,0,1,2,"TSUG","MER",NA,27.7,0.326,"2021-AUG-12",6220000,540000
"256",276,1245481,0,0,1,"ABIE","LAS",NA,99.6,0.98,"2002-AUG-16",6230000,660000
"257",277,1245481,0,0,2,"PICE","ENG",NA,0.4,0.02,"2002-AUG-16",6230000,660000
"258",278,1245481,0,1,1,"ABIE","LAS",NA,99.6,0.976,"2017-JUL-24",6230000,660000
"259",279,1245481,0,1,2,"PICE","ENG",NA,0.4,0.024,"2017-JUL-24",6230000,660000
"260",280,1245546,0,0,1,"PICE","MAR",NA,64.6,0.781,"2000-JUL-30",6220000,540000
"261",281,1245546,0,0,2,"PICE","GLA",NA,27.9,0.141,"2000-JUL-30",6220000,540000
"262",282,1245546,0,0,3,"POPU","BAL",NA,5.9,0.047,"2000-JUL-30",6220000,540000
"263",283,1245546,0,0,4,"BETU","PAP",NA,0.8,0.016,"2000-JUL-30",6220000,540000
"264",284,1245546,0,0,5,"PICE","ENG","GLA",0.8,0.016,"2000-JUL-30",6220000,540000
"265",285,1245546,0,1,3,"POPU","BAL",NA,11.2,0.125,"2019-SEP-10",6220000,540000
"266",286,1245546,0,1,4,"BETU","PAP",NA,4.1,0.075,"2019-SEP-10",6220000,540000
"267",287,1245546,0,1,5,"POPU","TRE",NA,0.6,0.025,"2019-SEP-10",6220000,540000
"268",288,1245561,0,0,1,"POPU","TRE",NA,100,1,"2005-JUN-13",6220000,6e+05
"269",289,1245561,0,1,1,"POPU","TRE",NA,100,1,"2019-SEP-05",6220000,6e+05
"270",290,1252421,0,0,1,"PINU","CON",NA,86.5,0.754,"2005-JUN-26",6200000,520000
"271",291,1252421,0,0,2,"ABIE","LAS",NA,7.4,0.123,"2005-JUN-26",6200000,520000
"272",292,1252421,0,0,3,"PICE","ENG",NA,6,0.123,"2005-JUN-26",6200000,520000
"273",293,1252421,0,1,3,"PINU","CON",NA,28.3,0.227,"2019-SEP-09",6200000,520000
"274",297,1259261,0,0,1,"PINU","CON","LAT",74.5,0.609,"2002-AUG-21",6190000,360000
"275",298,1259261,0,1,5,"ABIE","LAS",NA,2.1,0.077,"2018-JUL-04",6190000,360000
"276",299,1259296,0,0,1,"ABIE","LAS",NA,100,1,"2001-JUN-17",6180000,5e+05
"277",300,1259296,0,1,1,"ABIE","LAS",NA,100,1,"2018-JUL-09",6180000,5e+05
"278",301,1259336,0,0,1,"POPU","TRE",NA,97.2,0.913,"2001-JUL-30",6180000,660000
"279",302,1259336,0,1,1,"POPU","TRE",NA,96.7,0.84,"2019-SEP-07",6180000,660000
"280",303,1259336,0,1,2,"BETU","NEO",NA,2.7,0.12,"2019-SEP-07",6180000,660000
"281",304,1259336,0,1,3,"PICE","GLA",NA,0.6,0.04,"2019-SEP-07",6180000,660000
"282",317,1273001,0,0,1,"PICE","SPP",NA,65.6,0.55,"2002-JUL-09",6150000,660000
"283",318,1273001,0,0,2,"ABIE","LAS",NA,29.2,0.4,"2002-JUL-09",6150000,660000
"284",319,1273001,0,0,3,"PINU","CON",NA,5.1,0.05,"2002-JUL-09",6150000,660000
"285",320,1273001,0,1,1,"PICE","ENG","GLA",66.5,0.55,"2017-AUG-18",6150000,660000
"286",321,1273001,0,1,2,"ABIE","LAS",NA,28.7,0.4,"2017-AUG-18",6150000,660000
"287",322,1273001,0,1,3,"PINU","CON","LAT",4.8,0.05,"2017-AUG-18",6150000,660000
"288",323,1273031,0,0,1,"PICE","ENG","GLA",56.5,0.514,"2003-AUG-28",6150000,4e+05
"289",324,1273031,0,0,2,"PINU","CON","LAT",33.6,0.324,"2003-AUG-28",6150000,4e+05
"290",325,1273031,0,0,3,"ABIE","LAS",NA,9.9,0.162,"2003-AUG-28",6150000,4e+05
"291",326,1273031,0,1,1,"PICE","ENG","GLA",62.6,0.528,"2018-JUL-08",6150000,4e+05
"292",327,1273031,0,1,2,"ABIE","LAS",NA,19.9,0.306,"2018-JUL-08",6150000,4e+05
"293",328,1273031,0,1,3,"PINU","CON",NA,17.4,0.167,"2018-JUL-08",6150000,4e+05
"294",329,1279861,0,0,1,"TSUG","HET",NA,58.7,0.536,"2004-JUN-28",6130000,580000
"295",330,1279861,0,0,2,"THUJ","PLI",NA,21.9,0.429,"2004-JUN-28",6130000,580000
"296",331,1279861,0,0,3,"POPU","TRI",NA,19.4,0.036,"2004-JUN-28",6130000,580000
"297",332,1279861,0,1,1,"TSUG","HET",NA,59.9,0.52,"2017-JUL-22",6130000,580000
"298",333,1279861,0,1,2,"THUJ","PLI",NA,20.9,0.44,"2017-JUL-22",6130000,580000
"299",334,1279861,0,1,3,"POPU","TRI",NA,19.2,0.04,"2017-JUL-22",6130000,580000
"300",335,1279876,0,0,1,"ABIE","LAS",NA,100,1,"2003-AUG-18",6130000,640000
"301",336,1279876,0,1,1,"ABIE","LAS",NA,100,1,"2017-JUL-12",6130000,640000
"302",337,1279961,0,0,1,"PINU","CON",NA,93.7,0.875,"2000-JUL-28",6120000,6e+05
"303",338,1279961,0,0,2,"PICE","SPP",NA,3.3,0.083,"2000-JUL-28",6120000,6e+05
"304",339,1279961,0,0,3,"ABIE","LAS",NA,1.9,0.042,"2000-JUL-28",6120000,6e+05
"305",340,1279961,0,1,2,"PICE","ENG",NA,31.9,0.4,"2018-JUL-07",6120000,6e+05
"306",341,1279966,0,0,1,"PINU","CON","LAT",69.6,0.637,"2003-JUL-15",6120000,620000
"307",342,1279966,0,0,2,"PICE","ENG","GLA",20,0.22,"2003-JUL-15",6120000,620000
"308",343,1279966,0,0,3,"PICE","MAR",NA,6.9,0.099,"2003-JUL-15",6120000,620000
"309",344,1279966,0,0,4,"ABIE","LAS",NA,3,0.033,"2003-JUL-15",6120000,620000
"310",345,1279966,0,0,5,"POPU","TRE",NA,0.5,0.011,"2003-JUL-15",6120000,620000
"311",346,1279966,0,1,1,"PINU","CON",NA,56.7,0.526,"2018-JUL-06",6120000,620000
"312",347,1279966,0,1,2,"PICE","ENG",NA,27.1,0.276,"2018-JUL-06",6120000,620000
"313",348,1279966,0,1,3,"PICE","MAR",NA,8.2,0.118,"2018-JUL-06",6120000,620000
"314",349,1279966,0,1,4,"ABIE","LAS",NA,3.9,0.039,"2018-JUL-06",6120000,620000
"315",350,1279966,0,1,7,"POPU","TRE",NA,0.8,0.013,"2018-JUL-06",6120000,620000
"316",351,1286741,0,0,1,"TSUG","HET",NA,47.1,0.509,"2003-JUL-22",6110000,580000
"317",352,1286741,0,0,4,"THUJ","PLI",NA,7.5,0.094,"2003-JUL-22",6110000,580000
"318",353,1286741,0,0,5,"POPU","BAL",NA,3.7,0.019,"2003-JUL-22",6110000,580000
"319",354,1286741,0,1,1,"THUJ","PLI",NA,46.1,0.455,"2017-JUL-20",6110000,580000
"320",355,1286741,0,1,3,"PINU","CON",NA,16.9,0.182,"2017-JUL-20",6110000,580000
"321",361,1293686,0,0,1,"ABIE","LAS",NA,79,0.75,"2002-AUG-20",6080000,460000
"322",362,1293686,0,0,2,"PICE","ENG",NA,14.9,0.214,"2002-AUG-20",6080000,460000
"323",363,1293686,0,0,3,"PINU","CON","LAT",6.1,0.036,"2002-AUG-20",6080000,460000
"324",364,1293686,0,1,1,"ABIE","LAS",NA,76.3,0.758,"2018-JUL-24",6080000,460000
"325",365,1293686,0,1,2,"PICE","ENG",NA,18.7,0.212,"2018-JUL-24",6080000,460000
"326",366,1293686,0,1,3,"PINU","CON","LAT",5.1,0.03,"2018-JUL-24",6080000,460000
"327",367,1293691,0,0,1,"ABIE","LAS",NA,100,1,"2002-AUG-19",6080000,480000
"328",368,1293691,0,1,1,"ABIE","LAS",NA,100,1,"2014-AUG-29",6080000,480000
"329",369,1293696,0,0,1,"PICE","ENG","GLA",36.7,0.578,"2001-JUN-18",6080000,5e+05
"330",370,1293696,0,0,4,"POPU","TRE",NA,11.3,0.089,"2001-JUN-18",6080000,5e+05
"331",371,1293696,0,1,1,"PICE","ENG","GLA",49.5,0.5,"2014-AUG-28",6080000,5e+05
"332",372,1293696,0,1,2,"ABIE","LAS",NA,33.1,0.409,"2014-AUG-28",6080000,5e+05
"333",373,1293696,0,1,3,"POPU","TRE",NA,17.4,0.091,"2014-AUG-28",6080000,5e+05
"334",374,1300521,0,0,1,"ABIE","LAS",NA,79,0.867,"2002-JUL-04",6070000,660000
"335",375,1300521,0,0,2,"PICE","ENG","GLA",21,0.133,"2002-JUL-04",6070000,660000
"336",376,1300521,0,1,1,"ABIE","LAS",NA,72.7,0.853,"2017-JUL-08",6070000,660000
"337",377,1300521,0,1,2,"PICE","ENG","GLA",27.3,0.147,"2017-JUL-08",6070000,660000
"338",378,1300611,0,0,1,"PICE","ENG",NA,82,0.704,"2001-JUL-29",6060000,640000
"339",379,1300611,0,0,2,"ABIE","LAS",NA,18,0.296,"2001-JUL-29",6060000,640000
"340",380,1300611,0,1,1,"PICE","ENG",NA,72.7,0.545,"2019-JUL-31",6060000,640000
"341",381,1300611,0,1,2,"ABIE","LAS",NA,27.3,0.455,"2019-JUL-31",6060000,640000
"342",382,1307371,0,0,1,"TSUG","MER",NA,53.7,0.526,"2003-JUL-25",6040000,540000
"343",383,1307371,0,0,2,"ABIE","LAS",NA,45.9,0.447,"2003-JUL-25",6040000,540000
"344",384,1307371,0,0,3,"ABIE","AMA",NA,0.4,0.026,"2003-JUL-25",6040000,540000
"345",385,1307371,0,1,1,"TSUG","MER",NA,55.7,0.571,"2017-AUG-16",6040000,540000
"346",386,1307371,0,1,2,"ABIE","LAS",NA,44.3,0.429,"2017-AUG-16",6040000,540000
"347",387,1307391,0,0,1,"ABIE","LAS",NA,55.6,0.5,"2002-JUL-01",6050000,620000
"348",388,1307391,0,0,2,"PINU","CON",NA,25.7,0.3,"2002-JUL-01",6050000,620000
"349",389,1307391,0,0,3,"PICE","SPP",NA,18.7,0.2,"2002-JUL-01",6050000,620000
"350",390,1307391,0,1,1,"PINU","CON",NA,46.5,0.75,"2017-AUG-19",6050000,620000
"351",391,1307391,0,1,2,"ABIE","LAS",NA,45.8,0.188,"2017-AUG-19",6050000,620000
"352",392,1307391,0,1,3,"PICE","ENG","GLA",7.8,0.063,"2017-AUG-19",6050000,620000
"353",393,1307401,0,0,1,"PICE","GLA",NA,59.4,0.536,"2001-AUG-28",6050000,660000
"354",394,1307401,0,0,2,"ABIE","LAS",NA,20.9,0.321,"2001-AUG-28",6050000,660000
"355",395,1307401,0,0,3,"PINU","CON",NA,19.6,0.143,"2001-AUG-28",6050000,660000
"356",396,1307401,0,1,1,"PICE","GLA",NA,59.4,0.533,"2017-JUL-10",6050000,660000
"357",397,1307401,0,1,2,"ABIE","LAS",NA,22,0.333,"2017-JUL-10",6050000,660000
"358",398,1307401,0,1,3,"PINU","CON",NA,18.5,0.133,"2017-JUL-10",6050000,660000
"359",399,1307441,0,0,1,"PINU","CON",NA,69.5,0.631,"2004-JUN-26",6040000,440000
"360",400,1307441,0,0,2,"PICE","MAR",NA,23.9,0.338,"2004-JUN-26",6040000,440000
"361",401,1307441,0,0,3,"POPU","TRE",NA,6.6,0.031,"2004-JUN-26",6040000,440000
"362",402,1307441,0,1,1,"PICE","MAR",NA,61.3,0.765,"2014-JUL-26",6040000,440000
"363",404,1314251,0,0,1,"TSUG","MER",NA,74,0.5,"2003-JUL-23",6020000,540000
"364",405,1314251,0,0,2,"ABIE","AMA",NA,22.6,0.357,"2003-JUL-23",6020000,540000
"365",406,1314251,0,0,3,"TSUG","HET",NA,3.4,0.143,"2003-JUL-23",6020000,540000
"366",407,1314251,0,1,1,"TSUG","MER",NA,76.1,0.462,"2017-JUL-27",6020000,540000
"367",408,1314251,0,1,2,"ABIE","AMA",NA,19.8,0.385,"2017-JUL-27",6020000,540000
"368",409,1314251,0,1,3,"TSUG","HET",NA,4.1,0.154,"2017-JUL-27",6020000,540000
"369",410,1314291,0,0,1,"PINU","CON",NA,100,1,"2002-JUN-27",6030000,320000
"370",411,1314291,0,1,1,"PINU","CON",NA,100,1,"2017-AUG-20",6030000,320000
"371",415,1314376,0,0,1,"ABIE","LAS",NA,75.4,0.957,"2002-AUG-16",6020000,660000
"372",416,1314376,0,0,2,"PICE","ENG",NA,24.6,0.043,"2002-AUG-16",6020000,660000
"373",417,1314376,0,1,1,"ABIE","LAS",NA,74.9,0.96,"2014-AUG-23",6020000,660000
"374",418,1314376,0,1,2,"PICE","ENG",NA,25.1,0.04,"2014-AUG-23",6020000,660000
"375",422,1321206,0,0,1,"POPU","TRE",NA,48.2,0.476,"2004-AUG-24",6e+06,450000
"376",423,1321206,0,0,2,"PICE","ENG","GLA",27.7,0.333,"2004-AUG-24",6e+06,450000
"377",424,1321206,0,0,3,"PINU","CON",NA,24.1,0.19,"2004-AUG-24",6e+06,450000
"378",425,1321206,0,1,1,"POPU","TRE",NA,75.2,0.714,"2014-JUL-27",6e+06,450000
"379",426,1321206,0,1,2,"PICE","ENG","GLA",24.8,0.286,"2014-JUL-27",6e+06,450000
"380",427,1321236,0,0,1,"PICE","ENG","GLA",95.3,0.941,"2003-JUL-14",6e+06,570000
"381",428,1321236,0,0,2,"POPU","TRI",NA,4.7,0.059,"2003-JUL-14",6e+06,570000
"382",429,1321236,0,1,1,"PICE","ENG","GLA",92.6,0.914,"2014-AUG-18",6e+06,570000
"383",430,1321236,0,1,2,"POPU","TRI",NA,6.7,0.057,"2014-AUG-18",6e+06,570000
"384",431,1321236,0,1,3,"ABIE","LAS",NA,0.8,0.029,"2014-AUG-18",6e+06,570000
"385",432,1327976,0,0,1,"THUJ","PLI",NA,74.1,0.444,"2004-JUL-02",5980000,410000
"386",433,1327976,0,0,3,"CHAM","NOO",NA,6.9,0.167,"2004-JUL-02",5980000,410000
"387",434,1327976,0,0,5,"TSUG","MER",NA,2.6,0.028,"2004-JUL-02",5980000,410000
"388",435,1327976,0,1,1,"THUJ","PLI",NA,75.5,0.457,"2017-AUG-14",5980000,410000
"389",436,1327976,0,1,5,"TSUG","MER",NA,2.4,0.029,"2017-AUG-14",5980000,410000
"390",438,1328066,0,0,1,"ABIE","LAS",NA,100,1,"2001-JUN-24",5990000,370000
"391",439,1328066,0,1,1,"ABIE","LAS",NA,74.9,0.7,"2014-AUG-12",5990000,370000
"392",440,1328066,0,1,2,"POPU","TRE",NA,17.2,0.225,"2014-AUG-12",5990000,370000
"393",441,1328066,0,1,3,"PICE","ENG","GLA",7.9,0.075,"2014-AUG-12",5990000,370000
"394",447,1334886,0,0,3,"ABIE","AMA",NA,5.9,0.161,"2003-SEP-09",5960000,530000
"395",448,1334886,0,0,4,"TSUG","HET",NA,1.9,0.161,"2003-SEP-09",5960000,530000
"396",449,1334886,0,1,3,"ABIE","AMA",NA,6.2,0.156,"2017-AUG-09",5960000,530000
"397",450,1334886,0,1,4,"TSUG","HET",NA,2.5,0.156,"2017-AUG-09",5960000,530000
"398",453,1334961,0,0,1,"PICE","ENG","GLA",44.6,0.541,"2003-JUN-16",5960000,430000
"399",454,1334961,0,0,2,"PINU","CON",NA,39.3,0.243,"2003-JUN-16",5960000,430000
"400",455,1334961,0,0,3,"ABIE","LAS",NA,16.1,0.216,"2003-JUN-16",5960000,430000
"401",456,1334961,0,1,1,"PICE","ENG","GLA",76.5,0.692,"2014-JUL-20",5960000,430000
"402",457,1334961,0,1,2,"ABIE","LAS",NA,23.5,0.308,"2014-JUL-20",5960000,430000
"403",458,1334976,0,0,1,"PICE","ENG","GLA",89.6,0.8,"2003-JUL-26",5960000,490000
"404",459,1334976,0,0,2,"ABIE","LAS",NA,10.4,0.2,"2003-JUL-26",5960000,490000
"405",460,1334976,0,1,1,"PICE","ENG","GLA",96,0.929,"2014-JUL-18",5960000,490000
"406",461,1334976,0,1,2,"ABIE","LAS",NA,4,0.071,"2014-JUL-18",5960000,490000
"407",467,1341751,0,0,1,"CHAM","NOO",NA,87,0.809,"2003-JUL-28",5940000,470000
"408",468,1341751,0,1,1,"CHAM","NOO",NA,82.2,0.727,"2017-AUG-11",5940000,470000
"409",470,1341776,0,0,1,"TSUG","HET",NA,100,1,"2003-JUL-27",5940000,570000
"410",471,1341776,0,1,1,"TSUG","HET",NA,99.4,1,"2017-AUG-10",5940000,570000
"411",472,1348646,0,0,1,"ABIE","AMA",NA,43.3,0.444,"2003-JUL-26",5920000,530000
"412",473,1348646,0,0,2,"PICE","SIT",NA,30.5,0.278,"2003-JUL-26",5920000,530000
"413",474,1348646,0,0,3,"TSUG","HET",NA,19.2,0.222,"2003-JUL-26",5920000,530000
"414",475,1348646,0,0,4,"ALNU","RUB",NA,7,0.056,"2003-JUL-26",5920000,530000
"415",476,1348646,0,1,3,"TSUG","HET",NA,20.6,0.235,"2017-AUG-08",5920000,530000
"416",477,1348646,0,1,4,"ALNU","RUB",NA,4.3,0.059,"2017-AUG-08",5920000,530000
"417",478,1348666,0,0,1,"TSUG","MER",NA,52.5,0.6,"2005-JUN-27",5930000,610000
"418",479,1348666,0,0,2,"ABIE","AMA",NA,47.5,0.4,"2005-JUN-27",5930000,610000
"419",480,1348666,0,1,1,"TSUG","MER",NA,63.5,0.682,"2017-JUL-19",5930000,610000
"420",481,1348666,0,1,2,"ABIE","AMA",NA,36.5,0.318,"2017-JUL-19",5930000,610000
"421",484,1348746,0,0,1,"PSEU","MEN","GLA",65.1,0.545,"2003-JUN-24",5920000,530000
"422",485,1348746,0,0,5,"PINU","CON","LAT",2.6,0.03,"2003-JUN-24",5920000,530000
"423",486,1348746,0,1,1,"PSEU","MEN","GLA",64.5,0.5,"2009-AUG-04",5920000,530000
"424",487,1348746,0,1,5,"PINU","CON","LAT",2.5,0.029,"2009-AUG-04",5920000,530000
"425",488,1348746,0,2,1,"PSEU","MEN","GLA",65.3,0.452,"2014-JUL-16",5920000,530000
"426",489,1348746,0,2,4,"BETU","PAP",NA,5,0.097,"2014-JUL-16",5920000,530000
"427",492,1355561,0,0,1,"PICE","SPP",NA,57.2,0.444,"2002-JUN-29",5910000,670000
"428",493,1355561,0,0,2,"PINU","CON",NA,21.9,0.296,"2002-JUN-29",5910000,670000
"429",494,1355561,0,0,3,"ABIE","LAS",NA,20.9,0.259,"2002-JUN-29",5910000,670000
"430",495,1355561,0,1,1,"PICE","ENG","GLA",57.5,0.519,"2017-JUL-18",5910000,670000
"431",496,1355561,0,1,2,"ABIE","LAS",NA,38.9,0.407,"2017-JUL-18",5910000,670000
"432",497,1355561,0,1,3,"PINU","CON",NA,3.7,0.074,"2017-JUL-18",5910000,670000
"433",504,1355646,0,0,1,"ABIE","LAS",NA,63.1,0.763,"2003-JUL-08",5900000,610000
"434",505,1355646,0,0,2,"PICE","ENG","GLA",36.9,0.237,"2003-JUL-08",5900000,610000
"435",506,1355646,0,1,1,"ABIE","LAS",NA,61.5,0.769,"2013-SEP-15",5900000,610000
"436",507,1355646,0,1,2,"PICE","ENG","GLA",38.5,0.231,"2013-SEP-15",5900000,610000
"437",508,1355666,0,0,1,"TSUG","HET",NA,40,0.433,"2003-JUL-16",5890000,690000
"438",509,1355666,0,0,2,"THUJ","PLI",NA,36.7,0.367,"2003-JUL-16",5890000,690000
"439",510,1355666,0,0,3,"PICE","ENG","GLA",9.9,0.1,"2003-JUL-16",5890000,690000
"440",511,1355666,0,0,4,"BETU","PAP",NA,9.6,0.067,"2003-JUL-16",5890000,690000
"441",512,1355666,0,0,5,"PSEU","MEN","GLA",3.8,0.033,"2003-JUL-16",5890000,690000
"442",513,1355666,0,1,1,"TSUG","HET",NA,42.7,0.392,"2016-JUL-22",5890000,290000
"443",514,1355666,0,1,2,"THUJ","PLI",NA,23.9,0.297,"2016-JUL-22",5890000,290000
"444",515,1355666,0,1,3,"PINU","CON",NA,12.4,0.135,"2016-JUL-22",5890000,290000
"445",516,1355666,0,1,4,"PICE","ENG","GLA",12.2,0.095,"2016-JUL-22",5890000,290000
"446",517,1362461,0,0,1,"PINU","CON","LAT",78,0.792,"2002-AUG-11",5890000,350000
"447",518,1362461,0,0,2,"PICE","ENG","GLA",22,0.208,"2002-AUG-11",5890000,350000
"448",519,1362461,0,1,1,"PICE","ENG","GLA",86.4,0.714,"2014-JUL-29",5890000,350000
"449",520,1362461,0,1,2,"PINU","CON","LAT",13.6,0.286,"2014-JUL-29",5890000,350000
"450",522,1362486,0,0,1,"PINU","CON","LAT",72.1,0.75,"2003-JUL-07",5880000,450000
"451",523,1362486,0,0,2,"PICE","ENG","GLA",27.9,0.25,"2003-JUL-07",5880000,450000
"452",524,1362486,0,1,1,"PICE","ENG","GLA",91.9,0.889,"2013-AUG-30",5880000,450000
"453",525,1362486,0,1,2,"PINU","CON","LAT",8.1,0.111,"2013-AUG-30",5880000,450000
"454",530,1369371,0,0,1,"PINU","CON","LAT",80.7,0.694,"2002-JUL-16",5860000,470000
"455",531,1369371,0,0,2,"PICE","MAR",NA,19.3,0.306,"2002-JUL-16",5860000,470000
"456",532,1369371,0,1,1,"PINU","CON","LAT",56,0.561,"2009-AUG-06",5860000,470000
"457",533,1369371,0,1,2,"PICE","MAR",NA,44,0.439,"2009-AUG-06",5860000,470000
"458",534,1369371,0,2,1,"PINU","CON","LAT",53.5,0.538,"2013-AUG-28",5860000,470000
"459",535,1369371,0,2,2,"PICE","MAR",NA,46.5,0.462,"2013-AUG-28",5860000,470000
"460",538,1369431,0,0,1,"PICE","SPP",NA,72.3,0.545,"2002-JUL-15",5850000,3e+05
"461",539,1369431,0,0,2,"ABIE","LAS",NA,27,0.409,"2002-JUL-15",5850000,3e+05
"462",540,1369431,0,0,3,"TSUG","HET",NA,0.7,0.045,"2002-JUL-15",5850000,3e+05
"463",541,1369431,0,1,1,"ABIE","LAS",NA,49.7,0.5,"2016-JUL-23",5850000,3e+05
"464",542,1369431,0,1,2,"PICE","ENG","GLA",49.1,0.45,"2016-JUL-23",5850000,3e+05
"465",543,1369431,0,1,3,"TSUG","HET",NA,1.1,0.05,"2016-JUL-23",5850000,3e+05
"466",548,1376296,0,0,1,"ABIE","LAS",NA,100,1,"2002-JUL-12",5830000,650000
"467",549,1376296,0,1,1,"ABIE","LAS",NA,100,1,"2013-AUG-23",5830000,650000
"468",550,1376306,0,0,1,"THUJ","PLI",NA,82.7,0.657,"2004-JUL-01",5830000,690000
"469",551,1376306,0,0,2,"TSUG","HET",NA,15.8,0.257,"2004-JUL-01",5830000,690000
"470",552,1376306,0,0,3,"PSEU","MEN","GLA",0.9,0.057,"2004-JUL-01",5830000,690000
"471",553,1376306,0,0,4,"PICE","SPP",NA,0.6,0.029,"2004-JUL-01",5830000,690000
"472",554,1376306,0,1,1,"THUJ","PLI",NA,62.5,0.622,"2014-SEP-09",5830000,690000
"473",555,1376306,0,1,4,"PICE","ENG","GLA",0.9,0.027,"2014-SEP-09",5830000,690000
"474",561,1383116,0,0,1,"PICE","SPP",NA,56.8,0.726,"2004-JUN-20",5830000,410000
"475",562,1383116,0,0,2,"PINU","CON","LAT",43.2,0.274,"2004-JUN-20",5830000,410000
"476",563,1383116,0,1,1,"PICE","SPP",NA,91.4,0.9,"2013-AUG-07",5830000,410000
"477",564,1383116,0,1,2,"PINU","CON","LAT",8.6,0.1,"2013-AUG-07",5830000,410000
"478",565,1383146,0,0,1,"PINU","CON","LAT",93.2,0.872,"2003-JUL-05",5820000,530000
"479",566,1383146,0,0,2,"PSEU","MEN","GLA",5.9,0.106,"2003-JUL-05",5820000,530000
"480",567,1383146,0,0,3,"PICE","ENG","GLA",0.9,0.021,"2003-JUL-05",5820000,530000
"481",568,1383146,0,1,1,"PSEU","MEN","GLA",59.2,0.588,"2013-SEP-14",5820000,530000
"482",569,1383146,0,1,2,"PINU","CON","LAT",32.7,0.353,"2013-SEP-14",5820000,530000
"483",570,1383146,0,1,3,"PICE","ENG","GLA",8.1,0.059,"2013-SEP-14",5820000,530000
"484",571,1383151,0,0,1,"PINU","CON","LAT",68.9,0.571,"2003-JUL-01",5820000,550000
"485",572,1383151,0,0,2,"BETU","PAP",NA,16.1,0.19,"2003-JUL-01",5820000,550000
"486",573,1383151,0,0,3,"PICE","ENG","GLA",10.4,0.143,"2003-JUL-01",5820000,550000
"487",574,1383151,0,0,4,"PSEU","MEN","GLA",4.5,0.095,"2003-JUL-01",5820000,550000
"488",575,1383151,0,1,1,"PINU","CON","LAT",33.4,0.368,"2009-AUG-07",5820000,550000
"489",576,1383151,0,1,2,"BETU","PAP",NA,24.7,0.211,"2009-AUG-07",5820000,550000
"490",577,1383151,0,1,3,"PICE","ENG","GLA",22.7,0.211,"2009-AUG-07",5820000,550000
"491",578,1383151,0,1,4,"PSEU","MEN","GLA",19.2,0.211,"2009-AUG-07",5820000,550000
"492",579,1383151,0,2,1,"PINU","CON","LAT",30.9,0.318,"2013-JUL-25",5820000,550000
"493",580,1383151,0,2,4,"PICE","ENG","GLA",21.4,0.182,"2013-JUL-25",5820000,550000
"494",581,1383151,0,2,5,"POPU","TRE",NA,1.6,0.045,"2013-JUL-25",5820000,550000
"495",588,1396871,0,0,1,"PINU","CON","LAT",100,1,"2003-JUN-26",5790000,390000
"496",589,1396871,0,1,1,"PINU","CON","LAT",99.5,0.99,"2013-AUG-09",5790000,390000
"497",590,1396871,0,1,2,"PICE","ENG","GLA",0.5,0.01,"2013-AUG-09",5790000,390000
"498",591,1396896,0,0,1,"PINU","CON","LAT",100,1,"2003-JUL-07",5780000,490000
"499",592,1396896,0,1,1,"PINU","CON","LAT",100,1,"2013-SEP-12",5780000,490000
"500",594,1396936,0,0,1,"ABIE","LAS",NA,95.8,0.944,"2003-JUL-24",5770000,650000
"501",595,1396936,0,0,2,"PICE","ENG",NA,4.2,0.056,"2003-JUL-24",5770000,650000
"502",596,1396936,0,1,1,"ABIE","LAS",NA,87.1,0.905,"2013-JUL-19",5770000,650000
"503",597,1396936,0,1,2,"PICE","ENG",NA,12.9,0.095,"2013-JUL-19",5770000,650000
"504",605,1403851,0,0,1,"TSUG","MER",NA,80.2,0.81,"2000-AUG-20",5740000,370000
"505",606,1403851,0,1,1,"TSUG","MER",NA,71,0.75,"2016-JUL-24",5740000,370000
"506",607,1403851,0,1,4,"TSUG","MER","HET",4.6,0.05,"2016-JUL-24",5740000,370000
"507",608,1403871,0,0,3,"TSUG","HET",NA,7.6,0.15,"2003-JUL-20",5730000,450000
"508",609,1403871,0,1,3,"TSUG","MER",NA,8.3,0.136,"2016-JUL-20",5730000,450000
"509",610,1410631,0,0,1,"PINU","CON","LAT",100,1,"2003-JUL-08",5750000,380000
"510",611,1410631,0,1,1,"PINU","CON","LAT",100,1,"2013-AUG-10",5750000,380000
"511",612,1410686,0,0,1,"PSEU","MEN","GLA",84,0.775,"2003-JUL-02",5740000,6e+05
"512",613,1410686,0,0,2,"POPU","TRE",NA,11.5,0.2,"2003-JUL-02",5740000,6e+05
"513",614,1410686,0,0,3,"PINU","CON","LAT",4.5,0.025,"2003-JUL-02",5740000,6e+05
"514",615,1410686,0,1,1,"PSEU","MEN","GLA",91.8,0.868,"2013-JUL-21",5740000,6e+05
"515",616,1410686,0,1,2,"POPU","TRE",NA,8.2,0.132,"2013-JUL-21",5740000,6e+05
"516",617,1410696,0,0,1,"PINU","CON","LAT",98.2,0.98,"2002-JUN-18",5730000,640000
"517",618,1410696,0,0,2,"PSEU","MEN","GLA",1.8,0.02,"2002-JUN-18",5730000,640000
"518",619,1410696,0,1,1,"PSEU","MEN","GLA",71.4,0.6,"2013-JUL-17",5730000,640000
"519",620,1410696,0,1,2,"PICE","ENG","GLA",15.8,0.2,"2013-JUL-17",5730000,640000
"520",621,1410696,0,1,3,"PINU","CON","LAT",12.8,0.2,"2013-JUL-17",5730000,640000
"521",622,1410756,0,0,1,"ABIE","LAS",NA,50,0.579,"2000-AUG-16",5710000,470000
"522",623,1410756,0,0,2,"PICE","SPP",NA,30.2,0.211,"2000-AUG-16",5710000,470000
"523",624,1410756,0,0,3,"TSUG","HET",NA,8.1,0.105,"2000-AUG-16",5710000,470000
"524",625,1410756,0,1,1,"ABIE","LAS",NA,47.4,0.563,"2016-JUL-19",5710000,470000
"525",626,1410756,0,1,2,"PICE","ENG","GLA",29.7,0.188,"2016-JUL-19",5710000,470000
"526",627,1410756,0,1,3,"TSUG","HET",NA,14.2,0.188,"2016-JUL-19",5710000,470000
"527",628,1410756,0,1,4,"PSEU","MEN",NA,8.7,0.063,"2016-JUL-19",5710000,470000
"528",629,1410761,0,0,1,"PSEU","MEN","GLA",49.3,0.375,"2002-JUL-09",5710000,490000
"529",630,1410761,0,0,2,"PICE","SPP",NA,25.8,0.313,"2002-JUL-09",5710000,490000
"530",631,1410761,0,1,1,"PSEU","MEN",NA,51.5,0.381,"2016-AUG-17",5710000,490000
"531",632,1410761,0,1,2,"PICE","ENG","GLA",27.4,0.333,"2016-AUG-17",5710000,490000
"532",633,1410761,0,1,4,"PINU","CON",NA,3.7,0.095,"2016-AUG-17",5710000,490000
"533",634,1417516,0,0,1,"PINU","CON","LAT",79.6,0.606,"2004-JUN-21",5730000,4e+05
"534",635,1417516,0,0,2,"PSEU","MEN","GLA",11.4,0.152,"2004-JUN-21",5730000,4e+05
"535",636,1417516,0,0,3,"PICE","SPP",NA,6.7,0.121,"2004-JUN-21",5730000,4e+05
"536",637,1417516,0,0,4,"POPU","TRE",NA,2.3,0.121,"2004-JUN-21",5730000,4e+05
"537",638,1417516,0,1,1,"PINU","CON","LAT",37,0.35,"2013-AUG-12",5730000,4e+05
"538",639,1417516,0,1,2,"PSEU","MEN","GLA",36.4,0.25,"2013-AUG-12",5730000,4e+05
"539",640,1417516,0,1,3,"PICE","SPP",NA,20,0.2,"2013-AUG-12",5730000,4e+05
"540",641,1417516,0,1,4,"POPU","TRE",NA,6.5,0.2,"2013-AUG-12",5730000,4e+05
"541",642,1417521,0,0,1,"PINU","CON","LAT",100,1,"2004-JUN-24",5720000,420000
"542",643,1417521,0,1,1,"PINU","CON","LAT",100,1,"2013-AUG-13",5720000,420000
"543",644,1417526,0,0,1,"PINU","CON","LAT",100,1,"2003-AUG-27",5720000,440000
"544",645,1417526,0,1,1,"PINU","CON","LAT",100,1,"2013-AUG-24",5720000,440000
"545",646,1417536,0,0,1,"PINU","CON","LAT",100,1,"2004-JUN-14",5720000,480000
"546",647,1417536,0,1,1,"PINU","CON","LAT",100,1,"2013-AUG-17",5720000,480000
"547",648,1417566,0,1,1,"PINU","CON","LAT",100,1,"2009-AUG-20",5720000,6e+05
"548",649,1417566,0,2,1,"PINU","CON",NA,91.9,0.917,"2013-JUL-07",5720000,6e+05
"549",650,1417566,0,2,2,"PICE","ENG","GLA",8.1,0.083,"2013-JUL-07",5720000,6e+05
"550",651,1417576,0,0,1,"PINU","CON","LAT",71.3,0.51,"2004-JUN-18",5710000,640000
"551",652,1417576,0,0,2,"PSEU","MEN","GLA",28.7,0.49,"2004-JUN-18",5710000,640000
"552",653,1417576,0,1,1,"PSEU","MEN","GLA",91.6,0.852,"2009-AUG-21",5710000,640000
"553",654,1417576,0,1,2,"PINU","CON","LAT",8.4,0.148,"2009-AUG-21",5710000,640000
"554",655,1417576,0,2,1,"PSEU","MEN","GLA",93.1,0.875,"2013-JUL-09",5710000,640000
"555",656,1417576,0,2,2,"PINU","CON","LAT",6.9,0.125,"2013-JUL-09",5710000,640000
"556",658,1424411,0,0,1,"PINU","CON","LAT",87.6,0.724,"2000-AUG-30",5700000,460000
"557",659,1424411,0,0,2,"ABIE","LAS",NA,6.4,0.138,"2000-AUG-30",5700000,460000
"558",660,1424411,0,0,3,"PICE","SPP",NA,6,0.138,"2000-AUG-30",5700000,460000
"559",661,1424411,0,1,1,"PINU","CON","LAT",66.3,0.579,"2013-AUG-15",5700000,460000
"560",662,1424411,0,1,2,"ABIE","LAS",NA,17,0.211,"2013-AUG-15",5700000,460000
"561",663,1424411,0,1,3,"PICE","SPP",NA,16.7,0.211,"2013-AUG-15",5700000,460000
"562",664,1424421,0,0,1,"PINU","CON","LAT",100,1,"2003-JUN-30",5700000,5e+05
"563",665,1424421,0,1,1,"PINU","CON","LAT",98,0.974,"2013-SEP-13",5700000,5e+05
"564",666,1424421,0,1,2,"PICE","ENG",NA,2,0.026,"2013-SEP-13",5700000,5e+05
"565",667,1424456,0,0,3,"POPU","TRE",NA,11,0.058,"2004-JUN-16",5690000,640000
"566",668,1424456,0,1,1,"PICE","SPP",NA,71.3,0.772,"2013-JUN-27",5690000,640000
"567",669,1424456,0,1,2,"PINU","CON","LAT",14.6,0.175,"2013-JUN-27",5690000,640000
"568",670,1424456,0,1,3,"POPU","TRE",NA,14.1,0.053,"2013-JUN-27",5690000,640000
"569",671,1424471,0,0,1,"PSEU","MEN","GLA",79.8,0.75,"2002-JUN-23",5690000,7e+05
"570",672,1424471,0,1,1,"PSEU","MEN","GLA",96.1,0.912,"2014-JUL-09",5690000,7e+05
"571",673,1424471,0,1,2,"BETU","PAP",NA,3.9,0.088,"2014-JUL-09",5690000,7e+05
"572",676,1431326,0,0,1,"PINU","CON","LAT",53.6,0.556,"2001-MAY-24",5680000,6e+05
"573",677,1431326,0,0,2,"PSEU","MEN","GLA",46.4,0.444,"2001-MAY-24",5680000,6e+05
"574",678,1431326,0,1,1,"PSEU","MEN","GLA",100,1,"2009-AUG-18",5680000,6e+05
"575",679,1431326,0,2,1,"PSEU","MEN","GLA",100,1,"2013-JUN-23",5680000,6e+05
"576",680,1431371,0,0,1,"THUJ","PLI",NA,45.6,0.622,"2002-JUL-06",5660000,360000
"577",681,1431371,0,0,3,"TSUG","HET",NA,12,0.133,"2002-JUL-06",5660000,360000
"578",682,1431371,0,1,1,"THUJ","PLI",NA,52.3,0.61,"2015-JUL-31",5660000,360000
"579",683,1431371,0,1,3,"TSUG","HET",NA,13.6,0.146,"2015-JUL-31",5660000,360000
"580",690,1438251,0,0,1,"THUJ","PLI",NA,46.9,0.5,"2003-JUL-18",5640000,360000
"581",691,1438251,0,0,2,"TSUG","HET",NA,45.3,0.438,"2003-JUL-18",5640000,360000
"582",692,1438251,0,0,3,"BETU","PAP",NA,7.8,0.063,"2003-JUL-18",5640000,360000
"583",693,1438251,0,1,1,"THUJ","PLI",NA,52.2,0.545,"2015-AUG-02",5640000,360000
"584",694,1438251,0,1,2,"TSUG","HET",NA,46.3,0.364,"2015-AUG-02",5640000,360000
"585",695,1438251,0,1,3,"TAXU","BRE",NA,1.5,0.091,"2015-AUG-02",5640000,360000
"586",696,1445086,0,0,1,"PSEU","MEN","GLA",100,1,"2003-JUL-22",5640000,6e+05
"587",697,1445086,0,1,1,"PSEU","MEN","GLA",100,1,"2014-JUL-02",5640000,6e+05
"588",698,1445106,0,0,1,"PSEU","MEN","GLA",92,0.75,"2003-JUL-21",5630000,680000
"589",699,1445106,0,0,2,"PICE","GLA",NA,4.6,0.15,"2003-JUL-21",5630000,680000
"590",700,1445106,0,0,3,"BETU","PAP",NA,1.7,0.05,"2003-JUL-21",5630000,680000
"591",701,1445106,0,0,4,"POPU","TRE",NA,1.7,0.05,"2003-JUL-21",5630000,680000
"592",702,1445106,0,1,1,"PSEU","MEN","GLA",92.9,0.81,"2009-AUG-17",5630000,680000
"593",703,1445106,0,1,2,"PICE","GLA",NA,3.7,0.095,"2009-AUG-17",5630000,680000
"594",704,1445106,0,2,1,"PSEU","MEN","GLA",96.6,0.9,"2014-JUL-03",5630000,680000
"595",705,1445106,0,2,2,"BETU","PAP",NA,1.7,0.05,"2014-JUL-03",5630000,680000
"596",706,1445106,0,2,3,"PICE","GLA",NA,1.7,0.05,"2014-JUL-03",5630000,680000
"597",708,1445171,0,0,1,"ABIE","LAS",NA,100,1,"2003-AUG-20",5600000,510000
"598",709,1445171,0,1,1,"ABIE","LAS",NA,100,1,"2016-JUL-18",5600000,510000
"599",718,1452016,0,0,1,"TSUG","HET",NA,77.2,0.706,"2004-JUL-26",5600000,370000
"600",719,1452016,0,0,2,"THUJ","PLI",NA,22.8,0.294,"2004-JUL-26",5600000,370000
"601",720,1452016,0,1,1,"TSUG","HET",NA,76.6,0.677,"2015-AUG-04",5600000,370000
"602",721,1452016,0,1,2,"THUJ","PLI",NA,23.4,0.323,"2015-AUG-04",5600000,370000
"603",722,1452066,0,0,1,"PSEU","MEN","GLA",91.5,0.786,"2002-JUL-10",5580000,570000
"604",723,1452066,0,0,2,"PINU","CON","LAT",8.5,0.214,"2002-JUL-10",5580000,570000
"605",724,1452066,0,1,1,"PSEU","MEN",NA,95.6,0.857,"2016-JUL-13",5580000,570000
"606",725,1452066,0,1,2,"PINU","CON",NA,4.4,0.143,"2016-JUL-13",5580000,570000
"607",726,1458736,0,0,1,"TSUG","HET",NA,95.3,0.952,"2002-JUN-29",5600000,580000
"608",727,1458736,0,0,2,"THUJ","PLI",NA,3.5,0.032,"2002-JUN-29",5600000,580000
"609",728,1458736,0,0,3,"PICE","SIT",NA,1.2,0.016,"2002-JUN-29",5600000,580000
"610",729,1458736,0,1,1,"TSUG","HET",NA,96.6,0.959,"2009-AUG-26",5600000,580000
"611",730,1458736,0,1,2,"THUJ","PLI",NA,3.4,0.041,"2009-AUG-26",5600000,580000
"612",731,1458736,0,2,1,"TSUG","HET",NA,96.8,0.957,"2016-JUL-01",5600000,580000
"613",732,1458736,0,2,2,"THUJ","PLI",NA,3.2,0.043,"2016-JUL-01",5600000,580000
"614",737,1458861,0,0,1,"PSEU","MEN","GLA",98.1,0.929,"2000-JUL-24",5590000,660000
"615",738,1458861,0,0,2,"JUNI","SCO",NA,1.9,0.071,"2000-JUL-24",5590000,660000
"616",739,1458861,0,1,1,"PSEU","MEN","GLA",97.9,0.926,"2014-JUN-26",5590000,660000
"617",740,1458861,0,1,2,"JUNI","SCO",NA,2.1,0.074,"2014-JUN-26",5590000,660000
"618",741,1458951,0,0,1,"PSEU","MEN","GLA",68,0.905,"2001-MAY-26",5550000,590000
"619",742,1458951,0,1,1,"PSEU","MEN",NA,75,0.939,"2016-JUL-12",5550000,590000
"620",749,1465761,0,0,1,"PSEU","MEN","GLA",83,0.769,"2002-JUN-20",5570000,310000
"621",750,1465761,0,0,2,"ABIE","LAS",NA,17,0.231,"2002-JUN-20",5570000,310000
"622",751,1465761,0,1,1,"PSEU","MEN","GLA",100,1,"2015-AUG-05",5570000,310000
"623",752,1465781,0,0,1,"PSEU","MEN","GLA",100,1,"2003-JUL-16",5560000,390000
"624",753,1465781,0,1,1,"PSEU","MEN","GLA",100,1,"2015-JUL-14",5560000,390000
"625",757,1465841,0,0,1,"ABIE","LAS",NA,52.6,0.556,"2001-MAY-28",5530000,630000
"626",758,1465841,0,0,2,"PICE","ENG",NA,47.4,0.444,"2001-MAY-28",5530000,630000
"627",759,1465841,0,1,1,"PICE","ENG",NA,50.4,0.52,"2016-JUL-03",5530000,630000
"628",760,1465841,0,1,2,"ABIE","LAS",NA,49.6,0.48,"2016-JUL-03",5530000,630000
"629",765,1472691,0,0,1,"PSEU","MEN","GLA",51.6,0.459,"2001-MAY-30",5520000,5e+05
"630",766,1472691,0,0,2,"LARI","OCC",NA,45.2,0.432,"2001-MAY-30",5520000,5e+05
"631",767,1472691,0,0,3,"TSUG","HET",NA,2,0.054,"2001-MAY-30",5520000,5e+05
"632",768,1472691,0,0,4,"ABIE","LAS",NA,0.6,0.027,"2001-MAY-30",5520000,5e+05
"633",769,1472691,0,0,5,"PICE","ENG",NA,0.6,0.027,"2001-MAY-30",5520000,5e+05
"634",770,1472691,0,1,1,"LARI","OCC",NA,47.5,0.462,"2016-JUL-09",5520000,5e+05
"635",771,1472691,0,1,2,"PSEU","MEN",NA,47.3,0.423,"2016-JUL-09",5520000,5e+05
"636",772,1472691,0,1,3,"TSUG","HET",NA,4.2,0.077,"2016-JUL-09",5520000,5e+05
"637",773,1472691,0,1,4,"ABIE","LAS",NA,1,0.038,"2016-JUL-09",5520000,5e+05
"638",774,1472701,0,0,1,"ABIE","LAS",NA,48.6,0.7,"2000-SEP-11",5520000,540000
"639",775,1472701,0,0,2,"PINU","ALB",NA,30.3,0.175,"2000-SEP-11",5520000,540000
"640",776,1472701,0,0,3,"LARI","LYA",NA,21.1,0.125,"2000-SEP-11",5520000,540000
"641",777,1472701,0,1,1,"ABIE","LAS",NA,45.5,0.644,"2016-JUL-07",5520000,540000
"642",778,1472701,0,1,2,"PINU","ALB",NA,30.4,0.178,"2016-JUL-07",5520000,540000
"643",779,1472701,0,1,3,"LARI","LYA",NA,23.3,0.156,"2016-JUL-07",5520000,540000
"644",780,1472701,0,1,4,"PICE","ENG",NA,0.9,0.022,"2016-JUL-07",5520000,540000
"645",781,1479401,0,0,1,"PSEU","MEN","MEN",77.7,0.714,"2001-JUN-06",5550000,680000
"646",782,1479401,0,0,4,"TSUG","HET",NA,3.4,0.071,"2001-JUN-06",5550000,680000
"647",783,1479401,0,1,1,"PSEU","MEN","MEN",78.3,0.714,"2009-AUG-25",5550000,680000
"648",784,1479401,0,1,3,"TSUG","HET",NA,4.6,0.107,"2009-AUG-25",5550000,680000
"649",785,1479401,0,2,1,"PSEU","MEN",NA,84.3,0.76,"2016-JUN-27",5550000,680000
"650",786,1479406,0,0,1,"THUJ","PLI",NA,41.2,0.286,"2002-JUL-06",5550000,7e+05
"651",787,1479406,0,0,2,"CHAM","NOO",NA,37.8,0.25,"2002-JUL-06",5550000,7e+05
"652",788,1479406,0,0,3,"TSUG","HET",NA,17.7,0.25,"2002-JUL-06",5550000,7e+05
"653",789,1479406,0,0,4,"ABIE","AMA",NA,1.7,0.143,"2002-JUL-06",5550000,7e+05
"654",790,1479406,0,0,5,"TAXU","BRE",NA,0.8,0.036,"2002-JUL-06",5550000,7e+05
"655",791,1479406,0,0,6,"TSUG","MER",NA,0.8,0.036,"2002-JUL-06",5550000,7e+05
"656",792,1479406,0,1,1,"THUJ","PLI",NA,42.9,0.323,"2016-JUN-29",5550000,7e+05
"657",795,1479566,0,0,1,"ABIE","LAS",NA,83.5,0.9,"2004-JUL-28",5510000,480000
"658",796,1479566,0,0,2,"PINU","ALB",NA,15.5,0.067,"2004-JUL-28",5510000,480000
"659",797,1479566,0,0,3,"TSUG","MER",NA,1,0.033,"2004-JUL-28",5510000,480000
"660",798,1479566,0,1,1,"ABIE","LAS",NA,97.5,0.944,"2015-JUL-22",5510000,480000
"661",799,1479566,0,1,2,"TSUG","MER",NA,2.5,0.056,"2015-JUL-22",5510000,480000
"662",800,1479586,0,0,1,"PSEU","MEN",NA,97,0.813,"2002-JUL-09",5500000,560000
"663",801,1479586,0,0,2,"JUNI","SCO",NA,3,0.188,"2002-JUL-09",5500000,560000
"664",802,1479586,0,1,1,"PSEU","MEN",NA,96.8,0.786,"2016-JUN-30",5500000,560000
"665",803,1479586,0,1,2,"JUNI","SCO",NA,2.3,0.143,"2016-JUN-30",5500000,560000
"666",804,1479586,0,1,3,"JUNI","SPP",NA,0.9,0.071,"2016-JUN-30",5500000,560000
"667",805,1486291,0,0,3,"TSUG","HET",NA,11.4,0.083,"2002-JUL-16",5530000,290000
"668",806,1486291,0,1,3,"THUJ","PLI",NA,11.3,0.063,"2016-AUG-12",5530000,290000
"669",807,1486426,0,0,1,"PINU","CON","LAT",73.7,0.538,"2003-AUG-21",5500000,4e+05
"670",808,1486426,0,0,2,"LARI","OCC",NA,15.2,0.231,"2003-AUG-21",5500000,4e+05
"671",809,1486426,0,1,5,"PSEU","MEN","GLA",9.7,0.111,"2015-JUL-15",5500000,4e+05
"672",810,1486451,0,0,1,"ABIE","LAS",NA,96.5,0.93,"2000-SEP-08",5480000,5e+05
"673",811,1486451,0,0,2,"LARI","LYA",NA,3.5,0.07,"2000-SEP-08",5480000,5e+05
"674",812,1486451,0,1,1,"ABIE","LAS",NA,99.2,0.971,"2016-JUL-11",5480000,5e+05
"675",813,1486451,0,1,2,"LARI","LYA",NA,0.8,0.029,"2016-JUL-11",5480000,5e+05
"676",816,1486476,0,0,1,"PINU","CON","LAT",75.6,0.874,"2000-SEP-12",5470000,6e+05
"677",817,1486476,0,0,2,"PSEU","MEN","GLA",23.5,0.116,"2000-SEP-12",5470000,6e+05
"678",818,1486476,0,0,3,"LARI","OCC",NA,0.9,0.011,"2000-SEP-12",5470000,6e+05
"679",819,1486476,0,1,1,"PINU","CON",NA,73.1,0.865,"2016-JUL-01",5470000,6e+05
"680",820,1486476,0,1,2,"PSEU","MEN",NA,25.7,0.125,"2016-JUL-01",5470000,6e+05
"681",821,1486476,0,1,3,"LARI","OCC",NA,1.3,0.01,"2016-JUL-01",5470000,6e+05
"682",825,1493241,0,0,1,"TSUG","HET",NA,77.4,0.648,"2001-OCT-01",5500000,570000
"683",826,1493241,0,0,2,"THUJ","PLI",NA,17.4,0.296,"2001-OCT-01",5500000,570000
"684",827,1493241,0,0,3,"PSEU","MEN","MEN",5.2,0.056,"2001-OCT-01",5500000,570000
"685",828,1493241,0,1,1,"TSUG","HET",NA,77,0.667,"2009-AUG-28",5500000,570000
"686",829,1493241,0,1,2,"THUJ","PLI",NA,19.4,0.313,"2009-AUG-28",5500000,570000
"687",830,1493241,0,1,3,"PSEU","MEN",NA,3.6,0.021,"2009-AUG-28",5500000,570000
"688",831,1493241,0,2,1,"TSUG","HET",NA,77.9,0.729,"2016-AUG-07",5500000,570000
"689",832,1493241,0,2,2,"THUJ","PLI",NA,18.5,0.25,"2016-AUG-07",5500000,570000
"690",833,1493241,0,2,3,"PSEU","MEN",NA,3.6,0.021,"2016-AUG-07",5500000,570000
"691",835,1493316,0,0,1,"PICE","ENG","GLA",81.7,0.776,"2003-JUN-20",5470000,440000
"692",836,1493316,0,0,2,"ABIE","LAS",NA,15.6,0.19,"2003-JUN-20",5470000,440000
"693",837,1493316,0,0,3,"TSUG","HET",NA,2.7,0.034,"2003-JUN-20",5470000,440000
"694",838,1493316,0,1,1,"PICE","ENG","GLA",82.4,0.754,"2015-JUL-19",5470000,440000
"695",839,1493316,0,1,2,"ABIE","LAS",NA,15.5,0.228,"2015-JUL-19",5470000,440000
"696",840,1493316,0,1,3,"TSUG","HET",NA,2.1,0.018,"2015-JUL-19",5470000,440000
"697",844,1493381,0,0,1,"ABIE","LAS",NA,71.6,0.872,"2004-JUL-30",5440000,690000
"698",845,1493381,0,0,2,"LARI","LYA",NA,19.1,0.103,"2004-JUL-30",5440000,690000
"699",846,1493381,0,0,3,"PINU","ALB",NA,9.4,0.026,"2004-JUL-30",5440000,690000
"700",847,1493381,0,1,1,"ABIE","LAS",NA,75.5,0.9,"2016-JUL-05",5440000,690000
"701",848,1493381,0,1,2,"LARI","LYA",NA,15.6,0.075,"2016-JUL-05",5440000,690000
"702",849,1493381,0,1,3,"PINU","ALB",NA,8.9,0.025,"2016-JUL-05",5440000,690000
"703",850,1500046,0,0,1,"CHAM","NOO",NA,52.2,0.521,"2003-JUL-09",5490000,710000
"704",851,1500046,0,1,1,"CHAM","NOO",NA,55.4,0.532,"2016-AUG-05",5490000,710000
"705",852,1500051,0,0,3,"ABIE","AMA",NA,6.3,0.194,"2005-JUL-03",5490000,290000
"706",853,1500051,0,1,3,"ABIE","AMA",NA,6.8,0.189,"2016-AUG-11",5490000,290000
"707",854,1500066,0,0,4,"TSUG","MER",NA,8.6,0.032,"2002-JUL-17",5490000,350000
"708",855,1500066,0,1,4,"TSUG","MER",NA,9.1,0.03,"2016-AUG-04",5490000,350000
"709",858,1500241,0,0,1,"PINU","CON","LAT",63,0.5,"2004-JUL-29",5430000,610000
"710",859,1500241,0,1,3,"LARI","OCC",NA,17.2,0.167,"2016-JUL-06",5430000,610000
"711",860,1506946,0,0,1,"PSEU","MEN","MEN",62.2,0.565,"2000-AUG-24",5470000,350000
"712",861,1506946,0,0,2,"PINU","CON","CON",27.2,0.217,"2000-AUG-24",5470000,350000
"713",862,1506946,0,0,3,"TSUG","HET",NA,8.8,0.174,"2000-AUG-24",5470000,350000
"714",863,1506946,0,0,4,"THUJ","PLI",NA,1.8,0.043,"2000-AUG-24",5470000,350000
"715",864,1506946,0,1,1,"PSEU","MEN",NA,58.4,0.595,"2016-JUN-22",5470000,350000
"716",865,1506946,0,1,4,"THUJ","PLI",NA,3.3,0.027,"2016-JUN-22",5470000,350000
"717",866,1506996,0,0,1,"PSEU","MEN","MEN",43.9,0.333,"2005-MAY-10",5460000,550000
"718",867,1506996,0,0,2,"THUJ","PLI",NA,28.6,0.333,"2005-MAY-10",5460000,550000
"719",868,1506996,0,0,3,"TSUG","HET",NA,27.5,0.333,"2005-MAY-10",5460000,550000
"720",869,1506996,0,1,3,"TSUG","HET",NA,21.9,0.3,"2016-AUG-09",5460000,550000
"721",870,1507026,0,0,1,"PINU","CON",NA,84.8,0.87,"2001-AUG-23",5450000,670000
"722",871,1507026,0,1,1,"PINU","CON","LAT",50.4,0.625,"2013-SEP-05",5450000,670000
"723",872,1507026,0,1,2,"PSEU","MEN",NA,26.4,0.25,"2013-SEP-05",5450000,670000
"724",873,1507026,0,1,3,"ABIE","LAS",NA,23.2,0.125,"2013-SEP-05",5450000,670000
"725",874,1507036,0,0,1,"PINU","CON","LAT",93.6,0.953,"2003-JUL-15",5450000,710000
"726",875,1507036,0,0,2,"PICE","ENG",NA,6.4,0.047,"2003-JUL-15",5450000,710000
"727",876,1507036,0,1,1,"PINU","CON","LAT",96.1,0.966,"2013-SEP-10",5450000,710000
"728",877,1507036,0,1,2,"PICE","ENG",NA,3.9,0.034,"2013-SEP-10",5450000,710000
"729",878,1507051,0,0,1,"PICE","SPP",NA,65.3,0.692,"2002-JUL-04",5440000,330000
"730",879,1507051,0,0,2,"ABIE","LAS",NA,34.7,0.308,"2002-JUL-04",5440000,330000
"731",880,1507051,0,1,1,"PICE","SPP",NA,68.5,0.75,"2015-AUG-08",5440000,330000
"732",881,1507051,0,1,2,"ABIE","LAS",NA,29.7,0.208,"2015-AUG-08",5440000,330000
"733",882,1507051,0,1,3,"PSEU","MEN","GLA",1.9,0.042,"2015-AUG-08",5440000,330000
"734",883,1507066,0,0,1,"PSEU","MEN","GLA",95.9,0.947,"2003-JUN-03",5440000,390000
"735",884,1507066,0,0,2,"LARI","OCC",NA,4.1,0.053,"2003-JUN-03",5440000,390000
"736",885,1507066,0,1,1,"PSEU","MEN","GLA",96.3,0.875,"2015-AUG-09",5440000,390000
"737",886,1507066,0,1,2,"BETU","PAP",NA,3.7,0.125,"2015-AUG-09",5440000,390000
"738",887,1507071,0,0,1,"PINU","PON",NA,61.2,0.714,"2003-JUN-27",5430000,410000
"739",888,1507071,0,0,2,"PSEU","MEN","GLA",38.8,0.286,"2003-JUN-27",5430000,410000
"740",889,1507071,0,1,1,"PINU","PON",NA,63.2,0.714,"2015-JUL-24",5430000,410000
"741",890,1507071,0,1,2,"PSEU","MEN","GLA",36.8,0.286,"2015-JUL-24",5430000,410000
"742",891,1513916,0,0,1,"PINU","CON","LAT",99.3,0.982,"2002-JUL-03",5430000,710000
"743",892,1513916,0,0,2,"PICE","SPP",NA,0.7,0.018,"2002-JUL-03",5430000,710000
"744",893,1513916,0,1,1,"PINU","CON","LAT",99.1,0.982,"2015-AUG-13",5430000,710000
"745",894,1513916,0,1,2,"PICE","SPP",NA,0.9,0.018,"2015-AUG-13",5430000,710000
"746",895,1520716,0,0,1,"TSUG","HET",NA,49.3,0.75,"2001-OCT-30",5430000,390000
"747",896,1520716,0,0,4,"ACER","MAC",NA,1.5,0.016,"2001-OCT-30",5430000,390000
"748",897,1520716,0,1,1,"TSUG","HET",NA,50.4,0.78,"2016-JUN-20",5430000,390000
"749",898,1520716,0,1,2,"PSEU","MEN",NA,24.2,0.119,"2016-JUN-20",5430000,390000
"750",899,1520716,0,1,3,"ALNU","RUB",NA,23.3,0.085,"2016-JUN-20",5430000,390000
"751",900,1520716,0,1,4,"ACER","MAC",NA,2.1,0.017,"2016-JUN-20",5430000,390000
"752",901,1534491,0,0,1,"PSEU","MEN","MEN",100,1,"2000-JUN-22",5380000,450000
"753",902,1534491,0,1,1,"PSEU","MEN",NA,100,1,"2009-AUG-24",5380000,450000
"754",903,1534491,0,2,1,"PSEU","MEN",NA,99.2,0.966,"2016-JUN-21",5380000,450000
"755",904,1534491,0,2,2,"PINU","MON",NA,0.8,0.034,"2016-JUN-21",5380000,450000
