"","nfi_plot","meas_date","NFI_species","time_step","biomass_composition","meas_year","total_biomass_plot","pct_biomass"
"1",1004761,2003-08-27,"LARI LAR","t1",25.01387,2003,568.0048,0.0440381313679039
"2",1004761,2003-08-27,"PICE MAR","t1",542.99093,2003,568.0048,0.955961868632096
"3",1011666,2003-08-24,"PICE MAR","t1",487.516,2003,487.516,1
"4",1011681,2003-08-23,"PICE GLA","t1",18.955968,2003,157.9664,0.12
"5",1011681,2003-08-23,"PICE MAR","t1",123.213792,2003,157.9664,0.78
"6",1011681,2003-08-23,"POPU TRE","t1",15.79664,2003,157.9664,0.1
"7",1011706,2004-07-18,"POPU BAL","t1",19.21451,2004,19.21451,1
"8",1018501,2003-08-26,"BETU PAP","t1",43.38763,2003,140.2624,0.309331866558679
"9",1018501,2003-08-26,"LARI LAR","t1",27.33396,2003,140.2624,0.194877315659792
"10",1018501,2003-08-26,"PICE MAR","t1",69.54081,2003,140.2624,0.49579081778153
"11",1018511,2004-07-14,"LARI LAR","t1",316.80568,2004,1747.546536,0.181285976352392
"12",1018511,2004-07-14,"PICE GLA","t1",506.150366,2004,1747.546536,0.289634842662639
"13",1018511,2004-07-14,"PICE MAR","t1",924.59049,2004,1747.546536,0.529079180984969
"14",1018521,2003-08-29,"PICE GLA","t1",123.4134,2003,1424.0932,0.0866610415666615
"15",1018521,2003-08-29,"PICE MAR","t1",1277.87515,2003,1424.0932,0.897325505100368
"16",1018521,2003-08-29,"POPU BAL","t1",22.80465,2003,1424.0932,0.0160134533329701
"17",1018546,2003-08-24,"PINU BAN","t1",197.5792,2003,197.5792,1
"18",1018566,2003-08-23,"PICE MAR","t1",95.949,2003,95.949,1
"19",1025351,2004-07-13,"PICE MAR","t1",1170.969,2004,1170.969,1
"20",1025376,2003-08-27,"PICE MAR","t1",63.223145,2003,65.1785,0.97
"21",1025376,2003-08-27,"POPU BAL","t1",1.955355,2003,65.1785,0.03
"22",1025421,2003-08-25,"POPU TRE","t1",112.483006,2003,112.483006,1
"23",1025501,2003-08-19,"PICE GLA","t1",660.75136,2003,681.9708,0.968885119421535
"24",1025501,2003-08-19,"POPU BAL","t1",21.21944,2003,681.9708,0.0311148805784647
"25",1032241,2004-07-14,"PICE GLA","t1",6876.79617,2004,7037.7987,0.977123169209145
"26",1032241,2004-07-14,"POPU BAL","t1",161.00253,2004,7037.7987,0.0228768307908551
"27",1032316,2004-07-17,"POPU BAL","t1",46.13869,2004,3549.13,0.013
"28",1032316,2004-07-17,"POPU TRE","t1",3502.99131,2004,3549.13,0.987
"29",1032381,2003-08-19,"POPU BAL","t1",180.09,2003,180.09,1
"30",1039166,2004-07-15,"BETU GLA","t1",0.564002,2004,0.564002,1
"31",1039171,2003-08-30,"LARI LAR","t1",109.21,2003,109.21,1
"32",1039211,2003-08-26,"PICE GLA","t1",1227.9024,2003,1442.2613,0.851373048697902
"33",1039211,2003-08-26,"POPU BAL","t1",149.239575,2003,1442.2613,0.10347610034326
"34",1039211,2003-08-26,"POPU TRE","t1",65.119325,2003,1442.2613,0.045150850958838
"35",1046006,2004-07-10,"PINU BAN","t1",104.714496,2004,109.0776,0.96
"36",1046006,2004-07-10,"POPU TRE","t1",1.090776,2004,109.0776,0.01
"37",1046006,2004-07-10,"SALI SCO","t1",3.272328,2004,109.0776,0.03
"38",1046031,2004-07-13,"PICE MAR","t1",372.0468,2004,372.0468,1
"39",1046046,2004-07-15,"LARI LAR","t1",19.823804,2004,1038.5277,0.0190883728955906
"40",1046046,2004-07-15,"PICE GLA","t1",740.242608,2004,1038.5277,0.71278080305417
"41",1046046,2004-07-15,"PICE MAR","t1",278.461288,2004,1038.5277,0.26813082405024
"42",1046086,2003-08-16,"BETU PAP","t1",50.41824,2003,449.3942,0.112191568115476
"43",1046086,2003-08-16,"LARI LAR","t1",255.56832,2003,449.3942,0.568695190102587
"44",1046086,2003-08-16,"PICE GLA","t1",46.422826,2003,449.3942,0.103300901524764
"45",1046086,2003-08-16,"PICE MAR","t1",96.984814,2003,449.3942,0.215812340257173
"46",1052881,2004-07-12,"LARI LAR","t1",98.86294,2004,3383.80881,0.0292164674634794
"47",1052881,2004-07-12,"PICE GLA","t1",3284.94587,2004,3383.80881,0.970783532536521
"48",1052886,2004-07-11,"PICE MAR","t1",41.7236,2004,41.7236,1
"49",1052971,2004-07-22,"LARI LAR","t1",39.83952,2004,718.681964,0.0554341447199585
"50",1052971,2004-07-22,"PICE GLA","t1",88.363844,2004,718.681964,0.122952638894942
"51",1052971,2004-07-22,"PINU BAN","t1",590.4786,2004,718.681964,0.821613216385099
"52",1052991,2003-08-20,"LARI LAR","t1",76.02297,2003,1617.51,0.047
"53",1052991,2003-08-20,"PICE GLA","t1",1038.44142,2003,1617.51,0.642
"54",1052991,2003-08-20,"PICE MAR","t1",503.04561,2003,1617.51,0.311
"55",1053006,2003-08-16,"PICE MAR","t1",709.41,2003,709.41,1
"56",1053031,2003-08-22,"PICE GLA","t1",3953.2383,2003,3953.2383,1
"57",1059821,2003-08-17,"LARI LAR","t1",158.99152,2003,177.8688,0.893869638744963
"58",1059821,2003-08-17,"PICE MAR","t1",18.87728,2003,177.8688,0.106130361255037
"59",1059831,2003-08-17,"LARI LAR","t1",0.415462,2003,515.785231,0.000805494176703171
"60",1059831,2003-08-17,"PICE MAR","t1",515.369769,2003,515.785231,0.999194505823297
"61",1059836,2004-07-17,"PICE MAR","t1",62.09,2004,62.09,1
"62",1059906,2003-08-22,"PICE GLA","t1",45.492544,2003,656.173424,0.0693300617429456
"63",1059906,2003-08-22,"POPU BAL","t1",610.68088,2003,656.173424,0.930669938257054
"64",1066646,2004-07-08,"PICE GLA","t1",7.282424,2004,3868.220783,0.00188262883856182
"65",1066646,2004-07-08,"POPU BAL","t1",28.33222,2004,3868.220783,0.00732435442271393
"66",1066646,2004-07-08,"POPU TRE","t1",3503.377561,2004,3868.220783,0.905681903265861
"67",1066646,2004-07-08,"SALI SCO","t1",329.228578,2004,3868.220783,0.085111113472863
"68",1066676,2004-07-21,"PICE MAR","t1",48.4633,2004,48.4633,1
"69",1066691,2004-07-20,"PICE MAR","t1",1267.45953,2004,1671.6633,0.758202641644403
"70",1066691,2004-07-20,"PINU BAN","t1",404.20377,2004,1671.6633,0.241797358355597
"71",1066766,2003-08-21,"PICE MAR","t1",62.1957,2003,649.7344,0.0957248069364959
"72",1066766,2003-08-21,"PINU BAN","t1",587.5387,2003,649.7344,0.904275193063504
"73",1073521,2004-07-12,"BETU PAP","t1",426.562666,2004,9121.93332,0.0467623091548755
"74",1073521,2004-07-12,"PICE GLA","t1",5066.697074,2004,9121.93332,0.555441143479001
"75",1073521,2004-07-12,"POPU BAL","t1",2073.52776,2004,9121.93332,0.227312312780642
"76",1073521,2004-07-12,"POPU TRE","t1",1555.14582,2004,9121.93332,0.170484234585481
"77",1073566,2004-07-20,"LARI LAR","t1",95.358228,2004,282.6986,0.337314114749772
"78",1073566,2004-07-20,"PICE MAR","t1",187.340372,2004,282.6986,0.662685885250228
"79",1080421,2004-07-09,"LARI LAR","t1",50.75322,2004,177.8749,0.285330982617559
"80",1080421,2004-07-09,"PICE MAR","t1",127.12168,2004,177.8749,0.714669017382441
"81",1080431,2004-07-21,"PICE MAR","t1",345.5653,2004,1714.825796,0.201516271102327
"82",1080431,2004-07-21,"POPU TRE","t1",1333.36045,2004,1714.825796,0.777548630951432
"83",1080431,2004-07-21,"SALI SCO","t1",35.900046,2004,1714.825796,0.0209350979462406
"84",1080471,2003-08-18,"PICE MAR","t1",66.8061,2003,66.8061,1
"85",1080481,2003-08-20,"PICE MAR","t1",484.0637,2003,484.0637,1
"86",1087286,2004-07-11,"PICE GLA","t1",6665.77131,2004,11433.57,0.583
"87",1087286,2004-07-11,"POPU TRE","t1",4767.79869,2004,11433.57,0.417
"88",1087331,2004-07-21,"PICE MAR","t1",753.716,2004,753.716,1
"89",1087351,2003-08-18,"PICE MAR","t1",38.952837,2003,39.3463,0.99
"90",1087351,2003-08-18,"PINU BAN","t1",0.393463,2003,39.3463,0.01
"91",1087371,2003-08-15,"PICE GLA","t1",1029.61824,2003,3587.52,0.287
"92",1087371,2003-08-15,"POPU BAL","t1",2296.0128,2003,3587.52,0.64
"93",1087371,2003-08-15,"POPU TRE","t1",261.88896,2003,3587.52,0.073
"94",1087376,2003-08-15,"PICE GLA","t1",4303.94356,2003,7315.7954,0.588308355370354
"95",1087376,2003-08-15,"POPU TRE","t1",3011.85184,2003,7315.7954,0.411691644629646
"96",1094196,2009-07-29,"PICE MAR","t1",98.1369,2009,98.1369,1
"97",1100891,2003-06-30,"ABIE LAS","t1",668.66505,2003,1036.69,0.645
"98",1100891,2003-06-30,"PICE SPP","t1",368.02495,2003,1036.69,0.355
"99",1100951,2005-07-13,"PICE GLA","t1",2808.06836,2005,2984.3342,0.940936293260989
"100",1100951,2005-07-13,"POPU TRE","t1",176.26584,2005,2984.3342,0.0590637067390107
"101",1100996,2003-07-19,"PICE MAR","t1",132.75009,2003,4057.8024,0.0327147743813252
"102",1100996,2003-07-19,"PICE SPP","t1",545.95911,2003,4057.8024,0.134545514094033
"103",1100996,2003-07-19,"PINU CON","t1",3379.0932,2003,4057.8024,0.832739711524642
"104",1101001,2005-07-11,"BETU NEO","t1",42.25,2005,42.25,1
"105",1101011,2003-07-18,"ABIE LAS","t1",167.2778,2003,1442.05,0.116
"106",1101011,2003-07-18,"PICE SPP","t1",1274.7722,2003,1442.05,0.884
"107",1101036,2004-08-16,"BETU SPP","t1",143.572,2004,5742.88,0.025
"108",1101036,2004-08-16,"PICE GLA","t1",5599.308,2004,5742.88,0.975
"109",1101411,2004-07-25,"SALI SPP","t1",49.687209,2004,49.687209,1
"110",1107841,2003-07-16,"PICE SPP","t1",4954.22284,2003,5646.67534,0.87736987549208
"111",1107841,2003-07-16,"PINU CON","t1",692.4525,2003,5646.67534,0.12263012450792
"112",1107881,2001-08-19,"PICE GLA","t1",37.168752,2001,1141.1892,0.0325701925675427
"113",1107881,2001-08-19,"PICE MAR","t1",100.69003,2001,1141.1892,0.088232547241071
"114",1107881,2001-08-19,"PINU CON","t1",1003.330418,2001,1141.1892,0.879197260191386
"115",1107901,2001-07-14,"ABIE LAS","t1",346.862692,2001,1321.1684,0.262542376883976
"116",1107901,2001-07-14,"PICE ENG GLA","t1",970.51074,2001,1321.1684,0.734585189897064
"117",1107901,2001-07-14,"POPU BAL","t1",3.794968,2001,1321.1684,0.00287243321895982
"118",1107906,2004-08-19,"ABIE LAS","t1",2.982,2004,9434.102,0.000316087318114644
"119",1107906,2004-08-19,"BETU PAP","t1",2272.89992,2004,9434.102,0.240923822956334
"120",1107906,2004-08-19,"PICE MAR","t1",4611.81768,2004,9434.102,0.488845433301442
"121",1107906,2004-08-19,"PINU CON","t1",2546.4024,2004,9434.102,0.269914656424109
"122",1107921,2001-07-16,"LARI LAR","t1",63.238806,2001,321.8636,0.196477035613844
"123",1107921,2001-07-16,"PICE MAR","t1",258.624794,2001,321.8636,0.803522964386156
"124",1108316,2004-07-11,"PICE MAR","t1",450.4658,2004,450.4658,1
"125",1108326,2004-07-10,"PICE MAR","t1",122.363948,2004,126.1484,0.97
"126",1108326,2004-07-10,"POPU TRE","t1",1.261484,2004,126.1484,0.01
"127",1108326,2004-07-10,"SALI SCO","t1",2.522968,2004,126.1484,0.02
"128",1114726,2002-07-28,"PICE SPP","t1",318.08567,2002,1739.884003,0.182820044009566
"129",1114726,2002-07-28,"PINU CON","t1",1421.798333,2002,1739.884003,0.817179955990434
"130",1114741,2005-07-09,"PICE GLA","t1",24.006861,2005,4158.095419,0.00577352335165351
"131",1114741,2005-07-09,"PICE MAR","t1",3743.244113,2005,4158.095419,0.900230450675956
"132",1114741,2005-07-09,"PINU CON LAT","t1",128.97536,2005,4158.095419,0.0310178932909187
"133",1114741,2005-07-09,"POPU BAL","t1",261.869085,2005,4158.095419,0.0629781326814713
"134",1114761,2005-07-07,"BETU PAP","t1",1139.076424,2005,5791.5033,0.196680613822667
"135",1114761,2005-07-07,"PICE GLA","t1",4018.459816,2005,5791.5033,0.693854360058812
"136",1114761,2005-07-07,"PICE MAR","t1",633.96706,2005,5791.5033,0.109465026118521
"137",1114771,2002-07-11,"PINU CON LAT","t1",64.7252,2002,64.7252,1
"138",1114846,2002-07-15,"PICE GLA","t1",816.6128,2002,4256.600975,0.191846218331517
"139",1114846,2002-07-15,"POPU TRE","t1",3439.988175,2002,4256.600975,0.808153781668483
"140",1115226,2004-07-08,"PICE MAR","t1",680.8512,2004,680.8512,1
"141",1121576,2001-08-21,"ABIE LAS","t1",3784.8001,2001,3784.8001,1
"142",1121621,2001-08-24,"PICE GLA","t1",4234.53399,2001,5788.894,0.731492749737687
"143",1121621,2001-08-24,"PINU CON","t1",1554.36001,2001,5788.894,0.268507250262313
"144",1128496,2002-07-27,"PICE SPP","t1",380.6943,2002,380.6943,1
"145",1128606,2002-07-09,"PICE MAR","t1",331.2491,2002,331.2491,1
"146",1128611,2002-07-13,"POPU TRE","t1",2774.96973,2002,2774.96973,1
"147",1128906,2004-07-23,"PICE MAR","t1",155.6367,2004,155.6367,1
"148",1128926,2004-07-11,"PICE MAR","t1",7300.332,2004,7487.52,0.975
"149",1128926,2004-07-11,"PINU BAN","t1",187.188,2004,7487.52,0.025
"150",1128956,2003-07-04,"LARI LAR","t1",2.997258,2003,13.760139,0.217821782178218
"151",1128956,2003-07-04,"PICE MAR","t1",7.765623,2003,13.760139,0.564356435643564
"152",1128956,2003-07-04,"PINU BAN","t1",2.316063,2003,13.760139,0.168316831683168
"153",1128956,2003-07-04,"POPU TRE","t1",0.681195,2003,13.760139,0.0495049504950495
"154",1128976,2004-07-08,"LARI LAR","t1",15.229305,2004,15.229305,1
"155",1135306,2003-07-23,"ABIE LAS","t1",12267.14,2003,12267.14,1
"156",1135321,2003-07-25,"ABIE LAS","t1",6969.8963,2003,6969.8963,1
"157",1135396,2002-07-31,"PICE MAR","t1",2654.6962,2002,4592.9,0.578
"158",1135396,2002-07-31,"PICE SPP","t1",1497.2854,2002,4592.9,0.326
"159",1135396,2002-07-31,"PINU CON","t1",440.9184,2002,4592.9,0.096
"160",1135431,2000-08-26,"PICE MAR","t1",1238.4045,2000,1238.4045,1
"161",1135451,2004-08-27,"PICE GLA","t1",121.450384,2004,3777.8544,0.0321479790221667
"162",1135451,2004-08-27,"PICE MAR","t1",3648.508272,2004,3777.8544,0.96576201348575
"163",1135451,2004-08-27,"PICE SPP","t1",7.895744,2004,3777.8544,0.00209000749208334
"164",1135456,2004-08-11,"BETU SPP","t1",46.66246,2004,3363.28654,0.0138740661686233
"165",1135456,2004-08-11,"PICE GLA","t1",3065.36468,2004,3363.28654,0.911419423692636
"166",1135456,2004-08-11,"PICE MAR","t1",251.2594,2004,3363.28654,0.0747065101387407
"167",1135471,2003-06-16,"BETU NEO","t1",33.820272,2003,306.1356,0.110474809202197
"168",1135471,2003-06-16,"LARI LAR","t1",27.118356,2003,306.1356,0.0885828240818774
"169",1135471,2003-06-16,"PICE MAR","t1",245.196972,2003,306.1356,0.800942366715926
"170",1135821,2003-07-06,"LARI LAR","t1",5.404244,2003,135.1061,0.04
"171",1135821,2003-07-06,"PICE MAR","t1",129.701856,2003,135.1061,0.96
"172",1135826,2003-07-01,"PICE MAR","t1",3617.39218,2003,4592.9283,0.787600402993445
"173",1135826,2003-07-01,"PINU BAN","t1",173.22604,2003,4592.9283,0.0377158162908835
"174",1135826,2003-07-01,"POPU BAL","t1",100.28876,2003,4592.9283,0.0218354725894589
"175",1135826,2003-07-01,"POPU TRE","t1",702.02132,2003,4592.9283,0.152848308126212
"176",1135876,2003-08-16,"BETU PAP","t1",1.925856,2003,16.0488,0.12
"177",1135876,2003-08-16,"PICE MAR","t1",14.122944,2003,16.0488,0.88
"178",1142211,2003-06-24,"PICE SPP","t1",5473.99,2003,5473.99,1
"179",1142241,2003-06-25,"PINU CON","t1",28.532,2003,28.532,1
"180",1142316,2003-07-30,"PICE MAR","t1",37.34376,2003,77.4097,0.482417061427702
"181",1142316,2003-07-30,"PINU CON LAT","t1",40.06594,2003,77.4097,0.517582938572298
"182",1142331,2004-08-14,"LARI LAR","t1",25.8315,2004,608.1021,0.0424788863580639
"183",1142331,2004-08-14,"PICE MAR","t1",582.2706,2004,608.1021,0.957521113641936
"184",1142341,2004-08-20,"BETU PAP","t1",1700.07409,2004,2028.349,0.838156594353339
"185",1142341,2004-08-20,"PICE GLA","t1",328.27491,2004,2028.349,0.161843405646661
"186",1142656,2004-07-22,"PICE MAR","t1",2001.45035,2004,2726.8646,0.733974965240298
"187",1142656,2004-07-22,"PINU BAN","t1",725.41425,2004,2726.8646,0.266025034759702
"188",1149076,2001-08-23,"ABIE LAS","t1",201.8734,2001,201.8734,1
"189",1149111,2003-07-26,"ABIE LAS","t1",183.43872,2003,1910.82,0.096
"190",1149111,2003-07-26,"PICE SPP","t1",1727.38128,2003,1910.82,0.904
"191",1149116,2002-07-23,"ABIE LAS","t1",6359.56838,2002,6629.7926,0.959240924067519
"192",1149116,2002-07-23,"PICE SPP","t1",270.22422,2002,6629.7926,0.0407590759324809
"193",1149246,2001-07-19,"BETU OCC","t1",65.568072,2001,1012.878072,0.0647344175104227
"194",1149246,2001-07-19,"LARI LAR","t1",947.31,2001,1012.878072,0.935265582489577
"195",1149546,2004-07-22,"PICE MAR","t1",4139.16235,2004,4201.372,0.985193015519692
"196",1149546,2004-07-22,"PINU BAN","t1",62.20965,2004,4201.372,0.0148069844803079
"197",1149556,2004-07-24,"PICE MAR","t1",172.368,2004,179.55,0.96
"198",1149556,2004-07-24,"SALI SPP","t1",7.182,2004,179.55,0.04
"199",1149626,2004-07-09,"PICE MAR","t1",818.472854,2004,1415.354714,0.578281080992676
"200",1149626,2004-07-09,"PINU BAN","t1",596.88186,2004,1415.354714,0.421718919007324
"201",1149636,2003-07-18,"PICE MAR","t1",24.9978,2003,24.9978,1
"202",1156121,2003-06-18,"LARI LAR","t1",1154.351,2003,4197.64,0.275
"203",1156121,2003-06-18,"PICE GLA","t1",621.25072,2003,4197.64,0.148
"204",1156121,2003-06-18,"PICE MAR","t1",2422.03828,2003,4197.64,0.577
"205",1156291,2004-07-19,"PINU BAN","t1",38.2621,2004,38.2621,1
"206",1156421,2004-06-23,"PICE MAR","t1",53.553654,2004,467.4546,0.114564396200187
"207",1156421,2004-06-23,"PINU BAN","t1",413.36,2004,467.4546,0.884278387676579
"208",1156421,2004-06-23,"SALI SPP","t1",0.540946,2004,467.4546,0.00115721612323421
"209",1156461,2003-08-18,"BETU PAP","t1",38.91132,2003,3397.1802,0.0114540052953329
"210",1156461,2003-08-18,"PICE MAR","t1",1129.285236,2003,3397.1802,0.332418408655508
"211",1156461,2003-08-18,"POPU BAL","t1",260.803296,2003,3397.1802,0.0767705216226092
"212",1156461,2003-08-18,"POPU TRE","t1",1968.180348,2003,3397.1802,0.57935706442655
"213",1156501,2003-07-01,"PICE MAR","t1",3566.273,2003,4220.9311,0.844901969615188
"214",1156501,2003-07-01,"PINU BAN","t1",654.6581,2003,4220.9311,0.155098030384812
"215",1162966,2004-08-24,"ABIE LAS","t1",1094.27298,2004,3457.001316,0.316538201745943
"216",1162966,2004-08-24,"PICE GLA","t1",360.002316,2004,3457.001316,0.104137164869971
"217",1162966,2004-08-24,"PICE MAR","t1",2002.72602,2004,3457.001316,0.579324633384085
"218",1162986,2001-07-21,"PICE GLA","t1",11.3483,2001,11.3483,1
"219",1163006,2001-07-19,"LARI LAR","t1",362.042416,2001,531.008182,0.681801953853886
"220",1163006,2001-07-19,"PICE MAR","t1",168.965766,2001,531.008182,0.318198046146114
"221",1169811,2003-07-24,"ABIE LAS","t1",2806.16545,2003,4642.92829,0.604395604395604
"222",1169811,2003-07-24,"PICE ENG GLA","t1",1192.04053,2003,4642.92829,0.256743256743257
"223",1169811,2003-07-24,"PINU CON LAT","t1",644.72231,2003,4642.92829,0.138861138861139
"224",1170181,2004-07-21,"PICE MAR","t1",2394.75,2004,2394.75,1
"225",1170231,2003-08-17,"PICE MAR","t1",25.3568,2003,304.2861,0.0833321009405293
"226",1170231,2003-08-17,"PINU BAN","t1",278.9293,2003,304.2861,0.916667899059471
"227",1170251,2003-08-12,"BETU PAP PAP","t1",56.4214,2003,8060.2,0.007
"228",1170251,2003-08-12,"PICE GLA","t1",1491.137,2003,8060.2,0.185
"229",1170251,2003-08-12,"PICE MAR","t1",6512.6416,2003,8060.2,0.808
"230",1176611,2002-08-01,"POPU TRE","t1",2892.82776,2002,2892.82776,1
"231",1176651,2001-08-18,"PICE MAR","t1",1501.9754,2001,1501.9754,1
"232",1176656,2003-06-27,"ABIE LAS","t1",2123.534,2003,2123.534,1
"233",1176756,2003-06-20,"PICE MAR","t1",47.7416,2003,47.7416,1
"234",1177066,2004-06-22,"ALNU CRI","t1",1.998039,2004,1373.185287,0.00145503962132096
"235",1177066,2004-06-22,"BETU PAP","t1",17.316338,2004,1373.185287,0.0126103433847817
"236",1177066,2004-06-22,"PINU BAN","t1",0.666013,2004,1373.185287,0.000485013207106988
"237",1177066,2004-06-22,"POPU TRE","t1",1352.538884,2004,1373.185287,0.984964590579683
"238",1177066,2004-06-22,"SALI SPP","t1",0.666013,2004,1373.185287,0.000485013207106988
"239",1177071,2004-06-22,"ALNU CRI","t1",2.094144,2004,16.269888,0.128712871287129
"240",1177071,2004-06-22,"PINU BAN","t1",13.69248,2004,16.269888,0.841584158415842
"241",1177071,2004-06-22,"SALI SPP","t1",0.483264,2004,16.269888,0.0297029702970297
"242",1177121,2003-08-14,"PICE MAR","t1",3435.156055,2003,5193.19334,0.661472783718852
"243",1177121,2003-08-14,"PINU BAN","t1",1637.608285,2003,5193.19334,0.315337438409331
"244",1177121,2003-08-14,"POPU TRE","t1",120.429,2003,5193.19334,0.0231897778718171
"245",1177126,2003-08-15,"PICE GLA","t1",0,2003,114.6223,0
"246",1177126,2003-08-15,"POPU TRE","t1",114.6223,2003,114.6223,1
"247",1183516,2005-07-18,"ABIE LAS","t1",380.486304,2005,5264.0109,0.0722806831574
"248",1183516,2005-07-18,"PICE ENG GLA","t1",3129.869946,2005,5264.0109,0.594578925738927
"249",1183516,2005-07-18,"POPU TRE","t1",1753.65465,2005,5264.0109,0.333140391103673
"250",1183601,2003-06-21,"PICE GLA","t1",4032.79717,2003,4786.5557,0.842525904378382
"251",1183601,2003-06-21,"POPU BAL","t1",753.75853,2003,4786.5557,0.157474095621618
"252",1183821,2004-07-20,"BETU PAP","t1",45.17604,2004,1254.89,0.036
"253",1183821,2004-07-20,"POPU TRE","t1",1209.71396,2004,1254.89,0.964
"254",1183951,2003-08-30,"PICE MAR","t1",3.0994,2003,3.0994,1
"255",1183991,2003-08-13,"PICE MAR","t1",842.480754,2003,870.592484,0.967709656909926
"256",1183991,2003-08-13,"POPU TRE","t1",28.11173,2003,870.592484,0.0322903430900743
"257",1190376,2002-07-24,"PICE SPP","t1",1930.49464,2002,2213.87,0.872
"258",1190376,2002-07-24,"POPU BAL","t1",283.37536,2002,2213.87,0.128
"259",1190456,2003-07-25,"ABIE LAS","t1",1706.13426,2003,14966.09,0.114
"260",1190456,2003-07-25,"PICE ENG GLA","t1",12885.80349,2003,14966.09,0.861
"261",1190456,2003-07-25,"PINU CON LAT","t1",374.15225,2003,14966.09,0.025
"262",1190916,2004-06-12,"LARI LAR","t1",48.69396,2004,392.555592,0.124043475605361
"263",1190916,2004-06-12,"PICE MAR","t1",245.814884,2004,392.555592,0.626191268216605
"264",1190916,2004-06-12,"PINU BAN","t1",96.03531,2004,392.555592,0.244641299110573
"265",1190916,2004-06-12,"SALI SPP","t1",2.011438,2004,392.555592,0.00512395706746167
"266",1197411,2001-07-24,"PICE MAR","t1",103.32,2001,103.32,1
"267",1197741,2003-06-17,"LARI LAR","t1",3036.98228,2003,3861.776,0.786421138874963
"268",1197741,2003-06-17,"PICE MAR","t1",824.79372,2003,3861.776,0.213578861125037
"269",1197751,2003-06-23,"LARI LAR","t1",206.0481,2003,259.18,0.795
"270",1197751,2003-06-23,"PICE MAR","t1",53.1319,2003,259.18,0.205
"271",1197761,2003-08-17,"ABIE BAL","t1",0,2003,4111.2707,0
"272",1197761,2003-08-17,"PICE MAR","t1",4111.2707,2003,4111.2707,1
"273",1197766,2003-07-15,"BETU PAP","t1",15.648048,2003,4260.9996,0.00367238898590838
"274",1197766,2003-07-15,"BETU PAP PAP","t1",351.95355,2003,4260.9996,0.0825988225861368
"275",1197766,2003-07-15,"LARI LAR","t1",2177.010108,2003,4260.9996,0.510915351411908
"276",1197766,2003-07-15,"PICE MAR","t1",1716.387894,2003,4260.9996,0.402813437016047
"277",1204261,2003-06-26,"PICE GLA","t1",10.87828,2003,1762.364,0.00617255005208913
"278",1204261,2003-06-26,"PICE MAR","t1",1751.48572,2003,1762.364,0.993827449947911
"279",1204271,2002-07-21,"PICE GLA","t1",144.653552,2002,3474.8541,0.0416286692439835
"280",1204271,2002-07-21,"PICE MAR","t1",96.863196,2002,3474.8541,0.0278754713759061
"281",1204271,2002-07-21,"PINU CON LAT","t1",3233.337352,2002,3474.8541,0.93049585938011
"282",1204281,2001-07-25,"PICE GLA","t1",992.865802,2001,4604.3709,0.21563549582854
"283",1204281,2001-07-25,"PINU CON","t1",281.05285,2001,4604.3709,0.061040445286456
"284",1204281,2001-07-25,"POPU TRE","t1",3330.452248,2001,4604.3709,0.723324058885004
"285",1204606,2003-08-26,"BETU PAP","t1",11.1923,2003,1269.8923,0.00881358206518773
"286",1204606,2003-08-26,"PICE MAR","t1",818.155,2003,1269.8923,0.644271171657628
"287",1204606,2003-08-26,"PINU BAN","t1",440.545,2003,1269.8923,0.346915246277184
"288",1211016,2002-07-25,"ABIE LAS","t1",4477.53,2002,4477.53,1
"289",1211056,2005-07-17,"ABIE LAS","t1",6948.118,2005,7059.8236,0.984177281709985
"290",1211056,2005-07-17,"PICE ENG","t1",111.7056,2005,7059.8236,0.0158227182900151
"291",1211116,2005-06-18,"ABIE LAS","t1",2428.66114,2005,6754.424,0.35956598815828
"292",1211116,2005-06-18,"PICE ENG","t1",4325.76286,2005,6754.424,0.64043401184172
"293",1211411,2004-08-10,"PICE MAR","t1",1863.56,2004,1867.376134,0.997956419207401
"294",1211411,2004-08-10,"SALI SPP","t1",3.816134,2004,1867.376134,0.00204358079259891
"295",1211511,2004-06-13,"PICE MAR","t1",327.76663,2004,339.8754,0.964372914309185
"296",1211511,2004-06-13,"POPU BAL","t1",12.10877,2004,339.8754,0.0356270856908149
"297",1211561,2004-06-12,"PICE MAR","t1",24.3,2004,24.3,1
"298",1217986,2003-07-27,"ABIE LAS","t1",6717.08806,2003,7499.9765,0.895614547592249
"299",1217986,2003-07-27,"PICE ENG GLA","t1",59.08592,2003,7499.9765,0.00787814735152837
"300",1217986,2003-07-27,"PINU CON LAT","t1",723.80252,2003,7499.9765,0.0965073050562225
"301",1217991,2003-06-23,"ABIE LAS","t1",11721.27775,2003,14159.07675,0.827827827827828
"302",1217991,2003-06-23,"PICE ENG GLA","t1",1672.4435,2003,14159.07675,0.118118118118118
"303",1217991,2003-06-23,"PINU CON LAT","t1",765.3555,2003,14159.07675,0.0540540540540541
"304",1217996,2002-08-18,"ABIE LAS","t1",55.007273,2002,3376.3983,0.0162917014263394
"305",1217996,2002-08-18,"PICE GLA","t1",3321.391027,2002,3376.3983,0.98370829857366
"306",1218376,2003-08-28,"LARI LAR","t1",455.16127,2003,2719.3375,0.167379470183455
"307",1218376,2003-08-28,"PICE MAR","t1",2264.17623,2003,2719.3375,0.832620529816545
"308",1224876,2005-06-19,"ABIE AMA","t1",92.35785,2005,2533.6215,0.0364528995353094
"309",1224876,2005-06-19,"ABIE LAS","t1",2441.26365,2005,2533.6215,0.963547100464691
"310",1224886,2002-07-06,"ABIE LAS","t1",231.55977,2002,6059.8286,0.0382122639574327
"311",1224886,2002-07-06,"PICE ENG GLA","t1",5828.26883,2002,6059.8286,0.961787736042567
"312",1224896,2002-08-08,"PINU CON LAT","t1",1302.18972,2002,1585.73103,0.821192052980132
"313",1224896,2002-08-08,"POPU BAL","t1",283.54131,2002,1585.73103,0.178807947019868
"314",1224916,2003-06-24,"BETU NEO","t1",545.92616,2003,11867.96,0.046
"315",1224916,2003-06-24,"PICE ENG GLA","t1",9316.3486,2003,11867.96,0.785
"316",1224916,2003-06-24,"POPU TRE","t1",2005.68524,2003,11867.96,0.169
"317",1225141,2004-07-27,"LARI LAR","t1",57.88914,2004,589.356981,0.0982242373743936
"318",1225141,2004-07-27,"PICE MAR","t1",529.66896,2004,589.356981,0.898723485214812
"319",1225141,2004-07-27,"SALI SPP","t1",1.798881,2004,589.356981,0.00305227741079392
"320",1225151,2003-09-14,"PINU BAN","t1",8.593936,2003,53.7121,0.16
"321",1225151,2003-09-14,"SALI SPP","t1",45.118164,2003,53.7121,0.84
"322",1225161,2003-09-13,"LARI LAR","t1",243.21798,2003,1609.9753,0.151069385971325
"323",1225161,2003-09-13,"PICE MAR","t1",1366.75732,2003,1609.9753,0.848930614028675
"324",1225181,2003-09-15,"PICE MAR","t1",1019.9703,2003,1019.9703,1
"325",1225201,2003-09-26,"PINU BAN","t1",2493.4752,2003,2493.4752,1
"326",1231676,2001-08-26,"PICE LUT X","t1",2.2425,2001,2.2425,1
"327",1231761,2000-08-01,"PICE ENG GLA","t1",5519.316363,2000,6929.0113,0.796551791306791
"328",1231761,2000-08-01,"POPU BAL","t1",1409.694937,2000,6929.0113,0.203448208693209
"329",1231781,2002-07-18,"BETU PAP","t1",146.0646,2002,12172.05,0.012
"330",1231781,2002-07-18,"PICE GLA","t1",3262.1094,2002,12172.05,0.268
"331",1231781,2002-07-18,"PINU CON LAT","t1",7546.671,2002,12172.05,0.62
"332",1231781,2002-07-18,"POPU TRE","t1",1217.205,2002,12172.05,0.1
"333",1238556,2003-07-03,"ABIE LAS","t1",13450.93104,2003,14279.12,0.942
"334",1238556,2003-07-03,"TSUG HET","t1",128.51208,2003,14279.12,0.009
"335",1238556,2003-07-03,"TSUG MER","t1",699.67688,2003,14279.12,0.049
"336",1238891,2004-07-27,"PICE MAR","t1",1261.167842,2004,1327.3726,0.950123455915845
"337",1238891,2004-07-27,"PINU BAN","t1",66.204758,2004,1327.3726,0.0498765440841554
"338",1238891,2004-07-27,"SALI SPP","t1",0,2004,1327.3726,0
"339",1238901,2004-07-28,"PICE MAR","t1",2812.91422,2004,4493.2319,0.626033617361258
"340",1238901,2004-07-28,"PINU BAN","t1",1680.31768,2004,4493.2319,0.373966382638742
"341",1238911,2006-09-09,"BETU SPP","t1",0.17697,2006,92.027,0.00192302259119606
"342",1238911,2006-09-09,"LARI LAR","t1",87.24881,2006,92.027,0.948078390037706
"343",1238911,2006-09-09,"PICE MAR","t1",4.60122,2006,92.027,0.0499985873710976
"344",1238921,2004-09-08,"BETU PUM","t1",17.02683,2004,18.9187,0.9
"345",1238921,2004-09-08,"PICE MAR","t1",1.89187,2004,18.9187,0.1
"346",1238931,2006-09-08,"ALNU INC","t1",2.375114,2006,62.658403,0.0379057538379968
"347",1238931,2006-09-08,"BETU PAP","t1",1.812587,2006,62.658403,0.0289280752974186
"348",1238931,2006-09-08,"POPU TRE","t1",1.312563,2006,62.658403,0.0209479165946824
"349",1238931,2006-09-08,"SALI SPP","t1",57.158139,2006,62.658403,0.912218254269902
"350",1238941,2003-09-27,"BETU PAP","t1",8.033088,2003,7571.503088,0.00106096344499041
"351",1238941,2003-09-27,"PINU BAN","t1",809.29129,2003,7571.503088,0.106886476911386
"352",1238941,2003-09-27,"POPU TRE","t1",6754.17871,2003,7571.503088,0.892052559643624
"353",1238951,2004-09-11,"BETU PUM","t1",11.708424,2004,75.5179,0.155041705344031
"354",1238951,2004-09-11,"PICE MAR","t1",54.61,2004,75.5179,0.723139811885659
"355",1238951,2004-09-11,"PINU BAN","t1",4.599738,2004,75.5179,0.060909241385155
"356",1238951,2004-09-11,"SALI SPP","t1",4.599738,2004,75.5179,0.060909241385155
"357",1239011,2003-08-30,"ALNU SPP","t1",31.12501,2003,4449.88,0.00699457288735876
"358",1239011,2003-08-30,"POPU BAL","t1",4214.21921,2003,4449.88,0.947041090995712
"359",1239011,2003-08-30,"SALI SPP","t1",204.53578,2003,4449.88,0.045964336116929
"360",1245451,2002-08-03,"ABIE LAS","t1",10165.35552,2002,13236.14,0.768
"361",1245451,2002-08-03,"TSUG MER","t1",3070.78448,2002,13236.14,0.232
"362",1245481,2002-08-16,"ABIE LAS","t1",10006.81396,2002,10046.8306,0.996016988680988
"363",1245481,2002-08-16,"PICE ENG","t1",40.01664,2002,10046.8306,0.00398301131901239
"364",1245546,2000-07-30,"BETU PAP","t1",32.63832,2000,4177.703412,0.00781250289483211
"365",1245546,2000-07-30,"PICE ENG GLA","t1",32.63832,2000,4177.703412,0.00781250289483211
"366",1245546,2000-07-30,"PICE GLA","t1",1138.26141,2000,4177.703412,0.27246103845727
"367",1245546,2000-07-30,"PICE MAR","t1",2733.457752,2000,4177.703412,0.654296746903679
"368",1245546,2000-07-30,"POPU BAL","t1",240.70761,2000,4177.703412,0.0576172088493868
"369",1245561,2005-06-13,"POPU TRE","t1",6378.9,2005,6378.9,1
"370",1245881,2003-08-29,"BETU PAP","t1",6.335952,2003,4142.053156,0.00152966457970777
"371",1245881,2003-08-29,"BETU PAP PAP","t1",97.74678,2003,4142.053156,0.0235986300316808
"372",1245881,2003-08-29,"PICE GLA","t1",1080.067864,2003,4142.053156,0.260756640082096
"373",1245881,2003-08-29,"POPU TRE","t1",2957.90256,2003,4142.053156,0.714115065306516
"374",1252421,2005-06-26,"ABIE LAS","t1",1267.77318,2005,17114.93793,0.0740740740740741
"375",1252421,2005-06-26,"PICE ENG","t1",1027.9242,2005,17114.93793,0.0600600600600601
"376",1252421,2005-06-26,"PINU CON","t1",14819.24055,2005,17114.93793,0.865865865865866
"377",1252651,2004-07-17,"PINU BAN","t1",17.5232,2004,17.5232,1
"378",1252671,2004-07-18,"LARI LAR","t1",23.613772,2004,25.9492,0.91
"379",1252671,2004-07-18,"PICE MAR","t1",2.335428,2004,25.9492,0.09
"380",1252691,2003-08-29,"ABIE BAL","t1",50.79393,2003,51.307,0.99
"381",1252691,2003-08-29,"PICE GLA","t1",0.51307,2003,51.307,0.01
"382",1252701,2003-09-12,"PICE MAR","t1",2701.39476,2003,4246.8627,0.636091851992295
"383",1252701,2003-09-12,"PINU BAN","t1",1545.46794,2003,4246.8627,0.363908148007705
"384",1252711,2003-09-25,"ALNU CRI","t1",9.270224,2003,1634.0378,0.00567320046084613
"385",1252711,2003-09-25,"POPU TRE","t1",1624.767576,2003,1634.0378,0.994326799539154
"386",1252721,2003-09-24,"PICE MAR","t1",116.1985,2003,427.2417,0.271973686089162
"387",1252721,2003-09-24,"POPU BAL","t1",311.0432,2003,427.2417,0.728026313910838
"388",1252761,2004-09-26,"LARI LAR","t1",1.739027,2004,175.641727,0.0099009900990099
"389",1252761,2004-09-26,"PICE MAR","t1",173.9027,2004,175.641727,0.99009900990099
"390",1252776,2003-08-26,"LARI LAR","t1",35.746612,2003,190.7903,0.187360741085894
"391",1252776,2003-08-26,"PICE MAR","t1",155.043688,2003,190.7903,0.812639258914106
"392",1259261,2002-08-21,"PINU CON LAT","t1",2883.63425,2002,2883.63425,1
"393",1259296,2001-06-17,"ABIE LAS","t1",199.6855,2001,199.6855,1
"394",1259336,2001-07-30,"POPU TRE","t1",5344.02684,2001,5344.02684,1
"395",1259646,2003-08-27,"LARI LAR","t1",51.720788,2003,302.3188,0.171080290077891
"396",1259646,2003-08-27,"PICE MAR","t1",250.598012,2003,302.3188,0.828919709922109
"397",1259661,2003-08-27,"PICE MAR","t1",497.2965,2003,497.2965,1
"398",1259711,2003-07-19,"LARI LAR","t1",245.537836,2003,274.2859,0.895189420965496
"399",1259711,2003-07-19,"PICE MAR","t1",28.748064,2003,274.2859,0.104810579034504
"400",1259731,2003-07-02,"PICE MAR","t1",1574.0418,2003,2811.8926,0.559780199286417
"401",1259731,2003-07-02,"PINU BAN","t1",1237.8508,2003,2811.8926,0.440219800713583
"402",1259736,2003-08-26,"LARI LAR","t1",39.392352,2003,41.0337,0.96
"403",1259736,2003-08-26,"PICE MAR","t1",1.641348,2003,41.0337,0.04
"404",1266391,2004-07-30,"PICE MAR","t1",112.42938,2004,1582.04199,0.0710659898477157
"405",1266391,2004-07-30,"POPU TRE","t1",1469.61261,2004,1582.04199,0.928934010152284
"406",1266411,2004-07-29,"BETU PAP","t1",3.513246,2004,31.9386,0.11
"407",1266411,2004-07-29,"POPU TRE","t1",21.398862,2004,31.9386,0.67
"408",1266411,2004-07-29,"SALI SPP","t1",7.026492,2004,31.9386,0.22
"409",1266441,2006-09-09,"PICE MAR","t1",1529.33502,2006,2133.8915,0.716688275856575
"410",1266441,2006-09-09,"PINU BAN","t1",604.55648,2006,2133.8915,0.283311724143425
"411",1266451,2006-09-10,"PICE MAR","t1",1512.77964,2006,1602.6732,0.94391023697158
"412",1266451,2006-09-10,"PINU BAN","t1",89.89356,2006,1602.6732,0.0560897630284203
"413",1266461,2006-09-20,"PICE MAR","t1",14.58236,2006,280.43,0.052
"414",1266461,2006-09-20,"PINU BAN","t1",265.84764,2006,280.43,0.948
"415",1266471,2004-09-15,"PICE MAR","t1",425.10744,2004,717.0364,0.592867307712691
"416",1266471,2004-09-15,"PINU BAN","t1",291.92896,2004,717.0364,0.407132692287309
"417",1266481,2003-09-08,"ABIE BAL","t1",1319.899824,2003,4149.8154,0.31806229838561
"418",1266481,2003-09-08,"BETU PAP","t1",15.515118,2003,4149.8154,0.00373874895736326
"419",1266481,2003-09-08,"PICE GLA","t1",1233.7992,2003,4149.8154,0.297314237158597
"420",1266481,2003-09-08,"POPU BAL","t1",787.3587,2003,4149.8154,0.189733427660421
"421",1266481,2003-09-08,"POPU TRE","t1",793.242558,2003,4149.8154,0.191151287838008
"422",1266491,2003-08-23,"PICE MAR","t1",31.4235,2003,69.83,0.45
"423",1266491,2003-08-23,"POPU TRE","t1",38.4065,2003,69.83,0.55
"424",1266511,2004-09-24,"ABIE BAL","t1",20.3578,2004,7640.6478,0.00266440759119927
"425",1266511,2004-09-24,"BETU PAP","t1",1905.0725,2004,7640.6478,0.2493338981022
"426",1266511,2004-09-24,"PICE MAR","t1",4435.00878,2004,7640.6478,0.580449314781922
"427",1266511,2004-09-24,"POPU TRE","t1",1280.20872,2004,7640.6478,0.167552379524679
"428",1266546,2003-07-29,"LARI LAR","t1",180.90702,2003,3742.7533,0.048335277668448
"429",1266546,2003-07-29,"PICE MAR","t1",3561.84628,2003,3742.7533,0.951664722331552
"430",1273001,2002-07-09,"ABIE LAS","t1",4943.41468,2002,16905.35271,0.292417127569059
"431",1273001,2002-07-09,"PICE SPP","t1",11099.05424,2002,16905.35271,0.656540826470577
"432",1273001,2002-07-09,"PINU CON","t1",862.88379,2002,16905.35271,0.0510420459603649
"433",1273031,2003-08-28,"ABIE LAS","t1",391.588392,2003,3108.0186,0.125992937107905
"434",1273031,2003-08-28,"PICE ENG GLA","t1",1697.269416,2003,3108.0186,0.546093712566585
"435",1273031,2003-08-28,"PINU CON LAT","t1",1019.160792,2003,3108.0186,0.32791335032551
"436",1273421,2003-06-09,"BETU PAP","t1",0.200742,2003,1350.9948,0.000148588284721747
"437",1273421,2003-06-09,"BETU PAP PAP","t1",132.8877,2003,1350.9948,0.0983628508414688
"438",1273421,2003-06-09,"LARI LAR","t1",37.5844,2003,1350.9948,0.0278197961975871
"439",1273421,2003-06-09,"PICE GLA","t1",212.523658,2003,1350.9948,0.157309012588353
"440",1273421,2003-06-09,"POPU TRE","t1",967.7983,2003,1350.9948,0.716359752087869
"441",1273451,2003-08-12,"PICE MAR","t1",256.51153,2003,1073.27,0.239
"442",1273451,2003-08-12,"PINU BAN","t1",816.75847,2003,1073.27,0.761
"443",1279861,2004-06-28,"POPU TRI","t1",4323.76336,2004,22287.44,0.194
"444",1279861,2004-06-28,"THUJ PLI","t1",4880.94936,2004,22287.44,0.219
"445",1279861,2004-06-28,"TSUG HET","t1",13082.72728,2004,22287.44,0.587
"446",1279876,2003-08-18,"ABIE LAS","t1",5449.3332,2003,5449.3332,1
"447",1279966,2003-07-15,"ABIE LAS","t1",279.9276,2003,9330.92,0.03
"448",1279966,2003-07-15,"PICE ENG GLA","t1",1866.184,2003,9330.92,0.2
"449",1279966,2003-07-15,"PICE MAR","t1",643.83348,2003,9330.92,0.069
"450",1279966,2003-07-15,"PINU CON LAT","t1",6494.32032,2003,9330.92,0.696
"451",1279966,2003-07-15,"POPU TRE","t1",46.6546,2003,9330.92,0.005
"452",1280161,2004-09-29,"LARI LAR","t1",207.90156,2004,1663.3817,0.124987283435907
"453",1280161,2004-09-29,"PICE GLA","t1",791.603238,2004,1663.3817,0.475899932048068
"454",1280161,2004-09-29,"PICE MAR","t1",661.807234,2004,1663.3817,0.397868531317857
"455",1280161,2004-09-29,"SALI SPP","t1",2.069668,2004,1663.3817,0.00124425319816853
"456",1280171,2004-07-30,"POPU TRE","t1",2.4572,2004,2.4572,1
"457",1280181,2004-07-20,"SALI SPP","t1",5.5126,2004,5.5126,1
"458",1280191,2004-07-29,"POPU TRE","t1",1072.125,2004,1072.125,1
"459",1280201,2004-07-21,"POPU BAL","t1",2314.9447,2004,2808.0835,0.824385991370983
"460",1280201,2004-07-21,"POPU TRE","t1",491.99919,2004,2808.0835,0.175208176679931
"461",1280201,2004-07-21,"SALI SPP","t1",1.13961,2004,2808.0835,0.00040583194908556
"462",1280211,2006-09-10,"BETU PAP","t1",0.546117,2006,5240.9981,0.000104200953631332
"463",1280211,2006-09-10,"PICE GLA","t1",1247.12952,2006,5240.9981,0.237956491531642
"464",1280211,2006-09-10,"POPU TRE","t1",3993.044614,2006,5240.9981,0.761886292994458
"465",1280211,2006-09-10,"SALI SPP","t1",0.277849,2006,5240.9981,5.30145202685725e-05
"466",1280241,2004-09-28,"CORY COR","t1",63.933222,2004,1086.0754,0.0588662831328285
"467",1280241,2004-09-28,"POPU TRE","t1",1022.142178,2004,1086.0754,0.941133716867172
"468",1280271,2004-09-25,"LARI LAR","t1",60.578376,2004,800.8569,0.0756419480184288
"469",1280271,2004-09-25,"PICE MAR","t1",436.540024,2004,800.8569,0.545091169221368
"470",1280271,2004-09-25,"PINU BAN","t1",303.7385,2004,800.8569,0.379266882760203
"471",1280296,2003-07-29,"PICE MAR","t1",10153.34772,2003,10509.7415,0.966089196389845
"472",1280296,2003-07-29,"PINU BAN","t1",356.39378,2003,10509.7415,0.0339108036101554
"473",1280371,2003-07-21,"BETU PAP","t1",9.919488,2003,772.6736,0.0128378761743639
"474",1280371,2003-07-21,"POPU TRE","t1",762.754112,2003,772.6736,0.987162123825636
"475",1286741,2003-07-22,"POPU BAL","t1",472.11297,2003,7438.96923,0.0634648370497427
"476",1286741,2003-07-22,"THUJ PLI","t1",956.98575,2003,7438.96923,0.128644939965695
"477",1286741,2003-07-22,"TSUG HET","t1",6009.87051,2003,7438.96923,0.807890222984563
"478",1286771,2001-06-21,"PICE ENG GLA","t1",7.5193,2001,7.5193,1
"479",1286856,2003-06-29,"PICE MAR","t1",48.891,2003,48.891,1
"480",1287181,2003-06-06,"BETU PAP PAP","t1",360.272,2003,511.1359,0.704845814977974
"481",1287181,2003-06-06,"PINU BAN","t1",150.8639,2003,511.1359,0.295154185022026
"482",1287251,2003-07-15,"ABIE BAL","t1",107.485274,2003,982.764694,0.109370304668271
"483",1287251,2003-07-15,"PICE MAR","t1",875.27942,2003,982.764694,0.890629695331729
"484",1287256,2003-08-31,"ABIE BAL","t1",2491.62436,2003,3065.65468,0.812754409769335
"485",1287256,2003-08-31,"PICE GLA","t1",574.03032,2003,3065.65468,0.187245590230665
"486",1287286,2003-07-04,"PICE MAR","t1",1815.397,2003,3183.4692,0.570257441158846
"487",1287286,2003-07-04,"PINU BAN","t1",1368.0722,2003,3183.4692,0.429742558841154
"488",1293686,2002-08-20,"ABIE LAS","t1",2279.5213,2002,2885.47,0.79
"489",1293686,2002-08-20,"PICE ENG","t1",429.93503,2002,2885.47,0.149
"490",1293686,2002-08-20,"PINU CON LAT","t1",176.01367,2002,2885.47,0.061
"491",1293691,2002-08-19,"ABIE LAS","t1",3269.33,2002,3269.33,1
"492",1293696,2001-06-18,"ABIE LAS","t1",97.217014,2001,3307.223,0.0293953610022669
"493",1293696,2001-06-18,"PICE ENG GLA","t1",2457.145746,2001,3307.223,0.742963430648614
"494",1293696,2001-06-18,"POPU TRE","t1",752.86024,2001,3307.223,0.227641208349119
"495",1293921,2006-09-18,"PICE MAR","t1",70.118,2006,70.118,1
"496",1293931,2004-07-19,"PICE MAR","t1",24.891504,2004,518.56308,0.0480009182296588
"497",1293931,2004-07-19,"PINU BAN","t1",493.671576,2004,518.56308,0.951999081770341
"498",1294021,2003-09-04,"ALNU RUG","t1",8.275178,2003,2320.0923,0.00356674516785388
"499",1294021,2003-09-04,"BETU NAN","t1",1.347122,2003,2320.0923,0.000580632934301795
"500",1294021,2003-09-04,"LARI LAR","t1",1000.43351,2003,2320.0923,0.431204185281767
"501",1294021,2003-09-04,"PICE MAR","t1",1310.03649,2003,2320.0923,0.564648436616078
"502",1294041,2004-09-26,"AMEL ALN","t1",4.9494,2004,16.498,0.3
"503",1294041,2004-09-26,"BETU PAP","t1",0.65992,2004,16.498,0.04
"504",1294041,2004-09-26,"CORN STO","t1",0.65992,2004,16.498,0.04
"505",1294041,2004-09-26,"CORY COR","t1",5.44434,2004,16.498,0.33
"506",1294041,2004-09-26,"POPU BAL","t1",1.81478,2004,16.498,0.11
"507",1294041,2004-09-26,"POPU TRE","t1",1.15486,2004,16.498,0.07
"508",1294041,2004-09-26,"PRUN VIR","t1",1.81478,2004,16.498,0.11
"509",1294051,2004-09-25,"ALNU INC","t1",60.6524,2004,485.2255,0.124998377043251
"510",1294051,2004-09-25,"POPU BAL","t1",424.5731,2004,485.2255,0.875001622956749
"511",1294076,2003-07-29,"LARI LAR","t1",73.39801,2003,283.39,0.259
"512",1294076,2003-07-29,"PINU BAN","t1",209.99199,2003,283.39,0.741
"513",1294121,2004-06-08,"ACER SPI","t1",0,2004,173.7042,0
"514",1294121,2004-06-08,"POPU BAL","t1",43.42605,2004,173.7042,0.25
"515",1294121,2004-06-08,"POPU TRE","t1",123.329982,2004,173.7042,0.71
"516",1294121,2004-06-08,"SALI SPP","t1",6.948168,2004,173.7042,0.04
"517",1294166,2004-08-10,"PINU BAN","t1",1323.82,2004,1323.82,1
"518",1300521,2002-07-04,"ABIE LAS","t1",5747.6839,2002,7221.1342,0.795953065101601
"519",1300521,2002-07-04,"PICE ENG GLA","t1",1473.4503,2002,7221.1342,0.204046934898399
"520",1300581,2001-06-13,"ABIE LAS","t1",12.0471,2001,12.0471,1
"521",1300611,2001-07-29,"ABIE LAS","t1",795.394092,2001,4097.2544,0.194128558871033
"522",1300611,2001-07-29,"PICE ENG","t1",3301.860308,2001,4097.2544,0.805871441128967
"523",1307371,2003-07-25,"ABIE AMA","t1",42.9792,2003,10891.6646,0.0039460634878529
"524",1307371,2003-07-25,"ABIE LAS","t1",4972.985288,2003,10891.6646,0.456586341081417
"525",1307371,2003-07-25,"TSUG MER","t1",5875.700112,2003,10891.6646,0.53946759543073
"526",1307391,2002-07-01,"ABIE LAS","t1",389.99508,2002,701.43,0.556
"527",1307391,2002-07-01,"PICE SPP","t1",131.16741,2002,701.43,0.187
"528",1307391,2002-07-01,"PINU CON","t1",180.26751,2002,701.43,0.257
"529",1307401,2001-08-28,"ABIE LAS","t1",1274.98565,2001,6083.28115,0.209588480058989
"530",1307401,2001-08-28,"PICE GLA","t1",3615.3513,2001,6083.28115,0.594309421322735
"531",1307401,2001-08-28,"PINU CON","t1",1192.9442,2001,6083.28115,0.196102098618276
"532",1307441,2004-06-26,"PICE MAR","t1",2072.86373,2004,8673.07,0.239
"533",1307441,2004-06-26,"PINU CON","t1",6027.78365,2004,8673.07,0.695
"534",1307441,2004-06-26,"POPU TRE","t1",572.42262,2004,8673.07,0.066
"535",1307451,2001-06-15,"ABIE LAS","t1",120.2541,2001,120.2541,1
"536",1307731,2003-09-30,"PICE GLA","t1",76.52517,2003,1050.921915,0.0728171797616382
"537",1307731,2003-09-30,"POPU TRE","t1",974.396745,2003,1050.921915,0.927182820238362
"538",1307826,2003-06-04,"POPU SPP","t1",822.84096,2003,11841.19569,0.0694896851248643
"539",1307826,2003-06-04,"POPU TRE","t1",11018.35473,2003,11841.19569,0.930510314875136
"540",1307926,2003-08-30,"PICE GLA","t1",327.3503,2003,327.9755,0.998093760052199
"541",1307926,2003-08-30,"PICE MAR","t1",0.6252,2003,327.9755,0.00190623994780098
"542",1314251,2003-07-23,"ABIE AMA","t1",444.274208,2003,1841.107109,0.241308181272141
"543",1314251,2003-07-23,"TSUG HET","t1",58.33312,2003,1841.107109,0.0316837188422371
"544",1314251,2003-07-23,"TSUG MER","t1",1338.499781,2003,1841.107109,0.727008099885622
"545",1314291,2002-06-27,"PINU CON","t1",677.5862,2002,677.5862,1
"546",1314311,2002-08-12,"ABIE LAS","t1",5.2053,2002,26.286765,0.198019801980198
"547",1314311,2002-08-12,"PICE ENG GLA","t1",3.903975,2002,26.286765,0.148514851485149
"548",1314311,2002-08-12,"PINU CON LAT","t1",17.17749,2002,26.286765,0.653465346534653
"549",1314351,2002-08-14,"PICE ENG GLA","t1",10.266,2002,10.266,1
"550",1314376,2002-08-16,"ABIE LAS","t1",5345.27188,2002,7089.22,0.754
"551",1314376,2002-08-16,"PICE ENG","t1",1743.94812,2002,7089.22,0.246
"552",1314711,2003-06-07,"POPU TRE","t1",2634.8351,2003,2634.8351,1
"553",1314811,2003-06-05,"ABIE BAL","t1",320.87318,2003,1772.78,0.181
"554",1314811,2003-06-05,"PICE GLA","t1",395.32994,2003,1772.78,0.223
"555",1314811,2003-06-05,"POPU TRE","t1",1056.57688,2003,1772.78,0.596
"556",1321206,2004-08-24,"PICE ENG GLA","t1",1924.60431,2004,6949.473,0.276942483264558
"557",1321206,2004-08-24,"PINU CON","t1",1674.47523,2004,6949.473,0.240949958363749
"558",1321206,2004-08-24,"POPU TRE","t1",3350.39346,2004,6949.473,0.482107558371692
"559",1321236,2003-07-14,"ABIE LAS","t1",35.532944,2003,2210.6112,0.0160738098133222
"560",1321236,2003-07-14,"PICE ENG GLA","t1",2073.873156,2003,2210.6112,0.938144688672526
"561",1321236,2003-07-14,"POPU TRI","t1",101.2051,2003,2210.6112,0.0457815015141514
"562",1321581,2003-09-05,"POPU BAL","t1",190.05536,2003,5939.23,0.032
"563",1321581,2003-09-05,"POPU TRE","t1",5386.88161,2003,5939.23,0.907
"564",1321581,2003-09-05,"SALI SPP","t1",362.29303,2003,5939.23,0.061
"565",1321586,2003-06-03,"PICE GLA","t1",0,2003,4313.76752,0
"566",1321586,2003-06-03,"POPU TRE","t1",4313.76752,2003,4313.76752,1
"567",1321686,2003-06-03,"BETU PAP","t1",0.181008,2003,2.0112,0.09
"568",1321686,2003-06-03,"POPU TRE","t1",1.830192,2003,2.0112,0.91
"569",1327976,2004-07-02,"CHAM NOO","t1",494.15799,2004,5987.18956,0.0825358851674641
"570",1327976,2004-07-02,"THUJ PLI","t1",5306.82711,2004,5987.18956,0.886363636363636
"571",1327976,2004-07-02,"TSUG MER","t1",186.20446,2004,5987.18956,0.0311004784688995
"572",1328066,2001-06-24,"ABIE LAS","t1",298.49,2001,298.49,1
"573",1328086,2002-08-13,"PICE ENG GLA","t1",6.855368,2002,11.8196,0.58
"574",1328086,2002-08-13,"PINU CON","t1",4.964232,2002,11.8196,0.42
"575",1328496,2003-08-06,"QUER MAC","t1",460.97523,2003,460.97523,1
"576",1328581,2004-08-09,"LARI LAR","t1",50.84366,2004,164.3795,0.309306574116602
"577",1328581,2004-08-09,"PICE MAR","t1",113.53584,2004,164.3795,0.690693425883398
"578",1328586,2003-06-22,"LARI LAR","t1",1.071625,2003,116.5525,0.00919435447545098
"579",1328586,2003-06-22,"PICE MAR","t1",115.480875,2003,116.5525,0.990805645524549
"580",1334886,2003-09-09,"ABIE AMA","t1",856.73369,2003,1132.63098,0.756410256410256
"581",1334886,2003-09-09,"TSUG HET","t1",275.89729,2003,1132.63098,0.243589743589744
"582",1334961,2003-06-16,"ABIE LAS","t1",1475.37985,2003,9163.85,0.161
"583",1334961,2003-06-16,"PICE ENG GLA","t1",4087.0771,2003,9163.85,0.446
"584",1334961,2003-06-16,"PINU CON","t1",3601.39305,2003,9163.85,0.393
"585",1334976,2003-07-26,"ABIE LAS","t1",31.24368,2003,300.42,0.104
"586",1334976,2003-07-26,"PICE ENG GLA","t1",269.17632,2003,300.42,0.896
"587",1334986,2003-07-22,"PICE ENG GLA","t1",194.725401,2003,194.725401,1
"588",1335001,2003-07-21,"ABIE LAS","t1",22.6807,2003,22.6807,1
"589",1335381,2003-07-31,"BETU PAP","t1",1065.8024,2003,1065.8024,1
"590",1341751,2003-07-28,"CHAM NOO","t1",4467.78561,2003,4543.1685,0.983407419293385
"591",1341751,2003-07-28,"TSUG HET","t1",28.59351,2003,4543.1685,0.00629373750940561
"592",1341751,2003-07-28,"TSUG MER","t1",46.78938,2003,4543.1685,0.0102988431972092
"593",1341776,2003-07-27,"TSUG HET","t1",5563.566931,2003,5571.1967,0.998630497286157
"594",1341776,2003-07-27,"TSUG MER","t1",7.629769,2003,5571.1967,0.00136950271384243
"595",1342331,2003-06-07,"PINU BAN","t1",5845.87,2003,5848.0662,0.999624457055565
"596",1342331,2003-06-07,"POPU TRE","t1",2.1962,2003,5848.0662,0.000375542944435205
"597",1342351,2004-08-09,"AMEL ALN","t1",0,2004,498.36,0
"598",1342351,2004-08-09,"LARI LAR","t1",176.41944,2004,498.36,0.354
"599",1342351,2004-08-09,"PICE MAR","t1",321.94056,2004,498.36,0.646
"600",1348646,2003-07-26,"ABIE AMA","t1",2093.988,2003,4836,0.433
"601",1348646,2003-07-26,"ALNU RUB","t1",338.52,2003,4836,0.07
"602",1348646,2003-07-26,"PICE SIT","t1",1474.98,2003,4836,0.305
"603",1348646,2003-07-26,"TSUG HET","t1",928.512,2003,4836,0.192
"604",1348666,2005-06-27,"ABIE AMA","t1",1052.866,2005,2216.56,0.475
"605",1348666,2005-06-27,"TSUG MER","t1",1163.694,2005,2216.56,0.525
"606",1348741,2003-07-18,"ABIE LAS","t1",71.77674,2003,83.32702,0.861386138613861
"607",1348741,2003-07-18,"BETU PAP","t1",11.55028,2003,83.32702,0.138613861386139
"608",1348746,2003-06-24,"PICE ENG GLA","t1",32.816315,2003,8801.09795,0.00372866149046779
"609",1348746,2003-06-24,"PINU CON LAT","t1",334.4029,2003,8801.09795,0.0379955889480812
"610",1348746,2003-06-24,"PSEU MEN GLA","t1",8433.878735,2003,8801.09795,0.958275749561451
"611",1348756,2009-08-05,"PICE ENG","t1",7.4848,2009,7.4848,1
"612",1349216,2003-06-05,"POPU TRE","t1",21.6582,2003,21.6582,1
"613",1355561,2002-06-29,"ABIE LAS","t1",1792.578304,2002,8483.8599,0.211292775355708
"614",1355561,2002-06-29,"PICE SPP","t1",4842.761726,2002,8483.8599,0.570820567887973
"615",1355561,2002-06-29,"PINU CON","t1",1848.51987,2002,8483.8599,0.217886656756319
"616",1355591,2003-06-17,"POPU TRE","t1",1.443,2003,1.443,1
"617",1355646,2003-07-08,"ABIE LAS","t1",2765.97565,2003,4356.2365,0.634946162817377
"618",1355646,2003-07-08,"PICE ENG GLA","t1",1590.26085,2003,4356.2365,0.365053837182623
"619",1355666,2003-07-16,"BETU PAP","t1",83.8032,2003,1138.0211,0.0736394079160747
"620",1355666,2003-07-16,"PICE ENG GLA","t1",120.881293,2003,1138.0211,0.106220607860434
"621",1355666,2003-07-16,"PINU CON LAT","t1",50.363509,2003,1138.0211,0.0442553384994356
"622",1355666,2003-07-16,"PSEU MEN GLA","t1",33.1721,2003,1138.0211,0.0291489323001129
"623",1355666,2003-07-16,"THUJ PLI","t1",389.291136,2003,1138.0211,0.342077256739792
"624",1355666,2003-07-16,"TSUG HET","t1",460.509862,2003,1138.0211,0.404658456684151
"625",1356096,2003-07-07,"POPU BAL","t1",568.0338,2003,3412.5499,0.166454357194894
"626",1356096,2003-07-07,"POPU TRE","t1",2844.5161,2003,3412.5499,0.833545642805106
"627",1356106,2003-06-16,"BETU PAP","t1",524.50825,2003,2140.85,0.245
"628",1356106,2003-06-16,"PINU BAN","t1",1616.34175,2003,2140.85,0.755
"629",1362461,2002-08-11,"PICE ENG GLA","t1",1461.6602,2002,6643.91,0.22
"630",1362461,2002-08-11,"PINU CON LAT","t1",5182.2498,2002,6643.91,0.78
"631",1362476,2004-07-29,"PICE SPP","t1",68.305,2004,68.305,1
"632",1362486,2003-07-07,"PICE ENG GLA","t1",1326.17628,2003,4753.32,0.279
"633",1362486,2003-07-07,"PINU CON LAT","t1",3427.14372,2003,4753.32,0.721
"634",1369366,2003-07-03,"PINU CON LAT","t1",25.7731,2003,25.7731,1
"635",1369371,2002-07-16,"PICE MAR","t1",474.88877,2002,2199.6105,0.215896755357369
"636",1369371,2002-07-16,"PINU CON LAT","t1",1724.72173,2002,2199.6105,0.784103244642631
"637",1369386,2002-07-18,"PINU CON LAT","t1",49.76974,2002,52.3892,0.95
"638",1369386,2002-07-18,"POPU TRE","t1",2.61946,2002,52.3892,0.05
"639",1369431,2002-07-15,"ABIE LAS","t1",3087.8145,2002,11436.35,0.27
"640",1369431,2002-07-15,"PICE SPP","t1",8268.48105,2002,11436.35,0.723
"641",1369431,2002-07-15,"TSUG HET","t1",80.05445,2002,11436.35,0.007
"642",1376271,2002-07-17,"PSEU MEN GLA","t1",3.706,2002,3.706,1
"643",1376296,2002-07-12,"ABIE LAS","t1",9877.37,2002,9877.37,1
"644",1376306,2004-07-01,"PICE SPP","t1",84.59256,2004,14098.76,0.006
"645",1376306,2004-07-01,"PSEU MEN GLA","t1",126.88884,2004,14098.76,0.009
"646",1376306,2004-07-01,"THUJ PLI","t1",11659.67452,2004,14098.76,0.827
"647",1376306,2004-07-01,"TSUG HET","t1",2227.60408,2004,14098.76,0.158
"648",1383116,2004-06-20,"PICE SPP","t1",4203.64858,2004,7342.8889,0.572478848209184
"649",1383116,2004-06-20,"PINU CON LAT","t1",3139.24032,2004,7342.8889,0.427521151790816
"650",1383146,2003-07-05,"PICE ENG GLA","t1",56.49381,2003,6315.5141,0.00894524327006094
"651",1383146,2003-07-05,"PINU CON LAT","t1",5850.24788,2003,6315.5141,0.926329636410755
"652",1383146,2003-07-05,"PSEU MEN GLA","t1",408.77241,2003,6315.5141,0.0647251203191835
"653",1383151,2003-07-01,"BETU PAP","t1",183.9586,2003,1141.4574,0.161161161161161
"654",1383151,2003-07-01,"PICE ENG GLA","t1",118.8304,2003,1141.4574,0.104104104104104
"655",1383151,2003-07-01,"PINU CON LAT","t1",787.2514,2003,1141.4574,0.68968968968969
"656",1383151,2003-07-01,"PSEU MEN GLA","t1",51.417,2003,1141.4574,0.045045045045045
"657",1396871,2003-06-26,"PICE ENG GLA","t1",12.90051,2003,4606.8002,0.00280031897194065
"658",1396871,2003-06-26,"PINU CON LAT","t1",4593.89969,2003,4606.8002,0.997199681028059
"659",1396896,2003-07-07,"PINU CON LAT","t1",1509.957426,2003,1515.2137,0.996531001534635
"660",1396896,2003-07-07,"POPU TRE","t1",5.256274,2003,1515.2137,0.00346899846536498
"661",1396931,2001-10-04,"PICE SPP","t1",5.0635,2001,5.0635,1
"662",1396936,2003-07-24,"ABIE LAS","t1",6847.01666,2003,7143.7811,0.958458351978338
"663",1396936,2003-07-24,"PICE ENG","t1",296.76444,2003,7143.7811,0.0415416480216618
"664",1403851,2000-08-20,"TSUG MER","t1",11297.15646,2000,11297.15646,1
"665",1403871,2003-07-20,"ABIE LAS","t1",79.42152,2003,381.8259,0.208004538193978
"666",1403871,2003-07-20,"PICE ENG","t1",19.85538,2003,381.8259,0.0520011345484945
"667",1403871,2003-07-20,"TSUG HET","t1",282.549,2003,381.8259,0.739994327257528
"668",1410631,2003-07-08,"PINU CON LAT","t1",2354.4427,2003,2354.4427,1
"669",1410686,2003-07-02,"PINU CON LAT","t1",194.96385,2003,4332.53,0.045
"670",1410686,2003-07-02,"POPU TRE","t1",498.24095,2003,4332.53,0.115
"671",1410686,2003-07-02,"PSEU MEN GLA","t1",3639.3252,2003,4332.53,0.84
"672",1410696,2002-06-18,"PINU CON LAT","t1",9010.7829,2002,9271.4407,0.97188594432794
"673",1410696,2002-06-18,"PSEU MEN GLA","t1",260.6578,2002,9271.4407,0.0281140556720597
"674",1410756,2000-08-16,"ABIE LAS","t1",2214.35,2000,3910.5421,0.566251415628539
"675",1410756,2000-08-16,"PICE SPP","t1",1337.4674,2000,3910.5421,0.342015855039638
"676",1410756,2000-08-16,"TSUG HET","t1",358.7247,2000,3910.5421,0.0917327293318233
"677",1417516,2004-06-21,"PICE SPP","t1",332.72401,2004,4966.03,0.067
"678",1417516,2004-06-21,"PINU CON LAT","t1",3952.95988,2004,4966.03,0.796
"679",1417516,2004-06-21,"POPU TRE","t1",114.21869,2004,4966.03,0.023
"680",1417516,2004-06-21,"PSEU MEN GLA","t1",566.12742,2004,4966.03,0.114
"681",1417521,2004-06-24,"PINU CON LAT","t1",3485.7597,2004,3485.7597,1
"682",1417526,2003-08-27,"PINU CON LAT","t1",2108.5865,2003,2108.5865,1
"683",1417536,2004-06-14,"PINU CON LAT","t1",2131.7167,2004,2131.7167,1
"684",1417566,2002-07-11,"PINU CON LAT","t1",10.0005,2002,10.0005,1
"685",1417576,2004-06-18,"PINU CON LAT","t1",4245.436833,2004,6244.7027,0.679846109086987
"686",1417576,2004-06-18,"PSEU MEN GLA","t1",1999.265867,2004,6244.7027,0.320153890913013
"687",1424411,2000-08-30,"ABIE LAS","t1",341.91872,2000,5378.4164,0.0635723779215012
"688",1424411,2000-08-30,"PICE SPP","t1",320.5488,2000,5378.4164,0.0595991043014074
"689",1424411,2000-08-30,"PINU CON LAT","t1",4715.94888,2000,5378.4164,0.876828517777091
"690",1424421,2003-06-30,"PINU CON LAT","t1",5275.01,2003,5275.01,1
"691",1424471,2002-06-23,"PSEU MEN GLA","t1",3336.75806,2002,3336.75806,1
"692",1431326,2001-05-24,"PINU CON LAT","t1",2885.33088,2001,5383.08,0.536
"693",1431326,2001-05-24,"PSEU MEN GLA","t1",2497.74912,2001,5383.08,0.464
"694",1431371,2002-07-06,"THUJ PLI","t1",7980.57,2002,10157.671126,0.785669264244301
"695",1431371,2002-07-06,"TSUG HET","t1",2177.101126,2002,10157.671126,0.214330735755699
"696",1438251,2003-07-18,"BETU PAP","t1",826.55274,2003,10596.83,0.078
"697",1438251,2003-07-18,"THUJ PLI","t1",4969.91327,2003,10596.83,0.469
"698",1438251,2003-07-18,"TSUG HET","t1",4800.36399,2003,10596.83,0.453
"699",1445086,2003-07-22,"PSEU MEN GLA","t1",4007.801,2003,4007.801,1
"700",1445106,2003-07-21,"BETU PAP","t1",51.95625,2003,3056.25,0.017
"701",1445106,2003-07-21,"PICE GLA","t1",140.5875,2003,3056.25,0.046
"702",1445106,2003-07-21,"POPU TRE","t1",51.95625,2003,3056.25,0.017
"703",1445106,2003-07-21,"PSEU MEN GLA","t1",2811.75,2003,3056.25,0.92
"704",1445171,2003-08-20,"ABIE LAS","t1",3663.85,2003,3663.85,1
"705",1452016,2004-07-26,"THUJ PLI","t1",3583.05876,2004,15715.17,0.228
"706",1452016,2004-07-26,"TSUG HET","t1",12132.11124,2004,15715.17,0.772
"707",1458736,2002-06-29,"PICE SIT","t1",251.82432,2002,20985.36,0.012
"708",1458736,2002-06-29,"THUJ PLI","t1",734.4876,2002,20985.36,0.035
"709",1458736,2002-06-29,"TSUG HET","t1",19999.04808,2002,20985.36,0.953
"710",1458861,2000-07-24,"JUNI SCO","t1",166.17894,2000,8746.26,0.019
"711",1458861,2000-07-24,"PSEU MEN GLA","t1",8580.08106,2000,8746.26,0.981
"712",1458951,2001-05-26,"PSEU MEN GLA","t1",1443.8973,2001,1443.8973,1
"713",1465761,2002-06-20,"ABIE LAS","t1",1170.6744,2002,6945.1833,0.168559179712363
"714",1465761,2002-06-20,"PSEU MEN GLA","t1",5774.5089,2002,6945.1833,0.831440820287637
"715",1465781,2003-07-16,"PSEU MEN GLA","t1",8054.09,2003,8054.09,1
"716",1465841,2001-05-28,"ABIE LAS","t1",5343.0291,2001,10157.85,0.526
"717",1465841,2001-05-28,"PICE ENG","t1",4814.8209,2001,10157.85,0.474
"718",1472691,2001-05-30,"ABIE LAS","t1",38.7456,2001,6457.6,0.006
"719",1472691,2001-05-30,"LARI OCC","t1",2918.8352,2001,6457.6,0.452
"720",1472691,2001-05-30,"PICE ENG","t1",38.7456,2001,6457.6,0.006
"721",1472691,2001-05-30,"PSEU MEN GLA","t1",3332.1216,2001,6457.6,0.516
"722",1472691,2001-05-30,"TSUG HET","t1",129.152,2001,6457.6,0.02
"723",1472701,2000-09-11,"ABIE LAS","t1",1509.25842,2000,3105.47,0.486
"724",1472701,2000-09-11,"LARI LYA","t1",655.25417,2000,3105.47,0.211
"725",1472701,2000-09-11,"PINU ALB","t1",940.95741,2000,3105.47,0.303
"726",1479401,2001-06-06,"ALNU RUB","t1",77.26495,2001,4345.55278,0.0177802350843844
"727",1479401,2001-06-06,"PSEU MEN MEN","t1",3867.26886,2001,4345.55278,0.889937150872668
"728",1479401,2001-06-06,"THUJ PLI","t1",83.446146,2001,4345.55278,0.0192026538911351
"729",1479401,2001-06-06,"TSUG HET","t1",317.572824,2001,4345.55278,0.073079960151813
"730",1479406,2002-07-06,"ABIE AMA","t1",156.4986,2002,9313.890486,0.016802709913246
"731",1479406,2002-07-06,"CHAM NOO","t1",3490.086732,2002,9313.890486,0.374718463486988
"732",1479406,2002-07-06,"TAXU BRE","t1",171.442554,2002,9313.890486,0.0184071902345965
"733",1479406,2002-07-06,"THUJ PLI","t1",3792.7896,2002,9313.890486,0.407218616721021
"734",1479406,2002-07-06,"TSUG HET","t1",1629.4266,2002,9313.890486,0.174945862037914
"735",1479406,2002-07-06,"TSUG MER","t1",73.6464,2002,9313.890486,0.00790715760623342
"736",1479566,2004-07-28,"ABIE LAS","t1",6185.93908,2004,7387.40968,0.837362397370116
"737",1479566,2004-07-28,"PINU ALB","t1",1128.6542,2004,7387.40968,0.152780778228073
"738",1479566,2004-07-28,"TSUG MER","t1",72.8164,2004,7387.40968,0.00985682440181116
"739",1479586,2002-07-09,"JUNI SCO","t1",225.4023,2002,7513.41,0.03
"740",1479586,2002-07-09,"PSEU MEN","t1",7288.0077,2002,7513.41,0.97
"741",1486291,2002-07-16,"ABIE AMA","t1",20.77689,2002,3885.07392,0.00534787507981315
"742",1486291,2002-07-16,"CHAM NOO","t1",3.66651,2002,3885.07392,0.000943742661143498
"743",1486291,2002-07-16,"TSUG HET","t1",3860.63052,2002,3885.07392,0.993708382259043
"744",1486426,2003-08-21,"ABIE LAS","t1",12.0777,2003,3119.6661,0.0038714720142646
"745",1486426,2003-08-21,"LARI OCC","t1",531.3312,2003,3119.6661,0.170316688699473
"746",1486426,2003-08-21,"PINU CON LAT","t1",2576.2572,2003,3119.6661,0.825811839286262
"747",1486451,2000-09-08,"ABIE LAS","t1",6797.15275,2000,7042.6312,0.965143929445006
"748",1486451,2000-09-08,"LARI LYA","t1",245.47845,2000,7042.6312,0.0348560705549937
"749",1486476,2000-09-12,"LARI OCC","t1",54.16542,2000,6664.852796,0.00812702420562208
"750",1486476,2000-09-12,"PINU CON","t1",46.652676,2000,6664.852796,0.00699980591139225
"751",1486476,2000-09-12,"PINU CON LAT","t1",5149.7154,2000,6664.852796,0.772667537847298
"752",1486476,2000-09-12,"PSEU MEN GLA","t1",1414.3193,2000,6664.852796,0.212205632035688
"753",1493241,2001-10-01,"PSEU MEN MEN","t1",382.08144,2001,7640.9239,0.0500046126620892
"754",1493241,2001-10-01,"THUJ PLI","t1",1343.008138,2001,7640.9239,0.175765150337383
"755",1493241,2001-10-01,"TSUG HET","t1",5915.834322,2001,7640.9239,0.774230237000528
"756",1493316,2003-06-20,"ABIE LAS","t1",1374.86544,2003,8923.048307,0.154080241717557
"757",1493316,2003-06-20,"PICE ENG GLA","t1",7310.225387,2003,8923.048307,0.819252024139019
"758",1493316,2003-06-20,"TSUG HET","t1",237.95748,2003,8923.048307,0.0266677341434234
"759",1493381,2004-07-30,"ABIE LAS","t1",3068.05968,2004,4246.31523,0.722522825984353
"760",1493381,2004-07-30,"LARI LYA","t1",789.63793,2004,4246.31523,0.185958386796451
"761",1493381,2004-07-30,"PINU ALB","t1",388.61762,2004,4246.31523,0.0915187872191957
"762",1500046,2003-07-09,"CHAM NOO","t1",4317.46722,2003,4322.61848,0.99880830102776
"763",1500046,2003-07-09,"TSUG MER","t1",5.15126,2003,4322.61848,0.00119169897223962
"764",1500051,2005-07-03,"ABIE AMA","t1",549.26865,2005,632.92535,0.867825328848023
"765",1500051,2005-07-03,"CHAM NOO","t1",83.6567,2005,632.92535,0.132174671151977
"766",1500066,2002-07-17,"TSUG MER","t1",2378.99994,2002,2378.99994,1
"767",1500201,2002-07-12,"PSEU MEN GLA","t1",34.314865,2002,52.7921,0.65
"768",1500201,2002-07-12,"THUJ PLI","t1",18.477235,2002,52.7921,0.35
"769",1500241,2004-07-29,"PINU CON LAT","t1",786.8322,2004,786.8322,1
"770",1506946,2000-08-24,"PINU CON CON","t1",632.63936,2000,2378.9308,0.265934326462964
"771",1506946,2000-08-24,"PSEU MEN MEN","t1",1499.74816,2000,2378.9308,0.630429502194852
"772",1506946,2000-08-24,"THUJ PLI","t1",41.86584,2000,2378.9308,0.0175985951335785
"773",1506946,2000-08-24,"TSUG HET","t1",204.67744,2000,2378.9308,0.086037576208606
"774",1506996,2005-05-10,"PSEU MEN MEN","t1",8205.70898,2005,18691.82,0.439
"775",1506996,2005-05-10,"THUJ PLI","t1",5345.86052,2005,18691.82,0.286
"776",1506996,2005-05-10,"TSUG HET","t1",5140.2505,2005,18691.82,0.275
"777",1507026,2001-08-23,"PICE SPP","t1",6.012248,2001,2755.259562,0.00218209858806762
"778",1507026,2001-08-23,"PINU CON","t1",2708.66464,2001,2755.259562,0.983088735942476
"779",1507026,2001-08-23,"PSEU MEN","t1",40.582674,2001,2755.259562,0.0147291654694564
"780",1507036,2003-07-15,"PICE ENG","t1",576.30592,2003,9004.78,0.064
"781",1507036,2003-07-15,"PINU CON LAT","t1",8428.47408,2003,9004.78,0.936
"782",1507051,2002-07-04,"ABIE LAS","t1",226.53201,2002,672.6928,0.336754027990191
"783",1507051,2002-07-04,"PICE SPP","t1",446.16079,2002,672.6928,0.663245972009809
"784",1507066,2003-06-03,"BETU PAP","t1",15.977195,2003,2101.427195,0.00760302095547974
"785",1507066,2003-06-03,"LARI OCC","t1",85.50345,2003,2101.427195,0.0406882761408253
"786",1507066,2003-06-03,"PSEU MEN GLA","t1",1999.94655,2003,2101.427195,0.951708702903695
"787",1507071,2003-06-27,"PINU PON","t1",1869.99048,2003,3055.54,0.612
"788",1507071,2003-06-27,"PSEU MEN GLA","t1",1185.54952,2003,3055.54,0.388
"789",1513916,2002-07-03,"PICE SPP","t1",59.50056,2002,8500.08,0.007
"790",1513916,2002-07-03,"PINU CON LAT","t1",8440.57944,2002,8500.08,0.993
"791",1520716,2001-10-30,"ACER MAC","t1",88.5942,2001,3182.845135,0.0278349075252761
"792",1520716,2001-10-30,"TSUG HET","t1",3094.250935,2001,3182.845135,0.972165092474724
"793",1534491,2000-06-22,"PSEU MEN MEN","t1",148.8102,2000,148.8102,1
"794",812056,2005-08-08,"PICE GLA","t1",682.8608,2005,744.980419,0.916615769467627
"795",812056,2005-08-08,"PICE MAR","t1",59.3792,2005,744.980419,0.0797057190841415
"796",812056,2005-08-08,"SALI PLA","t1",1.522455,2005,744.980419,0.00204361747123987
"797",812056,2005-08-08,"SALI SPP","t1",1.217964,2005,744.980419,0.0016348939769919
"798",839566,2005-08-08,"PICE GLA","t1",626.94,2005,626.94,1
"799",846436,2005-08-12,"BETU GLA","t1",0.441825,2005,138.8425,0.00318220285575382
"800",846436,2005-08-12,"PICE MAR","t1",138.400675,2005,138.8425,0.996817797144246
"801",846466,2005-08-10,"LARI LAR","t1",38.0259,2005,275.55,0.138
"802",846466,2005-08-10,"PICE GLA","t1",237.5241,2005,275.55,0.862
"803",853296,2005-08-13,"PICE GLA","t1",130.84633,2005,131.585875,0.994379753905957
"804",853296,2005-08-13,"PICE MAR","t1",0.739545,2005,131.585875,0.00562024609404315
"805",853326,2005-08-12,"LARI LAR","t1",19.603215,2005,319.242057,0.0614054901920394
"806",853326,2005-08-12,"PICE GLA","t1",279.6,2005,319.242057,0.875824453167209
"807",853326,2005-08-12,"PICE MAR","t1",20.038842,2005,319.242057,0.0627700566407514
"808",853346,2005-08-09,"ALNU CRI","t1",0.284695,2005,688.2495,0.000413650863531321
"809",853346,2005-08-09,"LARI LAR","t1",21.77274,2005,688.2495,0.0316349521503466
"810",853346,2005-08-09,"PICE GLA","t1",665.053285,2005,688.2495,0.966296793531997
"811",853346,2005-08-09,"PICE MAR","t1",0.284695,2005,688.2495,0.000413650863531321
"812",853346,2005-08-09,"SALI SPP","t1",0.854085,2005,688.2495,0.00124095259059396
"813",860171,2006-07-26,"PICE GLA","t1",0.30909,2006,10.303,0.03
"814",860171,2006-07-26,"PICE MAR","t1",9.99391,2006,10.303,0.97
"815",867091,2005-08-07,"BETU GLA","t1",2.293914,2005,83.247828,0.0275552414412542
"816",867091,2005-08-07,"LARI LAR","t1",0.382319,2005,83.247828,0.00459254024020903
"817",867091,2005-08-07,"PICE GLA","t1",78.66,2005,83.247828,0.944889517117492
"818",867091,2005-08-07,"SALI PLA","t1",0.764638,2005,83.247828,0.00918508048041806
"819",867091,2005-08-07,"SALI SPP","t1",1.146957,2005,83.247828,0.0137776207206271
"820",873921,2006-07-24,"LARI LAR","t1",10.619784,2006,110.8688,0.0957869481765835
"821",873921,2006-07-24,"PICE MAR","t1",100.249016,2006,110.8688,0.904213051823416
"822",873961,2005-08-01,"PICE GLA","t1",234.55848,2005,374.313552,0.626636355394367
"823",873961,2005-08-01,"PICE MAR","t1",139.119408,2005,374.313552,0.371665431979871
"824",873961,2005-08-01,"PICE SPP","t1",0.635664,2005,374.313552,0.00169821262576141
"825",874051,2006-07-30,"PICE GLA","t1",730.1861,2006,778.45,0.938
"826",874051,2006-07-30,"PICE MAR","t1",48.2639,2006,778.45,0.062
"827",880786,2006-07-26,"PICE MAR","t1",36.4429,2006,36.4429,1
"828",880796,2006-07-25,"LARI LAR","t1",3.09291,2006,20.6194,0.15
"829",880796,2006-07-25,"PICE MAR","t1",17.52649,2006,20.6194,0.85
"830",880806,2002-08-12,"LARI LAR","t1",19.52956,2002,84.38,0.231447736430434
"831",880806,2002-08-12,"PICE MAR","t1",64.85044,2002,84.38,0.768552263569566
"832",880821,2005-08-01,"LARI LAR","t1",20.349,2005,116.692928,0.174380747391993
"833",880821,2005-08-01,"PICE GLA","t1",0.412928,2005,116.692928,0.00353858633146989
"834",880821,2005-08-01,"PICE MAR","t1",95.931,2005,116.692928,0.822080666276537
"835",880841,2002-08-07,"PICE MAR","t1",115.09,2002,115.09,1
"836",880846,2002-08-09,"LARI LAR","t1",1.324992,2002,24.8076,0.0534107289701543
"837",880846,2002-08-09,"PICE MAR","t1",23.482608,2002,24.8076,0.946589271029846
"838",880886,2005-08-03,"PICE GLA","t1",126.680922,2005,229.385322,0.552262546249581
"839",880886,2005-08-03,"PICE MAR","t1",102.7044,2005,229.385322,0.447737453750419
"840",887701,2005-08-02,"ALNU CRI","t1",0.69854,2005,34.927,0.02
"841",887701,2005-08-02,"BETU GLA","t1",0.69854,2005,34.927,0.02
"842",887701,2005-08-02,"LARI LAR","t1",0.69854,2005,34.927,0.02
"843",887701,2005-08-02,"PICE MAR","t1",32.83138,2005,34.927,0.94
"844",887706,2005-07-31,"ALNU CRI","t1",4.73504,2005,23.6752,0.2
"845",887706,2005-07-31,"BETU GLA","t1",14.20512,2005,23.6752,0.6
"846",887706,2005-07-31,"SALI SPP","t1",4.73504,2005,23.6752,0.2
"847",887711,2002-08-09,"PICE GLA","t1",191.29771,2002,2421.9684,0.0789843955024351
"848",887711,2002-08-09,"PICE MAR","t1",2230.67069,2002,2421.9684,0.921015604497565
"849",887751,2005-08-03,"LARI LAR","t1",46.690728,2005,830.651894,0.0562097412132067
"850",887751,2005-08-03,"PICE GLA","t1",166.588294,2005,830.651894,0.200551272083177
"851",887751,2005-08-03,"PICE MAR","t1",616.860678,2005,830.651894,0.74262236979863
"852",887751,2005-08-03,"SALI SPP","t1",0.512194,2005,830.651894,0.000616616904987157
"853",887761,2005-08-04,"PICE GLA","t1",1080.60557,2005,1335.73,0.809
"854",887761,2005-08-04,"PICE MAR","t1",255.12443,2005,1335.73,0.191
"855",894591,2005-07-30,"BETU PAP","t1",5.442066,2005,25.5387,0.213090956078422
"856",894591,2005-07-30,"BETU PAP NEO","t1",0.604674,2005,25.5387,0.0236767728976025
"857",894591,2005-07-30,"POPU TRE","t1",19.49196,2005,25.5387,0.763232271023975
"858",901506,2006-07-29,"LARI LAR","t1",47.43606,2006,63.93,0.742
"859",901506,2006-07-29,"PICE MAR","t1",16.49394,2006,63.93,0.258
"860",901546,2006-07-30,"LARI LAR","t1",11.231148,2006,646.4529,0.0173734977443832
"861",901546,2006-07-30,"PICE GLA","t1",459.138879,2006,646.4529,0.710243358796905
"862",901546,2006-07-30,"PICE MAR","t1",176.082873,2006,646.4529,0.272383143458711
"863",901566,2005-08-05,"PICE MAR","t1",516.4816,2005,516.4816,1
"864",908331,2002-08-19,"PICE GLA","t1",1000.8582,2002,1109.6222,0.901981052650172
"865",908331,2002-08-19,"PICE MAR","t1",108.764,2002,1109.6222,0.0980189473498277
"866",908381,2005-07-29,"PICE MAR","t1",36.5071,2005,36.5071,1
"867",915246,2002-08-28,"PICE GLA","t1",0.473108,2002,47.3108,0.01
"868",915246,2002-08-28,"PICE MAR","t1",0.473108,2002,47.3108,0.01
"869",915246,2002-08-28,"PICE SPP","t1",46.364584,2002,47.3108,0.98
"870",915266,2005-08-29,"ALNU CRI","t1",0.519801,2005,75.519901,0.00688296717973717
"871",915266,2005-08-29,"BETU GLA","t1",0.519801,2005,75.519901,0.00688296717973717
"872",915266,2005-08-29,"BETU NEO","t1",23.02,2005,75.519901,0.304820314846546
"873",915266,2005-08-29,"PICE MAR","t1",50.940498,2005,75.519901,0.674530783614242
"874",915266,2005-08-29,"SALI SPP","t1",0.519801,2005,75.519901,0.00688296717973717
"875",915301,2005-08-04,"POPU TRE","t1",0.739,2005,1.8475,0.4
"876",915301,2005-08-04,"SALI PLA","t1",1.1085,2005,1.8475,0.6
"877",922181,2005-08-06,"PICE GLA","t1",308.10813,2005,451.11,0.683
"878",922181,2005-08-06,"PICE MAR","t1",143.00187,2005,451.11,0.317
"879",929016,2004-08-28,"PICE MAR","t1",507.846,2004,507.846,1
"880",929021,2004-08-29,"PICE MAR","t1",55.7482,2004,55.7482,1
"881",929061,2005-08-05,"LARI LAR","t1",15.972616,2005,121.8632,0.131070052320963
"882",929061,2005-08-05,"PICE GLA","t1",63.30519,2005,121.8632,0.519477496077569
"883",929061,2005-08-05,"PICE MAR","t1",41.324398,2005,121.8632,0.339104815891918
"884",929061,2005-08-05,"SALI SPP","t1",0.840664,2005,121.8632,0.00689842380636648
"885",929061,2005-08-05,"SHEP CAN","t1",0.420332,2005,121.8632,0.00344921190318324
"886",929066,2005-08-06,"PICE GLA","t1",56.214905,2005,431.334655,0.13032781935873
"887",929066,2005-08-06,"PICE MAR","t1",375.11975,2005,431.334655,0.86967218064127
"888",935891,2004-08-30,"BETU NEO","t1",5.492148,2004,63.0779,0.0870692905122079
"889",935891,2004-08-30,"PICE MAR","t1",57.585752,2004,63.0779,0.912930709487792
"890",942786,2004-09-01,"POPU TRE","t1",19.5937,2004,19.5937,1
"891",949656,2004-09-02,"BETU NEO","t1",3.73664,2004,2506.198,0.00149095961292763
"892",949656,2004-09-02,"PICE GLA","t1",145.10991,2004,2506.198,0.0579004172854659
"893",949656,2004-09-02,"PICE MAR","t1",2357.35145,2004,2506.198,0.940608623101606
"894",963511,2004-07-19,"PICE GLA","t1",259.69486,2004,796.61,0.326
"895",963511,2004-07-19,"PICE MAR","t1",536.91514,2004,796.61,0.674
"896",970321,2004-08-25,"PICE GLA","t1",0.2097,2004,0.8388,0.25
"897",970321,2004-08-25,"POPU TRE","t1",0.6291,2004,0.8388,0.75
"898",970336,2005-07-27,"BETU GLA","t1",20.13561,2005,22.596629,0.891089108910891
"899",970336,2005-07-27,"POPU TRE","t1",2.461019,2005,22.596629,0.108910891089109
"900",977196,2004-08-26,"PICE GLA","t1",1868.327232,2004,2264.606773,0.825011765519435
"901",977196,2004-08-26,"POPU BAL","t1",226.062,2004,2264.606773,0.0998239529684565
"902",977196,2004-08-26,"POPU TRE","t1",169.5465,2004,2264.606773,0.0748679647263424
"903",977196,2004-08-26,"SALI SCO","t1",0.671041,2004,2264.606773,0.000296316785766321
"904",977211,2004-09-03,"LARI LAR","t1",1.171233,2004,349.2011,0.00335403582634763
"905",977211,2004-09-03,"PICE MAR","t1",348.029867,2004,349.2011,0.996645964173652
"906",977281,2004-07-18,"PICE MAR","t1",0,2004,370.155,0
"907",977281,2004-07-18,"PINU BAN","t1",370.155,2004,370.155,1
"908",984081,2004-08-31,"PICE MAR","t1",346.4277,2004,346.4277,1
"909",997836,2005-07-28,"LARI LAR","t1",0.555597,2005,140.712388,0.00394845832621361
"910",997836,2005-07-28,"PICE MAR","t1",140.156791,2005,140.712388,0.996051541673786
"911",997846,2005-07-27,"BETU GLA","t1",1.287394,2005,339.8397,0.00378823898443884
"912",997846,2005-07-27,"BETU PAP NEO","t1",0.643697,2005,339.8397,0.00189411949221942
"913",997846,2005-07-27,"LARI LAR","t1",59.689835,2005,339.8397,0.175641147870599
"914",997846,2005-07-27,"PICE MAR","t1",276.287683,2005,339.8397,0.812994135176085
"915",997846,2005-07-27,"SALI PLA","t1",1.287394,2005,339.8397,0.00378823898443884
"916",997846,2005-07-27,"SALI SPP","t1",0.643697,2005,339.8397,0.00189411949221942
"917",997851,2005-07-28,"ALNU CRI","t1",0.878232,2005,48.4644,0.0181211776066556
"918",997851,2005-07-28,"PICE MAR","t1",47.586168,2005,48.4644,0.981878822393344
"919",997881,2005-07-26,"BETU GLA","t1",1.59068,2005,6.05682,0.262626262626263
"920",997881,2005-07-26,"PINU BAN","t1",0.24472,2005,6.05682,0.0404040404040404
"921",997881,2005-07-26,"POPU TRE","t1",3.9767,2005,6.05682,0.656565656565657
"922",997881,2005-07-26,"SALI SPP","t1",0.24472,2005,6.05682,0.0404040404040404
"923",997886,2004-07-16,"LARI LAR","t1",6.03723,2004,208.457154,0.0289614910505782
"924",997886,2004-07-16,"LARI OCC","t1",2.414892,2004,208.457154,0.0115845964202313
"925",997886,2004-07-16,"PICE GLA","t1",88.92,2004,208.457154,0.426562477198552
"926",997886,2004-07-16,"PICE MAR","t1",111.085032,2004,208.457154,0.532891435330639
"927",997891,2004-07-16,"POPU TRE","t1",14.4538,2004,14.4538,1
