"","nfi_plot","meas_date","time_step"
"1",812056,2005-08-08,"t1"
"2",812056,2021-07-17,"t2"
"3",839566,2005-08-08,"t1"
"4",839566,2021-07-19,"t2"
"5",846436,2005-08-12,"t1"
"6",846436,2021-07-19,"t2"
"7",846466,2005-08-10,"t1"
"8",846466,2021-07-20,"t2"
"9",853296,2005-08-13,"t1"
"10",853296,2021-07-21,"t2"
"11",853326,2005-08-12,"t1"
"12",853326,2021-07-18,"t2"
"13",853346,2005-08-09,"t1"
"14",853346,2021-07-20,"t2"
"15",860171,2006-07-26,"t1"
"16",860171,2021-07-21,"t2"
"17",867091,2005-08-07,"t1"
"18",867091,2021-07-17,"t2"
"19",873921,2006-07-24,"t1"
"20",873921,2021-07-16,"t2"
"21",873961,2005-08-01,"t1"
"22",873961,2019-08-03,"t2"
"23",874051,2006-07-30,"t1"
"24",874051,2019-08-08,"t2"
"25",880786,2006-07-26,"t1"
"26",880786,2021-07-16,"t2"
"27",880796,2006-07-25,"t1"
"28",880796,2021-07-13,"t2"
"29",880806,2002-08-12,"t1"
"30",880806,2021-07-15,"t2"
"31",880821,2005-08-01,"t1"
"32",880821,2021-07-14,"t2"
"33",880841,2002-08-07,"t1"
"34",880841,2019-08-03,"t2"
"35",880846,2002-08-09,"t1"
"36",880846,2019-08-04,"t2"
"37",880886,2005-08-03,"t1"
"38",880886,2019-08-07,"t2"
"39",887701,2005-08-02,"t1"
"40",887701,2021-07-13,"t2"
"41",887706,2005-07-31,"t1"
"42",887706,2019-08-02,"t2"
"43",887711,2002-08-09,"t1"
"44",887711,2019-08-01,"t2"
"45",887751,2005-08-03,"t1"
"46",887751,2019-08-05,"t2"
"47",887761,2005-08-04,"t1"
"48",887761,2019-08-08,"t2"
"49",894591,2005-07-30,"t1"
"50",894591,2019-07-31,"t2"
"51",901506,2006-07-29,"t1"
"52",901506,2019-08-05,"t2"
"53",901546,2006-07-30,"t1"
"54",901546,2019-08-06,"t2"
"55",901566,2005-08-05,"t1"
"56",901566,2019-08-06,"t2"
"57",908331,2002-08-19,"t1"
"58",908331,2021-07-14,"t2"
"59",908381,2005-07-29,"t1"
"60",908381,2019-08-02,"t2"
"61",915246,2002-08-28,"t1"
"62",915246,2019-07-31,"t2"
"63",915266,2005-08-29,"t1"
"64",915266,2019-08-01,"t2"
"65",915301,2005-08-04,"t1"
"66",915301,2019-08-09,"t2"
"67",922181,2005-08-06,"t1"
"68",922181,2019-08-07,"t2"
"69",929016,2004-08-28,"t1"
"70",929016,2018-08-23,"t2"
"71",929021,2004-08-29,"t1"
"72",929021,2018-08-24,"t2"
"73",929061,2005-08-05,"t1"
"74",929061,2018-08-29,"t2"
"75",929066,2005-08-06,"t1"
"76",929066,2019-08-09,"t2"
"77",935891,2004-08-30,"t1"
"78",935891,2019-07-30,"t2"
"79",942786,2004-09-01,"t1"
"80",942786,2018-08-25,"t2"
"81",949656,2004-09-02,"t1"
"82",949656,2018-08-27,"t2"
"83",963511,2004-07-19,"t1"
"84",963511,2015-08-25,"t2"
"85",970321,2004-08-25,"t1"
"86",970321,2018-08-20,"t2"
"87",970336,2005-07-27,"t1"
"88",970336,2018-08-28,"t2"
"89",977196,2004-08-26,"t1"
"90",977196,2018-08-26,"t2"
"91",977211,2004-09-03,"t1"
"92",977211,2018-08-30,"t2"
"93",977281,2004-07-18,"t1"
"94",977281,2015-08-25,"t2"
"95",984081,2004-08-31,"t1"
"96",984081,2018-08-21,"t2"
"97",997836,2005-07-28,"t1"
"98",997836,2018-08-22,"t2"
"99",997846,2005-07-27,"t1"
"100",997846,2018-08-31,"t2"
"101",997851,2005-07-28,"t1"
"102",997851,2018-08-31,"t2"
"103",997881,2005-07-26,"t1"
"104",997881,2018-08-19,"t2"
"105",997886,2004-07-16,"t1"
"106",997886,2021-07-23,"t2"
"107",997891,2004-07-16,"t1"
"108",997891,2021-07-23,"t2"
"109",1004761,2003-08-27,"t1"
"110",1004761,2016-08-18,"t2"
"111",1011666,2003-08-24,"t1"
"112",1011666,2016-08-23,"t2"
"113",1011681,2003-08-23,"t1"
"114",1011681,2015-08-24,"t2"
"115",1011706,2004-07-18,"t1"
"116",1011706,2015-08-24,"t2"
"117",1018501,2003-08-26,"t1"
"118",1018501,2016-08-17,"t2"
"119",1018511,2004-07-14,"t1"
"120",1018511,2016-08-18,"t2"
"121",1018521,2003-08-29,"t1"
"122",1018521,2016-08-19,"t2"
"123",1018546,2003-08-24,"t1"
"124",1018546,2009-07-27,"t2"
"125",1018566,2003-08-23,"t1"
"126",1018566,2009-07-27,"t2"
"127",1025351,2004-07-13,"t1"
"128",1025351,2018-08-17,"t2"
"129",1025376,2003-08-27,"t1"
"130",1025376,2016-08-19,"t2"
"131",1025421,2003-08-25,"t1"
"132",1025421,2016-08-23,"t2"
"133",1025501,2003-08-19,"t1"
"134",1025501,2009-07-23,"t2"
"135",1032241,2004-07-14,"t1"
"136",1032241,2018-08-18,"t2"
"137",1032316,2004-07-17,"t1"
"138",1032316,2015-08-23,"t2"
"139",1032381,2003-08-19,"t1"
"140",1032381,2015-08-17,"t2"
"141",1039166,2004-07-15,"t1"
"142",1039166,2016-08-21,"t2"
"143",1039171,2003-08-30,"t1"
"144",1039171,2009-07-28,"t2"
"145",1039211,2003-08-26,"t1"
"146",1039211,2009-07-26,"t2"
"147",1046006,2004-07-10,"t1"
"148",1046006,2017-08-13,"t2"
"149",1046031,2004-07-13,"t1"
"150",1046031,2017-08-15,"t2"
"151",1046046,2004-07-15,"t1"
"152",1046046,2009-07-28,"t2"
"153",1046086,2003-08-16,"t1"
"154",1046086,2015-08-22,"t2"
"155",1052881,2004-07-12,"t1"
"156",1052881,2017-08-14,"t2"
"157",1052886,2004-07-11,"t1"
"158",1052886,2017-08-14,"t2"
"159",1052971,2004-07-22,"t1"
"160",1052971,2015-08-15,"t2"
"161",1052991,2003-08-20,"t1"
"162",1052991,2009-07-26,"t2"
"163",1053006,2003-08-16,"t1"
"164",1053006,2015-08-18,"t2"
"165",1053031,2003-08-22,"t1"
"166",1053031,2009-07-24,"t2"
"167",1059821,2003-08-17,"t1"
"168",1059821,2015-08-23,"t2"
"169",1059831,2003-08-17,"t1"
"170",1059831,2015-08-22,"t2"
"171",1059836,2004-07-17,"t1"
"172",1059836,2015-08-21,"t2"
"173",1059906,2003-08-22,"t1"
"174",1059906,2015-08-17,"t2"
"175",1066646,2004-07-08,"t1"
"176",1066646,2017-08-09,"t2"
"177",1066676,2004-07-21,"t1"
"178",1066676,2017-08-16,"t2"
"179",1066691,2004-07-20,"t1"
"180",1066691,2017-08-16,"t2"
"181",1066766,2003-08-21,"t1"
"182",1066766,2015-08-18,"t2"
"183",1073521,2004-07-12,"t1"
"184",1073521,2017-08-13,"t2"
"185",1073566,2004-07-20,"t1"
"186",1073566,2009-07-29,"t2"
"187",1080421,2004-07-09,"t1"
"188",1080421,2017-08-11,"t2"
"189",1080431,2004-07-21,"t1"
"190",1080431,2017-08-11,"t2"
"191",1080471,2003-08-18,"t1"
"192",1080471,2009-07-25,"t2"
"193",1080481,2003-08-20,"t1"
"194",1080481,2009-07-25,"t2"
"195",1087286,2004-07-11,"t1"
"196",1087286,2018-08-15,"t2"
"197",1087331,2004-07-21,"t1"
"198",1087331,2017-08-10,"t2"
"199",1087351,2003-08-18,"t1"
"200",1087351,2015-08-19,"t2"
"201",1087371,2003-08-15,"t1"
"202",1087371,2015-08-21,"t2"
"203",1087376,2003-08-15,"t1"
"204",1087376,2015-08-19,"t2"
"205",1094196,2009-07-29,"t1"
"206",1094196,2021-07-24,"t2"
"207",1100891,2003-06-30,"t1"
"208",1100891,2021-07-18,"t2"
"209",1100951,2005-07-13,"t1"
"210",1100951,2020-08-07,"t2"
"211",1100996,2003-07-19,"t1"
"212",1100996,2020-08-21,"t2"
"213",1101001,2005-07-11,"t1"
"214",1101001,2020-08-15,"t2"
"215",1101011,2003-07-18,"t1"
"216",1101011,2020-07-19,"t2"
"217",1101036,2004-08-16,"t1"
"218",1101036,2020-07-18,"t2"
"219",1101411,2004-07-25,"t1"
"220",1101411,2016-08-30,"t2"
"221",1107841,2003-07-16,"t1"
"222",1107841,2020-08-08,"t2"
"223",1107881,2001-08-19,"t1"
"224",1107881,2020-08-10,"t2"
"225",1107901,2001-07-14,"t1"
"226",1107901,2020-07-20,"t2"
"227",1107906,2004-08-19,"t1"
"228",1107906,2020-07-23,"t2"
"229",1107921,2001-07-16,"t1"
"230",1107921,2020-07-15,"t2"
"231",1108316,2004-07-11,"t1"
"232",1108316,2015-08-09,"t2"
"233",1108326,2004-07-10,"t1"
"234",1108326,2015-08-08,"t2"
"235",1114726,2002-07-28,"t1"
"236",1114726,2020-08-09,"t2"
"237",1114741,2005-07-09,"t1"
"238",1114741,2020-08-17,"t2"
"239",1114761,2005-07-07,"t1"
"240",1114761,2020-08-12,"t2"
"241",1114771,2002-07-11,"t1"
"242",1114771,2020-07-22,"t2"
"243",1114846,2002-07-15,"t1"
"244",1114846,2019-07-15,"t2"
"245",1115226,2004-07-08,"t1"
"246",1115226,2010-06-27,"t2"
"247",1121576,2001-08-21,"t1"
"248",1121576,2021-08-17,"t2"
"249",1121621,2001-08-24,"t1"
"250",1121621,2020-08-19,"t2"
"251",1128496,2002-07-27,"t1"
"252",1128496,2020-08-14,"t2"
"253",1128606,2002-07-09,"t1"
"254",1128606,2019-07-02,"t2"
"255",1128611,2002-07-13,"t1"
"256",1128611,2019-07-04,"t2"
"257",1128906,2004-07-23,"t1"
"258",1128906,2010-07-11,"t2"
"259",1128926,2004-07-11,"t1"
"260",1128926,2010-07-08,"t2"
"261",1128956,2003-07-04,"t1"
"262",1128956,2010-06-25,"t2"
"263",1128976,2004-07-08,"t1"
"264",1128976,2010-06-26,"t2"
"265",1135306,2003-07-23,"t1"
"266",1135306,2021-07-20,"t2"
"267",1135321,2003-07-25,"t1"
"268",1135321,2021-07-19,"t2"
"269",1135396,2002-07-31,"t1"
"270",1135396,2020-08-13,"t2"
"271",1135431,2000-08-26,"t1"
"272",1135431,2020-07-04,"t2"
"273",1135451,2004-08-27,"t1"
"274",1135451,2019-06-26,"t2"
"275",1135456,2004-08-11,"t1"
"276",1135456,2019-07-07,"t2"
"277",1135471,2003-06-16,"t1"
"278",1135471,2019-07-22,"t2"
"279",1135821,2003-07-06,"t1"
"280",1135821,2016-08-27,"t2"
"281",1135826,2003-07-01,"t1"
"282",1135826,2010-06-23,"t2"
"283",1135876,2003-08-16,"t1"
"284",1135876,2017-06-08,"t2"
"285",1142211,2003-06-24,"t1"
"286",1142211,2021-08-16,"t2"
"287",1142241,2003-06-25,"t1"
"288",1142241,2021-07-14,"t2"
"289",1142316,2003-07-30,"t1"
"290",1142316,2020-07-06,"t2"
"291",1142331,2004-08-14,"t1"
"292",1142331,2019-07-06,"t2"
"293",1142341,2004-08-20,"t1"
"294",1142341,2019-07-23,"t2"
"295",1142656,2004-07-22,"t1"
"296",1142656,2010-07-10,"t2"
"297",1149076,2001-08-23,"t1"
"298",1149076,2021-07-22,"t2"
"299",1149111,2003-07-26,"t1"
"300",1149111,2021-08-18,"t2"
"301",1149116,2002-07-23,"t1"
"302",1149116,2021-07-16,"t2"
"303",1149246,2001-07-19,"t1"
"304",1149246,2019-07-11,"t2"
"305",1149546,2004-07-22,"t1"
"306",1149546,2015-08-19,"t2"
"307",1149556,2004-07-24,"t1"
"308",1149556,2015-08-20,"t2"
"309",1149626,2004-07-09,"t1"
"310",1149626,2017-06-20,"t2"
"311",1149636,2003-07-18,"t1"
"312",1149636,2017-06-09,"t2"
"313",1156121,2003-06-18,"t1"
"314",1156121,2019-07-12,"t2"
"315",1156291,2004-07-19,"t1"
"316",1156291,2016-09-07,"t2"
"317",1156421,2004-06-23,"t1"
"318",1156421,2015-06-25,"t2"
"319",1156461,2003-08-18,"t1"
"320",1156461,2016-08-26,"t2"
"321",1156501,2003-07-01,"t1"
"322",1156501,2017-06-12,"t2"
"323",1162966,2004-08-24,"t1"
"324",1162966,2020-07-07,"t2"
"325",1162986,2001-07-21,"t1"
"326",1162986,2019-07-09,"t2"
"327",1163006,2001-07-19,"t1"
"328",1163006,2019-07-17,"t2"
"329",1169811,2003-07-24,"t1"
"330",1169811,2018-07-17,"t2"
"331",1170181,2004-07-21,"t1"
"332",1170181,2016-08-15,"t2"
"333",1170231,2003-08-17,"t1"
"334",1170231,2017-07-05,"t2"
"335",1170251,2003-08-12,"t1"
"336",1170251,2017-07-06,"t2"
"337",1176611,2002-08-01,"t1"
"338",1176611,2021-08-07,"t2"
"339",1176651,2001-08-18,"t1"
"340",1176651,2021-08-04,"t2"
"341",1176656,2003-06-27,"t1"
"342",1176656,2021-07-31,"t2"
"343",1176756,2003-06-20,"t1"
"344",1176756,2019-07-14,"t2"
"345",1177066,2004-06-22,"t1"
"346",1177066,2016-08-14,"t2"
"347",1177071,2004-06-22,"t1"
"348",1177071,2015-08-22,"t2"
"349",1177121,2003-08-14,"t1"
"350",1177121,2012-08-22,"t2"
"351",1177126,2003-08-15,"t1"
"352",1177126,2017-07-07,"t2"
"353",1183516,2005-07-18,"t1"
"354",1183516,2021-07-29,"t2"
"355",1183601,2003-06-21,"t1"
"356",1183601,2019-07-20,"t2"
"357",1183821,2004-07-20,"t1"
"358",1183821,2014-08-12,"t2"
"359",1183951,2003-08-30,"t1"
"360",1183951,2016-08-16,"t2"
"361",1183991,2003-08-13,"t1"
"362",1183991,2017-06-13,"t2"
"363",1190376,2002-07-24,"t1"
"364",1190376,2021-08-02,"t2"
"365",1190456,2003-07-25,"t1"
"366",1190456,2018-07-14,"t2"
"367",1190916,2004-06-12,"t1"
"368",1190916,2017-07-10,"t2"
"369",1197411,2001-07-24,"t1"
"370",1197411,2019-09-08,"t2"
"371",1197741,2003-06-17,"t1"
"372",1197741,2016-08-24,"t2"
"373",1197751,2003-06-23,"t1"
"374",1197751,2016-08-12,"t2"
"375",1197761,2003-08-17,"t1"
"376",1197761,2017-07-09,"t2"
"377",1197766,2003-07-15,"t1"
"378",1197766,2012-07-06,"t2"
"379",1204261,2003-06-26,"t1"
"380",1204261,2019-07-26,"t2"
"381",1204271,2002-07-21,"t1"
"382",1204271,2019-07-27,"t2"
"383",1204281,2001-07-25,"t1"
"384",1204281,2019-07-23,"t2"
"385",1204606,2003-08-26,"t1"
"386",1204606,2016-08-11,"t2"
"387",1211016,2002-07-25,"t1"
"388",1211016,2021-08-16,"t2"
"389",1211056,2005-07-17,"t1"
"390",1211056,2018-07-12,"t2"
"391",1211116,2005-06-18,"t1"
"392",1211116,2018-07-15,"t2"
"393",1211411,2004-08-10,"t1"
"394",1211411,2009-08-29,"t2"
"395",1211411,2019-08-26,"t3"
"396",1211511,2004-06-13,"t1"
"397",1211511,2016-08-09,"t2"
"398",1211561,2004-06-12,"t1"
"399",1211561,2017-07-11,"t2"
"400",1217986,2003-07-27,"t1"
"401",1217986,2018-07-21,"t2"
"402",1217991,2003-06-23,"t1"
"403",1217991,2018-07-18,"t2"
"404",1217996,2002-08-18,"t1"
"405",1217996,2018-07-11,"t2"
"406",1218376,2003-08-28,"t1"
"407",1218376,2016-08-10,"t2"
"408",1224876,2005-06-19,"t1"
"409",1224876,2018-07-13,"t2"
"410",1224886,2002-07-06,"t1"
"411",1224886,2019-07-28,"t2"
"412",1224896,2002-08-08,"t1"
"413",1224896,2019-07-29,"t2"
"414",1224916,2003-06-24,"t1"
"415",1224916,2019-07-22,"t2"
"416",1225141,2004-07-27,"t1"
"417",1225141,2011-07-14,"t2"
"418",1225151,2003-09-14,"t1"
"419",1225151,2014-08-10,"t2"
"420",1225161,2003-09-13,"t1"
"421",1225161,2009-08-29,"t2"
"422",1225161,2019-08-28,"t3"
"423",1225181,2003-09-15,"t1"
"424",1225181,2012-08-11,"t2"
"425",1225201,2003-09-26,"t1"
"426",1225201,2009-08-30,"t2"
"427",1225201,2019-08-27,"t3"
"428",1231676,2001-08-26,"t1"
"429",1231676,2021-07-26,"t2"
"430",1231761,2000-08-01,"t1"
"431",1231761,2018-07-20,"t2"
"432",1231781,2002-07-18,"t1"
"433",1231781,2019-07-24,"t2"
"434",1238556,2003-07-03,"t1"
"435",1238556,2021-08-10,"t2"
"436",1238891,2004-07-27,"t1"
"437",1238891,2012-08-07,"t2"
"438",1238901,2004-07-28,"t1"
"439",1238901,2014-08-11,"t2"
"440",1238911,2006-09-09,"t1"
"441",1238911,2011-07-15,"t2"
"442",1238921,2004-09-08,"t1"
"443",1238921,2016-09-06,"t2"
"444",1238931,2006-09-08,"t1"
"445",1238931,2012-08-10,"t2"
"446",1238941,2003-09-27,"t1"
"447",1238941,2013-09-02,"t2"
"448",1238951,2004-09-11,"t1"
"449",1238951,2009-08-26,"t2"
"450",1238951,2018-07-26,"t3"
"451",1239011,2003-08-30,"t1"
"452",1239011,2013-09-05,"t2"
"453",1245451,2002-08-03,"t1"
"454",1245451,2021-08-12,"t2"
"455",1245481,2002-08-16,"t1"
"456",1245481,2017-07-24,"t2"
"457",1245546,2000-07-30,"t1"
"458",1245546,2019-09-10,"t2"
"459",1245561,2005-06-13,"t1"
"460",1245561,2019-09-05,"t2"
"461",1245881,2003-08-29,"t1"
"462",1245881,2012-08-28,"t2"
"463",1252421,2005-06-26,"t1"
"464",1252421,2019-09-09,"t2"
"465",1252651,2004-07-17,"t1"
"466",1252651,2014-08-08,"t2"
"467",1252671,2004-07-18,"t1"
"468",1252671,2014-08-09,"t2"
"469",1252691,2003-08-29,"t1"
"470",1252691,2015-08-31,"t2"
"471",1252701,2003-09-12,"t1"
"472",1252701,2009-08-27,"t2"
"473",1252701,2018-07-25,"t3"
"474",1252711,2003-09-25,"t1"
"475",1252711,2013-09-01,"t2"
"476",1252721,2003-09-24,"t1"
"477",1252721,2009-08-30,"t2"
"478",1252761,2004-09-26,"t1"
"479",1252761,2017-10-07,"t2"
"480",1252776,2003-08-26,"t1"
"481",1252776,2018-08-22,"t2"
"482",1259261,2002-08-21,"t1"
"483",1259261,2018-07-04,"t2"
"484",1259296,2001-06-17,"t1"
"485",1259296,2018-07-09,"t2"
"486",1259336,2001-07-30,"t1"
"487",1259336,2019-09-07,"t2"
"488",1259646,2003-08-27,"t1"
"489",1259646,2013-09-04,"t2"
"490",1259661,2003-08-27,"t1"
"491",1259661,2008-08-19,"t2"
"492",1259661,2018-08-23,"t3"
"493",1259711,2003-07-19,"t1"
"494",1259711,2009-07-08,"t2"
"495",1259711,2019-09-24,"t3"
"496",1259731,2003-07-02,"t1"
"497",1259731,2009-07-06,"t2"
"498",1259731,2019-06-24,"t3"
"499",1259736,2003-08-26,"t1"
"500",1259736,2013-08-20,"t2"
"501",1266391,2004-07-30,"t1"
"502",1266391,2012-08-06,"t2"
"503",1266411,2004-07-29,"t1"
"504",1266411,2012-08-05,"t2"
"505",1266441,2006-09-09,"t1"
"506",1266441,2016-09-04,"t2"
"507",1266451,2006-09-10,"t1"
"508",1266451,2015-09-01,"t2"
"509",1266461,2006-09-20,"t1"
"510",1266461,2015-08-30,"t2"
"511",1266471,2004-09-15,"t1"
"512",1266471,2009-08-28,"t2"
"513",1266471,2018-07-23,"t3"
"514",1266481,2003-09-08,"t1"
"515",1266481,2013-08-31,"t2"
"516",1266491,2003-08-23,"t1"
"517",1266491,2009-08-31,"t2"
"518",1266491,2019-08-25,"t3"
"519",1266511,2004-09-24,"t1"
"520",1266511,2017-10-05,"t2"
"521",1266546,2003-07-29,"t1"
"522",1266546,2008-08-09,"t2"
"523",1266546,2018-08-21,"t3"
"524",1273001,2002-07-09,"t1"
"525",1273001,2017-08-18,"t2"
"526",1273031,2003-08-28,"t1"
"527",1273031,2018-07-08,"t2"
"528",1273421,2003-06-09,"t1"
"529",1273421,2018-07-31,"t2"
"530",1273451,2003-08-12,"t1"
"531",1273451,2009-08-09,"t2"
"532",1279861,2004-06-28,"t1"
"533",1279861,2017-07-22,"t2"
"534",1279876,2003-08-18,"t1"
"535",1279876,2017-07-12,"t2"
"536",1279966,2003-07-15,"t1"
"537",1279966,2018-07-06,"t2"
"538",1280161,2004-09-29,"t1"
"539",1280161,2012-08-08,"t2"
"540",1280171,2004-07-30,"t1"
"541",1280171,2014-08-07,"t2"
"542",1280181,2004-07-20,"t1"
"543",1280181,2011-07-12,"t2"
"544",1280191,2004-07-29,"t1"
"545",1280191,2016-09-05,"t2"
"546",1280201,2004-07-21,"t1"
"547",1280201,2011-07-13,"t2"
"548",1280211,2006-09-10,"t1"
"549",1280211,2015-09-02,"t2"
"550",1280241,2004-09-28,"t1"
"551",1280241,2009-08-31,"t2"
"552",1280241,2019-08-24,"t3"
"553",1280271,2004-09-25,"t1"
"554",1280271,2013-08-30,"t2"
"555",1280296,2003-07-29,"t1"
"556",1280296,2008-08-08,"t2"
"557",1280296,2018-09-10,"t3"
"558",1280371,2003-07-21,"t1"
"559",1280371,2014-07-22,"t2"
"560",1286741,2003-07-22,"t1"
"561",1286741,2017-07-20,"t2"
"562",1286771,2001-06-21,"t1"
"563",1286771,2014-07-22,"t2"
"564",1286856,2003-06-29,"t1"
"565",1286856,2019-09-06,"t2"
"566",1287181,2003-06-06,"t1"
"567",1287181,2008-06-06,"t2"
"568",1287251,2003-07-15,"t1"
"569",1287251,2009-07-11,"t2"
"570",1287251,2019-06-26,"t3"
"571",1287256,2003-08-31,"t1"
"572",1287256,2014-08-20,"t2"
"573",1287286,2003-07-04,"t1"
"574",1287286,2013-07-06,"t2"
"575",1293686,2002-08-20,"t1"
"576",1293686,2018-07-24,"t2"
"577",1293691,2002-08-19,"t1"
"578",1293691,2014-08-29,"t2"
"579",1293696,2001-06-18,"t1"
"580",1293696,2014-08-28,"t2"
"581",1293921,2006-09-18,"t1"
"582",1293921,2014-08-06,"t2"
"583",1293931,2004-07-19,"t1"
"584",1293931,2012-08-04,"t2"
"585",1294021,2003-09-04,"t1"
"586",1294021,2013-08-28,"t2"
"587",1294041,2004-09-26,"t1"
"588",1294041,2013-08-29,"t2"
"589",1294051,2004-09-25,"t1"
"590",1294051,2017-10-04,"t2"
"591",1294076,2003-07-29,"t1"
"592",1294076,2008-08-06,"t2"
"593",1294076,2018-08-25,"t3"
"594",1294121,2004-06-08,"t1"
"595",1294121,2014-06-10,"t2"
"596",1294166,2004-08-10,"t1"
"597",1294166,2009-08-07,"t2"
"598",1294166,2019-06-19,"t3"
"599",1300521,2002-07-04,"t1"
"600",1300521,2017-07-08,"t2"
"601",1300581,2001-06-13,"t1"
"602",1300581,2014-08-24,"t2"
"603",1300611,2001-07-29,"t1"
"604",1300611,2019-07-31,"t2"
"605",1307371,2003-07-25,"t1"
"606",1307371,2017-08-16,"t2"
"607",1307391,2002-07-01,"t1"
"608",1307391,2017-08-19,"t2"
"609",1307401,2001-08-28,"t1"
"610",1307401,2017-07-10,"t2"
"611",1307441,2004-06-26,"t1"
"612",1307441,2014-07-26,"t2"
"613",1307451,2001-06-15,"t1"
"614",1307451,2014-08-26,"t2"
"615",1307731,2003-09-30,"t1"
"616",1307731,2015-08-28,"t2"
"617",1307826,2003-06-04,"t1"
"618",1307826,2008-06-10,"t2"
"619",1307826,2018-08-02,"t3"
"620",1307926,2003-08-30,"t1"
"621",1307926,2009-08-19,"t2"
"622",1307926,2019-09-19,"t3"
"623",1314251,2003-07-23,"t1"
"624",1314251,2017-07-27,"t2"
"625",1314291,2002-06-27,"t1"
"626",1314291,2017-08-20,"t2"
"627",1314311,2002-08-12,"t1"
"628",1314311,2014-07-21,"t2"
"629",1314351,2002-08-14,"t1"
"630",1314351,2014-08-18,"t2"
"631",1314376,2002-08-16,"t1"
"632",1314376,2014-08-23,"t2"
"633",1314711,2003-06-07,"t1"
"634",1314711,2018-08-24,"t2"
"635",1314811,2003-06-05,"t1"
"636",1314811,2009-06-03,"t2"
"637",1314811,2019-06-22,"t3"
"638",1321206,2004-08-24,"t1"
"639",1321206,2014-07-27,"t2"
"640",1321236,2003-07-14,"t1"
"641",1321236,2014-08-18,"t2"
"642",1321581,2003-09-05,"t1"
"643",1321581,2013-08-26,"t2"
"644",1321586,2003-06-03,"t1"
"645",1321586,2008-06-23,"t2"
"646",1321586,2018-08-02,"t3"
"647",1321686,2003-06-03,"t1"
"648",1321686,2009-06-01,"t2"
"649",1321686,2019-06-20,"t3"
"650",1327976,2004-07-02,"t1"
"651",1327976,2017-08-14,"t2"
"652",1328066,2001-06-24,"t1"
"653",1328066,2014-08-12,"t2"
"654",1328086,2002-08-13,"t1"
"655",1328086,2014-07-19,"t2"
"656",1328496,2003-08-06,"t1"
"657",1328581,2004-08-09,"t1"
"658",1328581,2009-08-04,"t2"
"659",1328581,2019-09-18,"t3"
"660",1328586,2003-06-22,"t1"
"661",1328586,2014-06-19,"t2"
"662",1334886,2003-09-09,"t1"
"663",1334886,2017-08-09,"t2"
"664",1334961,2003-06-16,"t1"
"665",1334961,2014-07-20,"t2"
"666",1334976,2003-07-26,"t1"
"667",1334976,2014-07-18,"t2"
"668",1334986,2003-07-22,"t1"
"669",1334986,2014-08-09,"t2"
"670",1335001,2003-07-21,"t1"
"671",1335001,2014-08-17,"t2"
"672",1335381,2003-07-31,"t1"
"673",1335381,2013-08-07,"t2"
"674",1341751,2003-07-28,"t1"
"675",1341751,2017-08-11,"t2"
"676",1341776,2003-07-27,"t1"
"677",1341776,2017-08-10,"t2"
"678",1342331,2003-06-07,"t1"
"679",1342331,2009-06-04,"t2"
"680",1342331,2019-09-16,"t3"
"681",1342351,2004-08-09,"t1"
"682",1342351,2009-08-05,"t2"
"683",1342351,2019-09-17,"t3"
"684",1348646,2003-07-26,"t1"
"685",1348646,2017-08-08,"t2"
"686",1348666,2005-06-27,"t1"
"687",1348666,2017-07-19,"t2"
"688",1348741,2003-07-18,"t1"
"689",1348741,2014-08-15,"t2"
"690",1348746,2003-06-24,"t1"
"691",1348746,2009-08-04,"t2"
"692",1348746,2014-07-16,"t3"
"693",1348756,2009-08-05,"t1"
"694",1348756,2014-08-30,"t2"
"695",1349216,2003-06-05,"t1"
"696",1349216,2009-06-05,"t2"
"697",1355561,2002-06-29,"t1"
"698",1355561,2017-07-18,"t2"
"699",1355591,2003-06-17,"t1"
"700",1355591,2014-07-28,"t2"
"701",1355646,2003-07-08,"t1"
"702",1355646,2013-09-15,"t2"
"703",1355666,2003-07-16,"t1"
"704",1355666,2016-07-22,"t2"
"705",1356096,2003-07-07,"t1"
"706",1356096,2014-07-08,"t2"
"707",1356106,2003-06-16,"t1"
"708",1356106,2014-06-17,"t2"
"709",1362461,2002-08-11,"t1"
"710",1362461,2014-07-29,"t2"
"711",1362476,2004-07-29,"t1"
"712",1362476,2013-08-28,"t2"
"713",1362486,2003-07-07,"t1"
"714",1362486,2013-08-30,"t2"
"715",1369366,2003-07-03,"t1"
"716",1369366,2013-08-27,"t2"
"717",1369371,2002-07-16,"t1"
"718",1369371,2009-08-06,"t2"
"719",1369371,2013-08-28,"t3"
"720",1369386,2002-07-18,"t1"
"721",1369386,2013-08-22,"t2"
"722",1369431,2002-07-15,"t1"
"723",1369431,2016-07-23,"t2"
"724",1376271,2002-07-17,"t1"
"725",1376271,2013-08-31,"t2"
"726",1376296,2002-07-12,"t1"
"727",1376296,2013-08-23,"t2"
"728",1376306,2004-07-01,"t1"
"729",1376306,2014-09-09,"t2"
"730",1383116,2004-06-20,"t1"
"731",1383116,2013-08-07,"t2"
"732",1383146,2003-07-05,"t1"
"733",1383146,2013-09-14,"t2"
"734",1383151,2003-07-01,"t1"
"735",1383151,2009-08-07,"t2"
"736",1383151,2013-07-25,"t3"
"737",1396871,2003-06-26,"t1"
"738",1396871,2013-08-09,"t2"
"739",1396896,2003-07-07,"t1"
"740",1396896,2013-09-12,"t2"
"741",1396931,2001-10-04,"t1"
"742",1396931,2009-08-19,"t2"
"743",1396931,2013-07-23,"t3"
"744",1396936,2003-07-24,"t1"
"745",1396936,2013-07-19,"t2"
"746",1403851,2000-08-20,"t1"
"747",1403851,2016-07-24,"t2"
"748",1403871,2003-07-20,"t1"
"749",1403871,2016-07-20,"t2"
"750",1410631,2003-07-08,"t1"
"751",1410631,2013-08-10,"t2"
"752",1410686,2003-07-02,"t1"
"753",1410686,2013-07-21,"t2"
"754",1410696,2002-06-18,"t1"
"755",1410696,2013-07-17,"t2"
"756",1410756,2000-08-16,"t1"
"757",1410756,2016-07-19,"t2"
"758",1417516,2004-06-21,"t1"
"759",1417516,2013-08-12,"t2"
"760",1417521,2004-06-24,"t1"
"761",1417521,2013-08-13,"t2"
"762",1417526,2003-08-27,"t1"
"763",1417526,2013-08-24,"t2"
"764",1417536,2004-06-14,"t1"
"765",1417536,2013-08-17,"t2"
"766",1417566,2002-07-11,"t1"
"767",1417566,2009-08-20,"t2"
"768",1417566,2013-07-07,"t3"
"769",1417576,2004-06-18,"t1"
"770",1417576,2009-08-21,"t2"
"771",1417576,2013-07-09,"t3"
"772",1424411,2000-08-30,"t1"
"773",1424411,2013-08-15,"t2"
"774",1424421,2003-06-30,"t1"
"775",1424421,2013-09-13,"t2"
"776",1424471,2002-06-23,"t1"
"777",1424471,2014-07-09,"t2"
"778",1431326,2001-05-24,"t1"
"779",1431326,2009-08-18,"t2"
"780",1431326,2013-06-23,"t3"
"781",1431371,2002-07-06,"t1"
"782",1431371,2015-07-31,"t2"
"783",1438251,2003-07-18,"t1"
"784",1438251,2015-08-02,"t2"
"785",1445086,2003-07-22,"t1"
"786",1445086,2014-07-02,"t2"
"787",1445106,2003-07-21,"t1"
"788",1445106,2009-08-17,"t2"
"789",1445106,2014-07-03,"t3"
"790",1445171,2003-08-20,"t1"
"791",1445171,2016-07-18,"t2"
"792",1452016,2004-07-26,"t1"
"793",1452016,2015-08-04,"t2"
"794",1458736,2002-06-29,"t1"
"795",1458736,2009-08-26,"t2"
"796",1458736,2016-07-01,"t3"
"797",1458861,2000-07-24,"t1"
"798",1458861,2014-06-26,"t2"
"799",1458951,2001-05-26,"t1"
"800",1458951,2016-07-12,"t2"
"801",1465761,2002-06-20,"t1"
"802",1465761,2015-08-05,"t2"
"803",1465781,2003-07-16,"t1"
"804",1465781,2015-07-14,"t2"
"805",1465841,2001-05-28,"t1"
"806",1465841,2016-07-03,"t2"
"807",1472691,2001-05-30,"t1"
"808",1472691,2016-07-09,"t2"
"809",1472701,2000-09-11,"t1"
"810",1472701,2016-07-07,"t2"
"811",1479401,2001-06-06,"t1"
"812",1479401,2009-08-25,"t2"
"813",1479401,2016-06-27,"t3"
"814",1479406,2002-07-06,"t1"
"815",1479406,2016-06-29,"t2"
"816",1479566,2004-07-28,"t1"
"817",1479566,2015-07-22,"t2"
"818",1479586,2002-07-09,"t1"
"819",1479586,2016-06-30,"t2"
"820",1486291,2002-07-16,"t1"
"821",1486291,2016-08-12,"t2"
"822",1486426,2003-08-21,"t1"
"823",1486426,2015-07-15,"t2"
"824",1486451,2000-09-08,"t1"
"825",1486451,2016-07-11,"t2"
"826",1486476,2000-09-12,"t1"
"827",1486476,2016-07-01,"t2"
"828",1493241,2001-10-01,"t1"
"829",1493241,2009-08-28,"t2"
"830",1493241,2016-08-07,"t3"
"831",1493316,2003-06-20,"t1"
"832",1493316,2015-07-19,"t2"
"833",1493381,2004-07-30,"t1"
"834",1493381,2016-07-05,"t2"
"835",1500046,2003-07-09,"t1"
"836",1500046,2016-08-05,"t2"
"837",1500051,2005-07-03,"t1"
"838",1500051,2016-08-11,"t2"
"839",1500066,2002-07-17,"t1"
"840",1500066,2016-08-04,"t2"
"841",1500201,2002-07-12,"t1"
"842",1500201,2015-07-20,"t2"
"843",1500241,2004-07-29,"t1"
"844",1500241,2016-07-06,"t2"
"845",1506946,2000-08-24,"t1"
"846",1506946,2016-06-22,"t2"
"847",1506996,2005-05-10,"t1"
"848",1506996,2016-08-09,"t2"
"849",1507026,2001-08-23,"t1"
"850",1507026,2013-09-05,"t2"
"851",1507036,2003-07-15,"t1"
"852",1507036,2013-09-10,"t2"
"853",1507051,2002-07-04,"t1"
"854",1507051,2015-08-08,"t2"
"855",1507066,2003-06-03,"t1"
"856",1507066,2015-08-09,"t2"
"857",1507071,2003-06-27,"t1"
"858",1507071,2015-07-24,"t2"
"859",1513916,2002-07-03,"t1"
"860",1513916,2015-08-13,"t2"
"861",1520716,2001-10-30,"t1"
"862",1520716,2016-06-20,"t2"
"863",1534491,2000-06-22,"t1"
"864",1534491,2009-08-24,"t2"
"865",1534491,2016-06-21,"t3"
